종목코드,ISIN,DART고유번호,표준기업명,이전사명_별칭,시장구분,상장일,Primary_BM코드,Primary_BM명,BM세부분류,Secondary_BM코드,Peer그룹,신약개발_비교군,거래상태_플래그,투자유의_메모,앱화면_우선노출문구,파이프라인요약_원본1,임상단계및개발현황_원본1,생명공학기술분류코드_원본1,홈페이지
311690,KR7311690002,1071041,CJ 바이오사이언스,CJ바이오사이언스,코스닥,2019-12-26,BM-01,R&D 중심 바이오텍,,BM-05,신약개발(R&D·플랫폼),Y,특이사항 없음(확인 범위 내),,,"마이크로바이옴 분석 서비스, 생명정보 데이터·플랫폼, 맞춤형 건강기능식품 개발·평가 플랫폼, 프로바이오틱스 연구개발, 디지털 건강관리 및 헬스케어 솔루션 등 바이오데이터 기반 서비스를 구축하고 있습니다.","마이크로바이옴 분석서비스 및 건강기능식품은 국내외 임상연구 및 데이터 인프라 확대, 건강기능식품 기능성·안전성 임상, 프로바이오틱 신제품 개발, 디지털·AI연동 마이크로바이옴 플랫폼 강화, 글로벌 시장 진출, 데이터 기반 서비스 고도화에 중점 투자 중입니다.","H304 프로바이오틱 개발 및 이용기술, 3010 건강기능식품, 8000 기타 바이오서비스 등이 적용됩니다.",
028300,KR7028300002,199252,HLB,,코스닥,1996-07-27,BM-01,R&D 중심 바이오텍,,BM-02,신약개발(R&D·플랫폼),Y,특이사항 없음(확인 범위 내),,,"표적항암제 리보세라닙을 비롯, 고형암, 고형종양, 자가면역, 희귀질환 등 다양한 신약 파이프라인을 보유, 신약·파이프라인 라이선싱·글로벌 임상·기술수출에도 적극적입니다.","대표 항암제(리보세라닙)는 다수 적응증 글로벌 임상 2상/3상 완료, 승인 및 허가 준비 중, 다양한 신약파이프라인 국내외 임상 진행 및 전략적 기술수출·라이선싱 성과, 신사업(희귀질환 신약 등) 임상도 덧붙이고 있습니다. 글로벌 임상, 특허취득, 신제형·복합제 개발, 해외시장 진출에 한발 앞서고 있습니다.","F103 기타 생산기술, 1000 기타 바이오의약품 등이 적용됩니다.",
115450,KR7115450009,552859,HLB테라퓨틱스,,코스닥,2010-03-26,BM-01,R&D 중심 바이오텍,,,신약개발(R&D·플랫폼),Y,특이사항 없음(확인 범위 내),,,,,,
217730,KR7217730001,1025644,강스템바이오텍,,코스닥,2015-12-21,BM-01,R&D 중심 바이오텍,,,신약개발(R&D·플랫폼),Y,특이사항 없음(확인 범위 내),,,줄기세포치료제를 중심으로 다양한 질환 치료제 연구·개발에 주력하고 있습니다.,"줄기세포치료제 상용화 및 임상 연구를 진행 중이며, 만능줄기세포와 동물세포배양 기술의 적용, 관련 특허 및 인증 절차에 적극 나서고 있습니다.","D101 만능줄기세포 활용기술, G201 동물 세포배양공학기술 등이 적용되고 있습니다.",
348150,KR7348150004,1399071,고바이오랩,,코스닥,2020-11-18,BM-01,R&D 중심 바이오텍,09-B 마이크로바이옴·프로바이오틱스,BM-09,신약개발(R&D·플랫폼),Y,특이사항 없음(확인 범위 내),,,"마이크로바이옴 기반 신약(염증성 장질환, 과민성 대장증후군, 아토피피부염 등), 건강기능식품, 피부·장내미생물 소재 제품, 자가면역 질환·면역 항암·자폐스펙트럼 치료 등 메디컬 및 헬스케어 다각적 파이프라인을 보유하고 있습니다.","마이크로바이옴 신약 및 기능식품(synbiotic, skin/IBD 등) 국내외 임상 및 실사용, 주요 건강기능식품 매출 확대, 염증성 장질환·아토피·대사질환 등 파이프라인 임상 진행, 글로벌 시장에서 특허/IP·제휴, 신제품과 메디칼 소재 라인업 지속 확장에 집중하고 있습니다.","H304 프로바이오틱 개발 및 이용기술, 3010 건강기능식품 등이 적용됩니다.",
950220,KR8840140006,1511558,네오이뮨텍,,코스닥,2021-03-16,BM-01,R&D 중심 바이오텍,,,신약개발(R&D·플랫폼),Y,특이사항 없음(확인 범위 내),,,"면역항암제 NT-I7(IL-7 기반 면역세포 증식·활성화제), T세포 활성화제 및 다양한 면역항암제와 면역세포 치료제 신약 파이프라인을 다각화하여 연구개발 중에 있습니다.","NT-I7 등 주요 면역항암제는 글로벌 임상 1/2/3상 진행, FDA 혁신의약품 지정 신약 경험, 병렬 사업개발(단독·병용 임상), T/NK세포 타깃 퍼스트인클래스 신약 임상데이터, 국내외 협업 및 기술이전, 신제품 파이프라인 지속 확장에 역점을 둡니다.","B301 항체공학기술, M303 표적지향 면역요법기술, 1050 치료용 항체 및 사이토카인제제 등이 적용됩니다.",
229500,KR7229500004,1065785,노브메타파마,,코넥스,2015-10-28,BM-01,R&D 중심 바이오텍,,BM-09,신약개발(R&D·플랫폼),Y,특이사항 없음(확인 범위 내),,,"대사질환 치료 신약(항비만제, 만성질환), 건강기능식품(고혈압·혈당조절 등), 맞춤형 건강소재 등 다양한 치료제 및 식품소재 제품군을 보유 및 확장하고 있습니다.","대사질환 치료제 임상 1/2상, 건강기능식품 임상·인증, 맞춤형 기능소재 개발·신제품 상용화, 국내외 시장 출시 및 해외사업 확장(GMP 등), 제품파이프라인 다각화와 글로벌 원천소재 공급 확대에 중점을 두고 있습니다.","F103 기타 생산기술, 1000 기타 바이오의약품, 3010 건강기능식품, H602 기능성 식품소재 생산기술 등이 적용됩니다.",
235980,KR7235980000,1336373,메드팩토,,코스닥,2019-12-19,BM-01,R&D 중심 바이오텍,,,신약개발(R&D·플랫폼),Y,특이사항 없음(확인 범위 내),,,"BTD-100 등 표적항암 신약, 각종 혁신 항암 신약후보물질 등 다양한 암종·질환 대응 신약 파이프라인을 구축해 임상시험 및 신약개발을 진행하고 있습니다.","BTD-100 등 주요 표적항암신약 임상1/2상, 다양한 암종 대상 신약 후보글로벌 임상 진입, 임상데이터 및 효능 입증, FDA·유럽 등 국제 인허가 추진, 신제품·신적응증 파이프라인 지속 확대, 기술이전 및 글로벌 제약사 파트너십 강화에 주력하고 있습니다.","F103 기타 생산기술, 1000 기타 바이오의약품 등이 적용됩니다.",
078160,KR7078160009,453929,메디포스트,,코스닥,2005-07-29,BM-01,R&D 중심 바이오텍,,BM-02,신약개발(R&D·플랫폼),Y,특이사항 없음(확인 범위 내),,,"제대혈은행 ‘셀트리’, 줄기세포치료제(연골·폐질환·뇌질환 등), 임상·상용화된 국내 최초 줄기세포 치료제(카티스템 등), 줄기세포 분화·배양 플랫폼, 바이오 신소재 응용 파이프라인 등이 주력입니다.","국내 최초 줄기세포치료제 허가·출시 경험, 연골·폐·뇌 등 다양한 질환 임상1/2/3상, 제대혈 가공서비스 상용화, 국내외 GMP/GTP 품질인증, 신제품 글로벌 임상 확장, 줄기세포 이용 치료제 및 소재 개발에도 적극적입니다.","D101 만능줄기세포 활용기술, 8050 가공 및 처리·보관 서비스, G201 동물 세포배양공학기술 등이 적용됩니다.",
140410,KR7140410002,808022,메지온,,코스닥,2012-01-20,BM-01,R&D 중심 바이오텍,,BM-02,신약개발(R&D·플랫폼),Y(주의 플래그),투자주의환기종목,KRX 전종목 기본정보(2026-09-24) 소속부: 투자주의환기종목(소속부없음),주의: 투자주의환기종목 (2026-09-24 기준). KRX 전종목 기본정보(2026-09-24) 소속부: 투자주의환기종목(소속부없음),"PDE5 저해제 기반 비뇨기, 혈관 및 희귀 심혈관 신약군. 특히 유데나필(Udenafil)을 기반으로 한 선천성 심장병(폰탄수술환자) 치료제, 발기부전·전립선비대증 치료제 파이프라인","유데나필(폰탄환자 치료제)은 미국, 한국 등에서 대규모 글로벌 임상 3상 완료 및 신약 허가 재신청 중, FDA 희귀약 지정 및 PRV(우선심사권) 확보 전망, 대표적 K-혁신 신약의 글로벌 상용화 직접 추진","F103 기타 생산기술, 1000 기타 바이오의약품 등",
142760,KR7142760008,587925,모아라이프플러스,,코스닥,2016-07-07,BM-01,R&D 중심 바이오텍,,,신약개발(R&D·플랫폼),Y(주의 플래그),관리종목,KRX 전종목 기본정보(2026-09-24) 소속부: 관리종목(소속부없음),주의: 관리종목 (2026-09-24 기준). KRX 전종목 기본정보(2026-09-24) 소속부: 관리종목(소속부없음),"자궁경부상피이형증 치료제, 자궁경부전암 치료백신 등 여성질환 신약 및 백신, 다양한 임상용 혁신 치료·예방 파이프라인을 보유하고 있습니다.","주요 치료제·백신 국내외 임상 진행, 안전성·유효성 검증, 신제품 파이프라인 확장, 글로벌 시장 진출 전략, 공공·의료기관 파트너십, 최신 임상 데이터 축적·기술 업그레이드에 중점을 두고 있습니다.","F103 기타 생산기술, 1030 백신, A409 DNA 백신기술, 1000 기타 바이오의약품 등이 적용됩니다.",
308080,KR7308080001,1335790,바이젠셀,,코스닥,2021-08-25,BM-01,R&D 중심 바이오텍,,BM-04,신약개발(R&D·플랫폼),Y,특이사항 없음(확인 범위 내),,,"자연살해(NK)세포치료제, 수지상세포치료제(면역조절), 차세대 CAR-T 기반 항암치료제 등 다종 면역세포치료 플랫폼 및 자체 개발 신약 파이프라인을 보유하고 있습니다.","다양한 면역세포치료제(항암·조절)는 임상 1/2상 등 활발한 임상 및 전임상 데이터 축적, 난치암 및 면역질환 대상 신제품 개발, GMP·식약처 등 인허가/인증, 국내외 주요 의료기관 협력·임상네트워크, 사업화·글로벌 확장 준비에 주력하고 있습니다.","D101 만능줄기세포 활용기술, 1070 세포기반치료제 등이 적용됩니다.",
323990,KR7323990002,1335851,박셀바이오,,코스닥,2020-09-22,BM-01,R&D 중심 바이오텍,,BM-04,신약개발(R&D·플랫폼),Y,특이사항 없음(확인 범위 내),,,"항암 면역세포치료제, 자연살해(NK)세포, 수지상세포 기반 세포치료제, 차세대 CAR-T 세포치료제 등 다양한 암 및 면역질환 대상 첨단 치료제 파이프라인을 구축하고 있습니다.","주요 항암세포치료제는 국내외 다수 임상시험, 식약처 및 국제 인증, 특허등록, 신제품 임상 확장, 다양한 암종에 대한 치료 효능 데이터 축적, 기술수출 및 글로벌 협업 사업화에도 적극 힘쓰고 있습니다.","D101 만능줄기세포 활용기술, 1070 세포기반치료제 등이 적용됩니다.",
310210,KR7310210000,1327746,보로노이,,코스닥,2022-06-24,BM-01,R&D 중심 바이오텍,,BM-04,신약개발(R&D·플랫폼),Y,특이사항 없음(확인 범위 내),,,"다수의 표적항암제(저분자 신약) 파이프라인, 다양한 암종 및 적응증을 타깃하는 신약·후보물질, 글로벌 제약·바이오 기업과 공동연구 및 기술이전 가능한 혁신 신약 프로젝트들을 구축하고 있습니다.","주요 저분자 표적 항암제 후보물질 및 신약(임상·비임상 파이프라인)은 국내외 임상시험, 글로벌 파트너사 기술이전, 새로운 타깃 암 신약 개발, 글로벌 수출/라이선스아웃, 임상적용 확대, 신약 관련 특허·기술등록에도 집중 및 성과를 내고 있습니다.","F103 기타 생산기술, 1000 기타 바이오의약품 등이 적용됩니다.",
378800,KR7378800007,1387164,샤페론,,코스닥,2022-10-19,BM-01,R&D 중심 바이오텍,,BM-04,신약개발(R&D·플랫폼),Y(주의 플래그),관리종목,KRX 전종목 기본정보(2026-09-24) 소속부: 관리종목(소속부없음),주의: 관리종목 (2026-09-24 기준). KRX 전종목 기본정보(2026-09-24) 소속부: 관리종목(소속부없음),"염증복합체 억제제, 나노바디 항체 치료제, 면역항암제 등 면역질환 및 종양 치료제 중심의 파이프라인을 구축하고 있습니다.","치료용 항체, 사이토카인 기반 신약의 임상개발을 적극적으로 진행하며, 항체공학·표적지향 면역요법 기술의 실용화와 관련 특허·임상 확대를 추진하고 있습니다.","B301 항체공학기술, M303 표적지향 면역요법기술 등이 적용되고 있습니다.",
299660,KR7299660001,1235296,셀리드,,코스닥,2019-02-20,BM-01,R&D 중심 바이오텍,,BM-04,신약개발(R&D·플랫폼),Y,특이사항 없음(확인 범위 내),,,"항암면역치료백신, 감염병 예방백신 등 자체 개발 면역치료 및 예방 백신 라인업과 각종 신규 감염병 대응용 백신 신제품군을 보유하고 있습니다.","항암·감염병용 치료백신 주요제품은 국내외 임상, 품질·효능 인증, 신제품 파이프라인 확대, 글로벌 감염병 백신 연구, 기술고도화 및 공동개발 추진, 신종 감염병 대응력 강화에도 노력을 집중하고 있습니다.","A409 DNA 백신기술, 1030 백신 등이 적용됩니다.",
308430,KR7308430008,1275489,셀비온,,코스닥,2024-10-16,BM-01,R&D 중심 바이오텍,,BM-05,신약개발(R&D·플랫폼),Y,특이사항 없음(확인 범위 내),,,"방사성의약품 치료제·진단제, 진단 조영제, 병원용 바이오 소재, CDMO 전반 사업(GMP 기반) 등을 중심으로 신약 파이프라인을 구축하고 있습니다.","전립선암 치료제 임상 2상 진행 중, 다양한 신약(방사성의약품 및 진단제) 후속 파이프라인 개발, 자체 GMP 생산 설비 및 글로벌 협력 네트워크를 바탕으로 확대 중입니다.","E105 고속 대량 스크리닝, B205 저해물질 스크리닝, A404 치료유전자 개발, 등 임상/진단/치료 융합기술을 적용하고 있습니다.",
215600,KR7215600008,919966,신라젠,,코스닥,2016-12-06,BM-01,R&D 중심 바이오텍,,BM-04,신약개발(R&D·플랫폼),Y,특이사항 없음(확인 범위 내),,,펙사벡(대표 종양 바이러스 항암면역치료 신약) 등 바이러스 기반 항암치료제 및 종양바이러스 치료제 파이프라인을 보유합니다.,"펙사벡은 간암 등 다수 암종 대상으로 글로벌 임상2/3상 진행, 병용요법 임상추진, 신약후보 및 추가 적응증확장, 글로벌 파트너십 및 기술도입/이전 적극화, FDA 및 주요국 허가/제품화 노력, 임상데이터 확보와 신약 개발 역량 강화에 주력하고 있습니다.","A407 종양 바이러스 치료기술, 1000 기타 바이오의약품 등이 적용됩니다.",
261780,KR7261780001,1141599,아리바이오LAB,차백신연구소,코스닥,2021-10-22,BM-01,R&D 중심 바이오텍,,,신약개발(R&D·플랫폼),Y,특이사항 없음(확인 범위 내),,,"대상포진·조류독감 등 감염병 예방 백신, 면역증강 백신 플랫폼, 차세대 DNA 백신 개발 등 다양한 감염병 및 면역질환 예방용 백신 라인업을 구축하고 있습니다.","주요 백신·면역증강제는 전임상~임상시험 진행 중, 다양한 감염병 대상 신제품 개발, 다국적 협력 임상·학술발표, 각종 품질·안전성 인증, 글로벌 진출 및 상업화 확대, 신종 감염병 대응 백신 신속개발과 기술고도화에 집중합니다.","A409 DNA 백신기술, 1030 백신 등이 적용됩니다.",
493280,KR7493280002,1859500,아이엠바이오로직스,,코스닥,2026-03-20,BM-01,R&D 중심 바이오텍,,,신약개발(R&D·플랫폼),Y,특이사항 없음(확인 범위 내),,,"이중항체 기반 자가면역질환 치료제 등 명확한 신약 파이프라인 보유. 개별 후보물질, 제품 허가, 인허가/도입 레퍼런스는 DART와 회사 IR, 식약처 자료 기준으로 2차 구조화가 필요합니다.","신약개발사는 후보물질·적응증·임상단계를, 의료기기/디지털헬스 기업은 제품 인허가·인증·병원 도입 레퍼런스를 별도 추적합니다.",F100 후보물질·플랫폼 기술,http://imbiologics.com
185490,KR7185490000,945457,아이진,,코스닥,2015-11-16,BM-01,R&D 중심 바이오텍,,,신약개발(R&D·플랫폼),Y,특이사항 없음(확인 범위 내),,,"당뇨성망막병증 치료제, 대상포진 백신(이노포스), 코로나19 백신(EG-COVID 등) 비롯 DNA/RNA 기반 치료백신 및 감염병 예방백신 등 다양한 백신/면역 신약 개발 중입니다.","당뇨성망막병증 치료제 등 주요 파이프라인 임상 2/3상, 대상포진·코로나19 등 DNA/mRNA 신제품 글로벌 임상 및 생산기지 구축, 국가/글로벌 백신 사업 참여, 맞춤형 면역치료제 신속 임상 도입, 신기술 확장에도 역점을 두고 있습니다.","A409 DNA 백신기술, 1030 백신 등이 적용됩니다.",
251280,KR7251280004,1115044,안지오랩,,코넥스,2016-10-25,BM-01,R&D 중심 바이오텍,,BM-09,신약개발(R&D·플랫폼),Y,특이사항 없음(확인 범위 내),,,"혈관신생억제제 신약, 비만/체지방 감소 건강기능식품, 대사질환 치료제 등 다양한 혁신 신약 및 건강식품 후보 라인업을 보유합니다.","혈관신생억제제 및 항비만 신약/건강기능식품의 임상1/2상, 국내외 품목허가 및 안전성·효능 임상데이터 축적, 신약개발·건강기능식품의 적응증 확대, 글로벌 인증·시장진출, 다양한 기능성 소재 및 대사질환 대응 신제품 개발, 식품소재 대량생산 기술 고도화에 집중하고 있습니다.","F103 기타 생산기술, 1000 기타 바이오의약품, 3010 건강기능식품, H602 기능성 식품소재 생산기술 등이 적용됩니다.",
065660,KR7065660003,631837,안트로젠,,코스닥,2016-02-15,BM-01,R&D 중심 바이오텍,,,신약개발(R&D·플랫폼),Y,특이사항 없음(확인 범위 내),,,"KIND 주요제품 기준으로 줄기세포치료제를 중심으로 한 의약품·바이오헬스 제품/개발 후보군을 보유한 것으로 분류됩니다. 개별 후보물질명, 적응증, 임상단계는 DART 사업보고서 및 회사 IR 자료를 통한 2차 검수가 필요합니다.","상장법인목록에서는 임상단계가 별도 제공되지 않으므로, 현재는 '줄기세포치료제' 관련 사업·제품 보유 기업으로 1차 태깅했습니다. 임상 파이프라인 여부는 DART 연구개발활동, 임상시험정보, 회사 공시 기준으로 추가 구조화가 필요합니다.",L100 연구장비·유통서비스,http://www.anterogen.com
476830,KR7476830005,1596920,알지노믹스,,코스닥,2025-12-18,BM-01,R&D 중심 바이오텍,,,신약개발(R&D·플랫폼),Y,특이사항 없음(확인 범위 내),,,"RNA 기반 유전자치료제 및 진단제 개발. 개별 후보물질, 제품 허가, 인허가/도입 레퍼런스는 DART와 회사 IR, 식약처 자료 기준으로 2차 구조화가 필요합니다.","신약개발사는 후보물질·적응증·임상단계를, 의료기기/디지털헬스 기업은 제품 인허가·인증·병원 도입 레퍼런스를 별도 추적합니다.",F100 후보물질·플랫폼 기술,http://www.rznomics.com/
293780,KR7293780003,1251595,압타바이오,,코스닥,2019-06-12,BM-01,R&D 중심 바이오텍,,BM-05,신약개발(R&D·플랫폼),Y,특이사항 없음(확인 범위 내),,,"다양한 압타머 신약(항암, 대사·염증성 질환 등), 차세대 유전자전달체, 분자진단 및 연구용 시약, DNA칩·진단시약 라인업 등 폭넓은 신약 및 진단·연구제품 포트폴리오를 구축하고 있습니다.","주요 압타머 신약(항암제 등) 국내외 임상 및 비임상시험 진행, 유전자전달체 개발 및 적용 분야 확장, 분자진단키트/시약 관련 품질·시장 인증 확보, 파이프라인 기술수출, 신제품 연구 및 상품화, 맞춤 연구 시약 공급 등 R&D-사업화 동시추진에 역점을 두고 있습니다.","F103 기타 생산기술, 1090 바이오진단시약, K301 DNA칩 제작 및 활용기술, 1000 기타 바이오의약품 등이 적용됩니다.",
174900,KR7174900001,991191,앱클론,,코스닥,2017-09-18,BM-01,R&D 중심 바이오텍,,BM-04,신약개발(R&D·플랫폼),Y,특이사항 없음(확인 범위 내),,,"항암 및 면역항체 신약, 다양한 신규 항체 기반 치료제 개발 및 임상 파이프라인을 구축하고 있습니다.","항체 치료 신약의 임상 추진, 표적 항암 및 면역항체 신약의 연구개발, 주요 신약 후보의 임상과 상용화, 특허와 기술 이전에도 힘쓰고 있습니다.","B301 항체공학기술, M303 표적지향 면역요법기술 등이 적용되고 있습니다.",
304360,KR7304360001,1258020,에스바이오메딕스,,코스닥,2023-05-04,BM-01,R&D 중심 바이오텍,,,신약개발(R&D·플랫폼),Y,특이사항 없음(확인 범위 내),,,"줄기세포 치료제, 재생의료 치료제 등 차세대 세포치료제 연구개발을 중심으로 다양한 재생의약 치료제 파이프라인을 보유하고 있습니다.","줄기세포 기반 치료제의 임상연구 및 개발에 주력하며, 만능줄기세포 활용과 동물세포 배양 관련 특허기술을 바탕으로 파이프라인을 강화하고 있습니다.","D101 만능줄기세포 활용기술, G201 동물 세포배양공학기술 등이 적용되고 있습니다.",
326030,KR7326030004,878696,에스케이바이오팜,SK바이오팜,유가,2020-07-02,BM-01,R&D 중심 바이오텍,,BM-02,신약개발(R&D·플랫폼),Y,특이사항 없음(확인 범위 내),,,"세노바메이트 등 중추신경계 신약 파이프라인, 다양한 신경학적 질환 치료 후보 약물, 임상시험 및 글로벌 허가 추진, 혁신 연구개발 및 신약상용화 역량을 보유하고 있습니다.","주요 신경계 신약은 임상시험 진행 중이며, FDA 및 글로벌 규제 승인 확보, 글로벌 시장 진출에 집중, 연구개발 신약개발 및 상업화 역량 강화에 지속 투자하고 있습니다.","F103 기타 생산기술, 1000 기타 바이오의약품 등이 적용됩니다.",
052020,KR7052020005,273110,에스티큐브,,코스닥,2001-07-05,BM-01,R&D 중심 바이오텍,,BM-04,신약개발(R&D·플랫폼),Y(주의 플래그),투자주의환기종목,KRX 전종목 기본정보(2026-09-24) 소속부: 투자주의환기종목(소속부없음),주의: 투자주의환기종목 (2026-09-24 기준). KRX 전종목 기본정보(2026-09-24) 소속부: 투자주의환기종목(소속부없음),,,,
298380,KR7298380007,1256864,에이비엘바이오,,코스닥,2018-12-19,BM-01,R&D 중심 바이오텍,,BM-04,신약개발(R&D·플랫폼),Y,특이사항 없음(확인 범위 내),,,"이중표적 항체 기반 면역항암제, 뇌질환 신약(ABL111 등), 항체 병용치료제 등 다양한 신약 파이프라인을 구축하고 있습니다.","ABL111 등 대표 파이프라인 임상 및 글로벌 공동연구, 항체공학·면역요법 기술 활용 신약의 글로벌 임상과 기술라이선스, 특허 확대에 집중하고 있습니다.","B301 항체공학기술, M303 표적지향 면역요법기술 등이 적용되고 있습니다.",
203400,KR7203400007,977377,에이비온,,코스닥,2021-09-08,BM-01,R&D 중심 바이오텍,,,신약개발(R&D·플랫폼),Y(주의 플래그),관리종목,KRX 전종목 기본정보(2026-09-24) 소속부: 관리종목(소속부없음),주의: 관리종목 (2026-09-24 기준). KRX 전종목 기본정보(2026-09-24) 소속부: 관리종목(소속부없음),"표적 항암제(ABL001, ABL001-2 등), 바이오베터 신약(기존약 업그레이드), 강력한 효능·내성극복 항암제, 다양한 암종 및 타깃별 신약 파이프라인을 구축하고 있습니다.","주요 표적 항암제 임상 1/2상 진행, 바이오베터 신약 전임상 및 임상 파이프라인 확장, 효능·안전성 데이터 축적, 신제품 NDA 및 글로벌 시장 진출, 국내외 제약사와 기술협업, R&D지원, 신약개발에 투자하며 사업을 확장하고 있습니다.","F103 기타 생산기술, 1000 기타 바이오의약품 등이 적용됩니다.",
397030,KR7397030008,1375822,에이프릴바이오,,코스닥,2022-07-28,BM-01,R&D 중심 바이오텍,,BM-04,신약개발(R&D·플랫폼),Y,특이사항 없음(확인 범위 내),,,"항암 및 자가면역질환 치료용 항체의약품, 혁신형 재조합 단백질 치료제, 차세대 바이오신약 파이프라인 등 다각적 파이프라인을 보유하며, 항체 기반 신약개발 역량 강점을 갖고 있습니다.","주요 항체 및 단백질 치료제는 비임상 및 임상 파이프라인에서 효능·안전성 확보 연구, 일부 품목 국내외 임상 진입 추진, 특허 및 글로벌 라이선스 아웃·협업, 다양한 질환 적응증 신제품 개발, 신약후보 물질 발굴과 기술 고도화에 투자합니다.","B301 항체공학기술, 1050 치료용 항체 및 사이토카인제제 등이 적용됩니다.",
0009K0,KR70009K0001,1781999,에임드바이오,,코스닥,2025-12-04,BM-01,R&D 중심 바이오텍,,,신약개발(R&D·플랫폼),Y,특이사항 없음(확인 범위 내),,,"ADC 기반 항암제 전문 개발사. 개별 후보물질, 제품 허가, 인허가/도입 레퍼런스는 DART와 회사 IR, 식약처 자료 기준으로 2차 구조화가 필요합니다.","신약개발사는 후보물질·적응증·임상단계를, 의료기기/디지털헬스 기업은 제품 인허가·인증·병원 도입 레퍼런스를 별도 추적합니다.",F100 후보물질·플랫폼 기술,http://www.aimedbio.com
140610,KR7140610007,1018802,엔솔바이오사이언스,,코넥스,2018-09-10,BM-01,R&D 중심 바이오텍,,BM-04,신약개발(R&D·플랫폼),Y,특이사항 없음(확인 범위 내),,,"골관절염 치료제, 퇴행성 디스크 치료제, 다양한 질환 타깃 바이오 신약 등 근골격계(퇴행성·염증성) 치료제 혁신파이프라인을 보유하고 있습니다.","골관절염·디스크 치료제 등 주요 바이오신약 후보는 국내외 임상 1/2상, 글로벌임상 진입, 효능·안전성 입증 연구 및 특허, 신속 상용화와 기술사업화 전략 추진, 신규 질환 타깃 신약 연구 및 파이프라인 확장에 집중하고 있습니다.","F103 기타 생산기술, 1000 기타 바이오의약품 등이 적용됩니다.",
183490,KR7183490002,606886,엔지켐생명과학,,코스닥,2018-02-21,BM-01,R&D 중심 바이오텍,,BM-02,신약개발(R&D·플랫폼),Y(주의 플래그),관리종목,KRX 전종목 기본정보(2026-09-24) 소속부: 관리종목(소속부없음),주의: 관리종목 (2026-09-24 기준). KRX 전종목 기본정보(2026-09-24) 소속부: 관리종목(소속부없음),"신약(EC-18), 원료의약품 API, 항염증제 등 다양한 혁신 복합 신약 개발과 의약품 API 생산을 중심으로 파이프라인을 구축하고 있습니다.","항염증·항암 신약 파이프라인의 임상 및 제품화, API 등의 상용화와 글로벌 시장 진출, 복합 신약 관련 특허 및 기술상용화에도 역량을 강화하고 있습니다.",F103 기타 생산기술 등이 적용되고 있습니다.,
182400,KR7182400002,977650,엔케이젠바이오텍코리아,엔케이맥스,코스닥,2015-10-23,BM-01,R&D 중심 바이오텍,,BM-05,신약개발(R&D·플랫폼),Y(주의 플래그),"관리종목, 상장폐지 절차",코스닥시장위원회 상장폐지 의결(2026-01-06) 후 효력정지 가처분 신청,"주의: 관리종목, 상장폐지 절차 (2026-09-24 기준). 코스닥시장위원회 상장폐지 의결(2026-01-06) 후 효력정지 가처분 신청","NK세포 치료제(SuperNK), 연구용 시약, 진단 키트(NK Vue® KIT) 등 면역항암 치료 및 진단 서비스 파이프라인을 보유하고 있습니다.","SuperNK 및 혁신적 NK 면역세포 치료제의 임상 및 상용화, 진단키트와 연구용 시약 신제품 개발, 다양한 표적 면역치료제 임상 연구·특허 확대에 주력하고 있습니다.","D101 만능줄기세포 활용기술, M303 표적지향 면역요법기술 등이 적용되고 있습니다.",http://www.nkmax.com
476040,KR7476040001,1626391,오가노이드사이언스,,코스닥,2025-05-09,BM-01,R&D 중심 바이오텍,,BM-04,신약개발(R&D·플랫폼),Y,특이사항 없음(확인 범위 내),,,"오가노이드 기반 세포치료제(난치성 질환 치료용 등), 3D 오가노이드 기반 신약평가 플랫폼(ODISEI, POLARIS 등), 다양한 만능줄기세포 파생 치료제 및 환자 맞춤형 신약평가 모델을 구축하고 있습니다.","신약 개발 및 세포이식치료제를 위한 오가노이드 플랫폼의 비임상·전임상 실험 적용, 다양한 질환 모델 개발(간, 장, 췌장 등), 차세대 치료제 임상설계 및 적용 확대, 글로벌 제약사와 협업 신약평가 플랫폼 고도화, 국내외 특허 및 기술상용화에 집중하고 있습니다.","D101 만능줄기세포 활용기술, 1070 세포기반치료제, 8040 기타 연구개발 서비스, L504 비임상 시험기술 등이 적용됩니다.",
475830,KR7475830006,1658831,오름테라퓨틱,,코스닥,2025-02-14,BM-01,R&D 중심 바이오텍,,BM-04,신약개발(R&D·플랫폼),Y,특이사항 없음(확인 범위 내),,,"항체-약물접합체(ADC), 정밀면역항암제, 표적단백질 분해 신약 등 혁신 항암제 개발에 집중하고 있습니다.","항체공학 기술과 치료 유전자 개발 기술 기반으로 임상개발 중이며, 신약 후보물질 및 특허를 보유하고 있습니다.","B301 항체공학 기술, A404 치료 유전자 개발, M303 표적지향 면역요법 기술이 적용되고 있습니다.",
039200,KR7039200001,263654,오스코텍,,코스닥,2007-01-17,BM-01,R&D 중심 바이오텍,,BM-06,신약개발(R&D·플랫폼),Y,특이사항 없음(확인 범위 내),,,"뼈이식재(생체적합·신생 골조직 생성 촉진용), 건강기능식품 소재 등 골조직 재생과 건강증진을 위한 바이오 소재 및 소재 기반 의약품을 중심으로 주요 파이프라인을 보유하고 있습니다.","주요 뼈이식재는 의료기관 임상시험 후 제품화되어 실제 수술 등 현장에서 사용되고 있습니다. 건강기능식품 소재는 인체 적용시험, 안전성·기능성 평가 및 식약처 인증 과정도 거칩니다. 지속적으로 새로운 생체소재 개발과 국내외 특허 확대, 신제품 R&D, 글로벌 파트너십에도 힘쓰고 있습니다.",D301 신규 생체재료 개발기술 등이 적용됩니다.,
244460,KR7244460002,1070149,올리패스,,코스닥,2019-09-20,BM-01,R&D 중심 바이오텍,,BM-04,신약개발(R&D·플랫폼),Y(주의 플래그),관리종목,KRX 전종목 기본정보(2026-09-24) 소속부: 관리종목(소속부없음),주의: 관리종목 (2026-09-24 기준). KRX 전종목 기본정보(2026-09-24) 소속부: 관리종목(소속부없음),"OliPass PNA 플랫폼, RNA 치료제 신약, 인공유전자 기반 첨단 치료제 개발과 상용화에 중점을 두고 있습니다.","인공유전자 기반 RNA 치료제 신약의 임상 개발 및 연구, DNA 증폭과 치료 유전자 개발 등의 최신 R&D·특허 확대에 주력하고 있습니다.","A109 DNA 증폭기술, A404 치료 유전자 개발기술 등이 적용되고 있습니다.",
226950,KR7226950004,1113718,올릭스,,코스닥,2018-07-18,BM-01,R&D 중심 바이오텍,,BM-04,신약개발(R&D·플랫폼),Y,특이사항 없음(확인 범위 내),,,"siRNA 신약(표적 유전자치료제, 비간섭 RNA 제제 포함), 주요 난치질환(암, 섬유증, 황반변성 등) 치료제, DDS(약물전달/플랫폼) 기술과 글로벌 신약 파이프라인을 갖추고 있습니다.","다양한 siRNA 신약 후보군 임상 1/2상 진입 및 전임상 평가, 특정 타깃 질환 치료제 임상 진행/확대, 기술이전(L/O) 성과, 최신 DDS/DOS(Drug/Delivery Optimization System) 개발 및 글로벌 시장 대응, 지속적인 파이프라인 업그레이드에 주력하고 있습니다.","A404 치료 유전자 개발기술, 1000 기타 바이오의약품 등이 적용됩니다.",
338840,KR7338840002,1226234,와이바이오로직스,,코스닥,2023-12-05,BM-01,R&D 중심 바이오텍,,BM-04,신약개발(R&D·플랫폼),Y,특이사항 없음(확인 범위 내),,,"항체치료제(YBL-001, YBL-002 등), 면역항암제, 이중항체 파이프라인, 다양한 자가면역·암질환 대상 항체 신약 개발 등 다각적 파이프라인을 구축하고 있습니다.","주요 항암항체, 이중항체 등 항체신약의 국내외 임상 및 비임상 데이터 확보, 글로벌 파트너십·기술이전, 임상 파이프라인 확대, 신약 타겟 적응증 확장, 신제품 개발 및 차세대 면역항암제 상용화에 집중하고 있습니다.","B301 항체공학기술, M303 표적지향 면역요법기술, 1050 치료용 항체 및 사이토카인제제 등이 적용됩니다.",
263050,KR7263050007,1110678,유틸렉스,,코스닥,2018-12-24,BM-01,R&D 중심 바이오텍,,BM-02,신약개발(R&D·플랫폼),Y(주의 플래그),관리종목,KRX 전종목 기본정보(2026-09-24) 소속부: 관리종목(소속부없음),주의: 관리종목 (2026-09-24 기준). KRX 전종목 기본정보(2026-09-24) 소속부: 관리종목(소속부없음),"CAR-T 세포치료제, 면역항암 항체치료제, 킬러T세포치료제, 앱비앤티, 위티앤티 등 다양한 면역세포치료제와 항체치료제 개발에 주력하고 있습니다.","면역세포치료제 및 항체 치료제의 임상개발·확장, 신규 신약 후보물질의 임상시험 및 특허 확보, 글로벌 치료제 시장 진입을 위해 임상 가속화에 적극적입니다.","D101 만능줄기세포 활용기술, M303 표적지향 면역요법기술 등이 적용되고 있습니다.",
424870,KR7424870004,1203659,이뮨온시아,,코스닥,2025-05-19,BM-01,R&D 중심 바이오텍,,,신약개발(R&D·플랫폼),Y,특이사항 없음(확인 범위 내),,,"주요 항암 항체 IMC-001(PD-L1 표적)·IMC-002(PD-L1/CD47 표적), 기타 이중·다중 면역관문 항원 항체 등 차세대 면역항암제 및 다양한 항체 신약 파이프라인을 갖추고 있습니다.","IMC-001은 다수의 암종 임상 진행(국내외 2상 등), IMC-002 등 신제품 임상 파이프라인 확장, 주요 타깃 이중/다중항체 글로벌 신약 연구, 항체치료제 원천특허, 약물·환자 동반진단·임상데이터 축적, 글로벌 파트너십 확대·기술이전 전략에 주력하고 있습니다.","B301 항체공학기술, M303 표적지향 면역요법기술, 1050 치료용 항체 및 사이토카인제제 등이 적용됩니다.",
086890,KR7086890001,526872,이수앱지스,,코스닥,2009-02-03,BM-01,R&D 중심 바이오텍,,BM-02,신약개발(R&D·플랫폼),Y,특이사항 없음(확인 범위 내),,,"항혈전 항체(클로티냅), 고셔병·파브리병 등 희귀질환 치료 바이오신약, 난치성암 치료제 등 다양한 항체치료제 파이프라인을 보유하고 있습니다.","항혈전 항체 및 희귀질환 치료제, 난치성암 치료제의 임상 및 제품화, 항체공학과 면역요법 기술을 활용한 신약 개발과 다양한 신제품 연구개발 및 글로벌 임상 확장에 주력하고 있습니다.","B301 항체공학기술, M303 표적지향 면역요법기술 등이 적용되고 있습니다.",
0007J0,KR70007J0006,1869710,인벤테라,,코스닥,2026-04-02,BM-01,R&D 중심 바이오텍,,BM-04,신약개발(R&D·플랫폼),Y,특이사항 없음(확인 범위 내),,,"철 기반 질환 특이성 나노-MRI 조영제 개발. 개별 후보물질, 제품 허가, 인허가/도입 레퍼런스는 DART와 회사 IR, 식약처 자료 기준으로 2차 구조화가 필요합니다.","신약개발사는 후보물질·적응증·임상단계를, 의료기기/디지털헬스 기업은 제품 인허가·인증·병원 도입 레퍼런스를 별도 추적합니다.",F100 후보물질·플랫폼 기술,http://inventera.kr
950260,KR8840280000,2031369,인제니아테라퓨틱스,,코스닥,2026-08-18,BM-01,R&D 중심 바이오텍,,,신약개발(R&D·플랫폼),Y,특이사항 없음(확인 범위 내),,,,,,
048530,KR7048530000,292434,인트론바이오,,코스닥,2011-01-26,BM-01,R&D 중심 바이오텍,,BM-05,신약개발(R&D·플랫폼),Y,특이사항 없음(확인 범위 내),,,"박테리오파지 신약, 동물용 항생제대체재, 분자진단시약 등 감염성 질환 치료·예방 및 진단 파이프라인을 보유하고 있습니다.","박테리오파지 및 항생제대체재의 임상개발 및 상용화, 다양한 분자진단시약 개발, 글로벌 특허와 인증 확대에 주력하고 있습니다.","F102 2차 대사산물 생산기술, K301 DNA칩 제작 및 활용기술, 1090 바이오진단시약, 1120 동물용 바이오의약품 등이 적용되고 있습니다.",
095700,KR7095700001,545929,제넥신,,코스닥,2009-09-15,BM-01,R&D 중심 바이오텍,,BM-04,신약개발(R&D·플랫폼),Y,특이사항 없음(확인 범위 내),,,"항체퓨전단백질 치료제(면역질환·암·만성질환 등), 항암백신 및 감염병 백신, 다양한 적응증 유전자치료 신약, 융합 항체기반 면역조절치료제 및 DNA 백신 파이프라인을 구축하고 있습니다.","항체융합단백·DNA 백신 등 다수 신약 글로벌 임상 1~3상, 유럽·아시아 등 각국 인증 및 특허 확보, 신제품 적응증 확대, 신기술/차세대 치료제 연구, 글로벌 제휴·기술이전·상용화 전략에 역점을 두고 있습니다.","B301 항체공학기술, A409 DNA 백신기술, 1050 치료용 항체 및 사이토카인제제, 1030 백신 등 적용",
314130,KR7314130006,1276026,지놈앤컴퍼니,,코스닥,2020-12-23,BM-01,R&D 중심 바이오텍,,BM-09,신약개발(R&D·플랫폼),Y,특이사항 없음(확인 범위 내),,,"마이크로바이옴 치료제, 신규 타깃 항암제·ADC, 건강기능식품, 화장품, 마이크로바이옴 CDMO 등 다양한 마이크로바이옴 기반 파이프라인을 보유하고 있습니다.","마이크로바이옴 신약(항암, 위장질환, 건강식품 등) 개발과 ADC 항체약물 신약, CDMO 신사업, 건강기능식품과 화장품 파이프라인 확대 및 임상, 특허, 인증을 적극 추진하고 있습니다.","H602 기능성 식품소재 생산기술, F202 신규 대사산물 생산기술, D101 만능줄기세포 활용기술 등이 적용되고 있습니다.",
144510,KR7144510005,1010642,지씨셀,,코스닥,2016-06-23,BM-01,R&D 중심 바이오텍,,BM-08,신약개발(R&D·플랫폼),Y,특이사항 없음(확인 범위 내),,,"세포치료제(면역세포·NK/T 세포 등), 제대혈은행, 다양한 임상/비임상 검체 검사 서비스, 줄기세포 치료제 및 보관·가공 플랫폼 등 다각적 서비스 그룹 라인업을 보유합니다.","주요 세포치료제는 국내외 임상시험, 안전성·유효성 데이터 축적, 제대혈은행 서비스 확대, 고기능 검체 검사 시스템 연구, 의료기관 협력·글로벌 진출, 신규 세포·줄기세포 신제품 파이프라인 확장·기술 업그레이드에 전념하고 있습니다.","D101 만능줄기세포 활용기술, 1070 세포기반치료제, G201 동물 세포배양공학기술, 8050 가공 및 처리·보관 서비스 등이 적용됩니다.",
358570,KR7358570000,1351080,지아이이노베이션,,코스닥,2023-03-30,BM-01,R&D 중심 바이오텍,,,신약개발(R&D·플랫폼),Y,특이사항 없음(확인 범위 내),,,"GI-101 등 이중융합 면역항암제(항체-사이토카인·융합단백질), 알레르기 치료 신약(GI-301, 유한양행 기술이전), GI-108 등 차세대 항암 신약, 다양한 면역조절 이중융합단백질 및 새로운 면역항암 치료제 파이프라인을 개발 중입니다.","GI-101·102 등 면역항암제 임상 1/2상, GI-108(단독 및 병용요법 효능 입증, 국제 논문 발표), GI-301(알레르기 치료제, 유한양행 기술이전, 임상 2상 글로벌 확대, 2039년까지 물질특허), 다양한 이중융합 및 신약파이프라인 임상/비임상 활발, 글로벌제약사와 기술이전/공동연구, 시장 상업화 협력 추진.","B301 항체공학기술, M303 표적지향 면역요법기술, 1050 치료용 항체 및 사이토카인제제 등이 적용됨.",
011000,KR7011000007,118521,진원생명과학,,유가,1987-11-16,BM-01,R&D 중심 바이오텍,,BM-03,신약개발(R&D·플랫폼),Y,특이사항 없음(확인 범위 내),,,,,,
085660,KR7085660009,525679,차바이오텍,,코스닥,2005-12-27,BM-01,R&D 중심 바이오텍,,BM-03,신약개발(R&D·플랫폼),Y,특이사항 없음(확인 범위 내),,,"줄기세포치료제(자가·동종 줄기세포 치료제, 난치성/퇴행성질환 타깃 신약), 임상개발 및 상업화, 제대혈 보관·가공서비스(8050), 배양·분화기술, 글로벌 뱅킹 네트워크 등 종합 파이프라인을 운영합니다.","줄기세포치료제의 전임상, 임상 1/2/3상 경험, 난치성질환(척수·퇴행성질환 등) 임상적용 확대, GMP·GTP 등 품질·생산 인증, 제대혈/세포 이중 뱅킹서비스 상용화와 해외시장 진출, 특허·기술이전 적극 추진.","D101 만능줄기세포 활용기술, G201 동물 세포배양공학기술, 8050 가공 및 처리·보관 서비스, 1070 세포기반치료제 등이 적용됩니다.",
291650,KR7291650000,1265251,츌립앤사이언스,압타머사이언스,코스닥,2020-09-16,BM-01,R&D 중심 바이오텍,,BM-05,신약개발(R&D·플랫폼),Y,특이사항 없음(확인 범위 내),,,"압타머 기반 신약 및 항암제, 진단키트, 분자진단 제품 등 주요 질환 표적 혁신신약 파이프라인과 맞춤형 진단시약·진단키트 라인업을 보유하고 있습니다.","주요 신약 및 진단제품은 국내외 임상시험, 식약처·CE 등 글로벌 인증 확보, 바이오마커 검증 및 신제품 개발, 파이프라인 확대·기술수출, 신흥시장 진출, 맞춤형 진단 서비스 연구개발에도 적극 투자하고 있습니다.","F103 기타 생산기술, 1090 바이오진단시약, K301 DNA칩 제작 및 활용기술, 1000 기타 바이오의약품 등이 적용됩니다.",
0082N0,KR70082N0008,1782183,카나프테라퓨틱스,,코스닥,2026-03-16,BM-01,R&D 중심 바이오텍,,,신약개발(R&D·플랫폼),Y,특이사항 없음(확인 범위 내),,,"항암제 및 안과 질환 치료제 R&D 바이오텍. 개별 후보물질, 제품 허가, 인허가/도입 레퍼런스는 DART와 회사 IR, 식약처 자료 기준으로 2차 구조화가 필요합니다.","신약개발사는 후보물질·적응증·임상단계를, 의료기기/디지털헬스 기업은 제품 인허가·인증·병원 도입 레퍼런스를 별도 추적합니다.",F100 후보물질·플랫폼 기술,http://www.kanaphtx.com
284620,KR7284620002,1263527,카이노스메드,,코스닥,2018-06-08,BM-01,R&D 중심 바이오텍,,BM-04,신약개발(R&D·플랫폼),Y(주의 플래그),투자주의환기종목,KRX 전종목 기본정보(2026-09-24) 소속부: 투자주의환기종목(소속부없음),주의: 투자주의환기종목 (2026-09-24 기준). KRX 전종목 기본정보(2026-09-24) 소속부: 투자주의환기종목(소속부없음),"항암제, CNS 치료제(파킨슨, 알츠하이머 등), 항바이러스 치료제(HIV, 코로나 등) 등 다양한 저분자·혁신신약 파이프라인과 글로벌 임상 및 제품 상용화 역량을 갖추고 있습니다.","주요 후보물질(항암제·CNS 치료제 등) 임상 1/2/3상 진입, 글로벌 규제 승인·시장 진출, 신제품 파이프라인 확장, 신기술 적용 신약연구 강화, 임상데이터와 기술 고도화, 글로벌 수출 및 기술이전 실적 확대에 힘쓰고 있습니다.","F103 기타 생산기술, 1000 기타 바이오의약품 등이 적용됩니다.",
166480,KR7166480004,989664,코아스템켐온,,코스닥,2015-06-26,BM-01,R&D 중심 바이오텍,,BM-08,신약개발(R&D·플랫폼),Y,특이사항 없음(확인 범위 내),,,신경계 및 자가면역질환 등 다양한 난치성 질환을 타깃으로 하는 줄기세포치료제 개발과 비임상시험(CRO) 대행 서비스를 주요 사업으로 영위하고 있습니다.,"줄기세포치료제 임상 및 비임상연구 확대, 다양한 신약 파이프라인 개발 및 CRO 네트워크 확장, 임상·비임상 인증 및 특허 획득에 주력하고 있습니다.","D101 만능줄기세포 활용기술, 8030 임상·비임상 R&D 서비스, L504 비임상 시험기술 등이 적용되고 있습니다.",
102940,KR7102940004,525642,코오롱생명과학,,코스닥,2009-04-07,BM-01,R&D 중심 바이오텍,,,신약개발(R&D·플랫폼),Y,특이사항 없음(확인 범위 내),,,"골관절염 세포유전자치료제(인보사), 항균제, 수처리제 등 인체 및 산업용 신약·소재 개발과 상용화에 주력하고 있습니다.","골관절염 세포유전자치료제 인보사의 임상 및 상용화, 다양한 항균제 및 신소재 제품의 임상·연구, 특허 및 대량생산, 글로벌 시장 진출 확대에 주력하고 있습니다.","D104 치료용 세포 분화유도기술, F103 기타 생산기술 등이 적용되고 있습니다.",
950160,KR8840120008,1245062,코오롱티슈진,,코스닥,2017-11-06,BM-01,R&D 중심 바이오텍,,,신약개발(R&D·플랫폼),Y,특이사항 없음(확인 범위 내),,,골관절염 치료를 위한 세포유전자치료제(대표적으로 인보사 등) 개발과 상용화에 주력하고 있습니다.,"세포유전자치료제 임상 및 상용화, 치료용 세포 분화유도·동물세포배양 등 원천기술 강화와 허가·특허 역량 확대에 집중하고 있습니다.","D104 치료용 세포 분화유도기술, G201 동물 세포배양공학기술 등이 적용되고 있습니다.",
365270,KR7365270008,1397772,큐라클,,코스닥,2021-07-22,BM-01,R&D 중심 바이오텍,,BM-04,신약개발(R&D·플랫폼),Y,특이사항 없음(확인 범위 내),,,"혈관질환 치료제(당뇨병성 망막병증, 허혈성 질환 등), 신경보호제(뇌신경질환 예방·치료 신약), 대사질환 및 희귀질환 신약 등 다수의 저분자 신약 파이프라인을 보유하고 있습니다.","주요 혈관질환·신경보호 신약 후보는 국내외 임상 1/2상 진행 및 비임상 유효성, 안전성 검증, 다양한 적응증 확대를 위한 공동연구, 글로벌 라이선스 및 기술이전 추진, 맞춤형 신제품 파이프라인 강화, 기술 도입·수출 확대에 주력하고 있습니다.","F103 기타 생산기술, 1000 기타 바이오의약품 등이 적용됩니다.",
348080,KR7348080003,1357765,큐라티스,,코스닥,2023-06-15,BM-01,R&D 중심 바이오텍,,BM-03,신약개발(R&D·플랫폼),Y,특이사항 없음(확인 범위 내),,,"주력 결핵 백신 QTP101(성인·청소년용, 아단위백신), mRNA 코로나19 백신 QTP104, 면역증강제(GLA-SE), Tdap 백신, 신규 감염병 백신(QTP102·QTP105 등), 면역증강제, 위탁개발생산(CMO·CDMO) 등 폭넓은 파이프라인과 사업모델을 구축.","QTP101(결핵백신) 임상2b/3상 진입, QTP104(mRNA 코로나19 백신) 임상1상, Tdap·신규 백신 후보 파이프라인 확장, IMCDO·CMO 글로벌 계약 확대, 각종 국제 인증 및 공동개발사업 전개, 대형 바이오플랜트 상업화, 위탁생산 사업 확대 및 실적 증가.","A409 DNA 백신기술, 8010 바이오 위탁생산·대행 서비스, G5 산업화기술, 1030 백신 등이 적용됩니다.",
372320,KR7372320002,1492651,큐로셀,,코스닥,2023-11-09,BM-01,R&D 중심 바이오텍,,,신약개발(R&D·플랫폼),Y,특이사항 없음(확인 범위 내),,,"CAR-T 기반 면역세포 치료제, 차세대 면역세포치료제(예: NK/T세포 등), 암·난치질환 타깃 신규 세포치료제 파이프라인 및 임상시험 지원서비스 등 첨단 세포치료 개발에 역량을 집중하고 있습니다.","CAR-T 및 다양한 세포치료제 임상시험(국내외) 진행 중, 글로벌 허가용 임상 프로토콜 구축, 비임상·임상 소재 연구역량 보유, GMP 기반 생산시설·품질 인증 확대, 신제품 임상시험 및 시장 출시 준비, 글로벌 협력 네트워크 및 임상시험 지원 서비스 강화에 주력하고 있습니다.","D101 만능줄기세포 활용기술, 1070 세포기반치료제, 8030 임상·비임상 R&D 서비스, L504 비임상 시험기술 등이 적용됩니다.",
115180,KR7115180002,1042650,큐리언트,,코스닥,2016-02-29,BM-01,R&D 중심 바이오텍,,,신약개발(R&D·플랫폼),Y,특이사항 없음(확인 범위 내),,,"저분자 신약 파이프라인(Q203, Q701 등), 감염병·암·면역 등 다양한 질환 타깃 신약 연구개발, 주요 글로벌 제약사 바탕 기술이전 사례와 혁신 신약후보군(임상·비임상 등) 라인업을 갖추고 있습니다.","주요 저분자 신약 후보(항암제, 감염병, 자가면역 등)는 임상 1/2상, 다국가 임상 및 신속조건부 허가, 글로벌 라이선스아웃 및 시장 다변화 추진, 신규 적응증 및 별도 파이프라인 개발, 신기술 연구 등에서 역량을 넓히고 있습니다.","F103 기타 생산기술, 1000 기타 바이오의약품 등이 적용됩니다.",
191420,KR7191420009,926522,테고사이언스,,코스닥,2014-11-06,BM-01,R&D 중심 바이오텍,,,신약개발(R&D·플랫폼),Y,특이사항 없음(확인 범위 내),,,피부세포치료제와 조직공학적 재생치료제(이식재 등) 등 다양한 재생의약 제품 개발을 중심으로 파이프라인을 보유하고 있습니다.,"치료용 세포 분화유도 및 동물세포배양공학 기술을 적용한 다양한 세포치료제의 임상 및 상용화, 각종 재생치료제 개발과 특허·인증 확대에 주력 중입니다.","D104 치료용 세포 분화유도기술, G201 동물 세포배양공학기술 등이 적용되고 있습니다.",
199800,KR7199800004,547510,툴젠,,코스닥,2021-12-10,BM-01,R&D 중심 바이오텍,,BM-04,신약개발(R&D·플랫폼),Y,특이사항 없음(확인 범위 내),,,"CRISPR/Cas9 기반 유전자교정 신약 플랫폼, 혁신적 유전자 치료제 후보, 다양한 질환 타깃 신약개발, 글로벌 유전자 가위 특허·라이선스 사업(플랫폼 공급) 등 포괄적 유전자치료 파이프라인을 보유합니다.","자체 유전자교정 치료제 국내외 임상, 글로벌 제약사/바이오기업 기술이전 및 협업, 다양한 질환별 후보물질 임상 진입, 원천특허(글로벌 등록·특허분쟁 승소 등) 사업화 확대, 신제품·적응증·타깃확장, 기술고도화 및 비임상데이터 확보에도 집중하고 있습니다.","A104 유전자 형질전환기술, A107 유전자 타게팅기술, 1000 기타 바이오의약품 등이 적용됩니다.",
321550,KR7321550006,1335930,티움바이오,,코스닥,2019-11-22,BM-01,R&D 중심 바이오텍,,BM-04,신약개발(R&D·플랫폼),Y,특이사항 없음(확인 범위 내),,,"TF-100(특발성폐섬유증 치료제), 면역항암제, 혈우병 치료제 등 다양한 혁신 신약 및 치료제 파이프라인을 보유하며, 희귀난치질환 및 고부가 신약 개발에 집중합니다.","TF-100(특발성폐섬유증) 글로벌 1/2상 등 임상시험 진입, 면역항암제·혈우병치료제 전임상·임상 파이프라인 가동, FDA·EMA 등 글로벌 허가 및 신속개발 트랙 진입 준비, 신제품 및 다각화된 신약개발로 사업범위 확장에 역점을 두고 있습니다.","F103 기타 생산기술, 1000 기타 바이오의약품 등이 적용됩니다.",
388870,KR7388870008,1495180,파로스아이바이오,,코스닥,2023-07-27,BM-01,R&D 중심 바이오텍,,BM-04,신약개발(R&D·플랫폼),Y,특이사항 없음(확인 범위 내),,,"PHI-101(급성골수성백혈병·난소암 등 표적항암제), PHI-501(고형암 pan-RAF·DDR 이중저해제), 자체 개발한 AI 신약개발 플랫폼(케미버스®), 신규 암·희귀난치암 표적치료 파이프라인, 미국 등 글로벌 임상·기술이전·협업 확대 등 폭넓은 파이프라인을 확보하고 있습니다.","PHI-101-AML 임상1상 완료(2025년 임상2상 및 조건부 허가 추진, 미 FDA 희귀의약품 지정), 고형암 치료제 PHI-501 글로벌 전임상 완료 후 IND 제출 추진, AI 플랫폼 기반 신약후보 다수 발굴-확장, 다국적사 협업·임상, 기술이전 전략 병행 중입니다.","F103 기타 생산기술, E402 데이터마이닝 시스템 개발기술, 1000 기타 바이오의약품 등이 적용됩니다.",
005690,KR7005690003,145163,파미셀,,유가,1988-05-20,BM-01,R&D 중심 바이오텍,,BM-03,신약개발(R&D·플랫폼),Y,특이사항 없음(확인 범위 내),,,,,,
187660,KR7187660006,1409022,페니트리움바이오,현대ADM,코스닥,2021-06-03,BM-01,R&D 중심 바이오텍,,BM-08,신약개발(R&D·플랫폼),Y,특이사항 없음(확인 범위 내),,,"임상시험 대행(CRO) 서비스(1~4상 및 연구자임상, PMS 등), 임상 R&D 컨설팅, 임상시험 데이터 관리, 신약개발 지원 서비스 등 국내외 제약·바이오산업 대상 다각적 임상지원 플랫폼을 보유하고 있습니다.","다수 글로벌·국내 제약사 및 바이오기업 임상프로젝트 대행, 신약 임상 1~3상 및 후기임상까지 전주기 R&D 서비스 제공, 최신 품질관리(GCP 등) 및 인증 체계 완비, 임상시험 자동화 솔루션·글로벌 KT·협력 확장 등 시장 선도 경쟁력을 갖추고 있습니다.","L504 비임상 시험기술, 8030 임상·비임상 R&D 서비스 등이 적용됩니다.",http://hdadmbio.com
298060,KR7298060005,1110474,풍전약품,에스씨엠생명과학,코스닥,2020-06-17,BM-01,R&D 중심 바이오텍,,BM-02,신약개발(R&D·플랫폼),Y(주의 플래그),관리종목,KRX 전종목 기본정보(2026-09-24) 소속부: 관리종목(소속부없음),주의: 관리종목 (2026-09-24 기준). KRX 전종목 기본정보(2026-09-24) 소속부: 관리종목(소속부없음),"만성질환 및 면역질환 등을 포함한 줄기세포치료제, 다양한 세포치료제 R&D와 상용화에 주력하고 있습니다.","만능줄기세포와 동물세포 배양공학기술을 적용한 다양한 세포치료제의 임상 연구 및 상용화 단계에 있으며, 신약 파이프라인 확대와 글로벌 임상·특허도 강화 중입니다.","D101 만능줄기세포 활용기술, G201 동물 세포배양공학기술 등이 적용되고 있습니다.",http://www.scmlifescience.com
341170,KR7341170009,1185867,퓨쳐메디신,,코넥스,2022-07-27,BM-01,R&D 중심 바이오텍,,BM-04,신약개발(R&D·플랫폼),Y,특이사항 없음(확인 범위 내),,,"뉴클레오사이드 유도체 기반 혁신신약, 다양한 합성의약품(항바이러스, 항암, 대사질환 등), 신약 후보 개발과 글로벌 임상 진출 라인업을 보유하고 있습니다.","후보 신약(뉴클레오사이드 유도체 등)은 비임상 및 일부 임상 1상 진입, 글로벌 제약사 협력·라이선스아웃 추진, 다양한 질환 타깃 신제품 연구개발, 비임상~임상 파이프라인 확대, 생산공정 최적화 및 신기술 고도화에 집중하고 있습니다.","F103 기타 생산기술, 1000 기타 바이오의약품 등이 적용됩니다.",
220100,KR7220100002,1053540,퓨쳐켐,,코스닥,2016-12-01,BM-01,R&D 중심 바이오텍,,BM-06,신약개발(R&D·플랫폼),Y,특이사항 없음(확인 범위 내),,,"PET 방사성의약품 개발, 자동합성장치, 다양한 합성시약과 전구체 생산 등 첨단 방사성의약품 분야로 사업을 확장하고 있습니다.","방사성의약품 파이프라인 임상 및 상용화, 자동합성장치 개발과 특허·인증 취득을 통해 제품군 확대와 글로벌 시장 진출에 적극적입니다.",G301 효소 반응공학기술 등이 적용되고 있습니다.,
296160,KR7296160005,1156795,프로젠,,코넥스,2023-11-15,BM-01,R&D 중심 바이오텍,,,신약개발(R&D·플랫폼),Y,특이사항 없음(확인 범위 내),,,"바이오의약품(항체, 단백질 기반 신약 등), 신약 파이프라인(항암·면역질환 신약 등), 기술수출 및 글로벌 공동개발 프로젝트 등 다양한 신약개발 및 사업화 플랫폼을 보유합니다.","다수 바이오의약품 및 신약파이프라인 국내외 임상시험 및 개발 추진, 핵심 신약기술 수출·기술이전 성과, 대규모 글로벌 공동개발 진행, 신약허가·공정개발, 임상확대·신시장 개척·신기술 기반 신제품 출시 역량에 집중하고 있습니다.","F103 기타 생산기술, 1000 기타 바이오의약품 등이 적용됩니다.",
084990,KR7084990001,359395,헬릭스미스,,코스닥,2005-12-29,BM-01,R&D 중심 바이오텍,,BM-04,신약개발(R&D·플랫폼),Y,특이사항 없음(확인 범위 내),,,"VM202 등 대표 유전자치료제, 다양한 만성질환·희귀질환 타깃 유전자치료 신약, 천연물신약 개발 및 바이오신약 파이프라인을 확보.","VM202 등 유전자치료제 글로벌 임상 2/3상, 미국·유럽 임상 진행, 다양한 적응증 전임상·임상시험/글로벌 시장 진출, 천연물신약 상용화·신제품 확대, 국내외 기술 이전 및 협업 확대에도 집중.","F103 기타 생산기술, 1000 기타 바이오의약품 등 적용.",
048410,KR7048410005,313649,현대바이오,,코스닥,2002-08-08,BM-01,R&D 중심 바이오텍,,BM-09,신약개발(R&D·플랫폼),Y,특이사항 없음(확인 범위 내),,,"KIND 주요제품 기준으로 화장품 및 화장품원료 관련 기능성 소재·건기식·동물/농생명 바이오헬스 제품군을 보유한 기업입니다. 신약 파이프라인보다는 원료, 기능성, 인증, 유통채널, OEM/ODM 여부가 핵심 추적 항목입니다.","신약 임상단계 정보은 KIND 기준으로 확인되지 않았습니다. 건강기능식품·소재·동물헬스 유형은 개별인정형 원료, 기능성 평가, 제품 인증 및 사업보고서상 연구개발 항목 중심으로 추가 확인이 필요합니다.",H200 기능성소재·제형기술,http://www.hyundaibioscience.com
083790,KR7083790006,407814,CG인바이츠,,코스닥,2006-01-06,BM-02,상업화 단계 제약사,,BM-01,상업화 제약,Y,특이사항 없음(확인 범위 내),,,"아셀렉스(신약, 대표적 항염증제), 기타 신약 연구개발, 맞춤형 신약개발·임상 지원 바이오솔루션 서비스 등 폭넓은 신약 R&D 및 임상지원 라인업 보유.","아셀렉스 국내외 시장 출시 및 임상 경험, 기타 신약 파이프라인 연구/개발, 임상시험 설계·연구지원, 기술사업화 및 신약개발 컨설팅, 다수 바이오/제약기업 임상 파트너십 구축 진행.","F103 기타 생산기술, 1000 기타 바이오의약품 등 적용.",
058820,KR7058820002,380429,CMG제약,,코스닥,2001-08-31,BM-02,상업화 단계 제약사,,BM-01,상업화 제약,Y(주의 플래그),관리종목,KRX 전종목 기본정보(2026-09-24) 소속부: 관리종목(소속부없음),주의: 관리종목 (2026-09-24 기준). KRX 전종목 기본정보(2026-09-24) 소속부: 관리종목(소속부없음),"다양한 질환을 대상으로 하는 완제의약품(경구제, 주사제), 항생제, 해열·진통·소염제 등 전문의약품 포트폴리오와 주사제, 감염·순환기계 치료제까지 폭넓은 라인업을 갖추고 있습니다.","주요 완제의약품·주사제의 임상·허가 및 상용화, 신규 항생제 및 복합제 신제품 추가 개발, 품질 및 안전성 강화로 GMP·식약처 인증 확보, 신제형 연구 및 국내외 시장 확대에도 주력하고 있습니다.",F103 기타 생산기술 등이 적용되어 있습니다.,
195940,KR7195940002,1012066,HK이노엔,,코스닥,2021-08-09,BM-02,상업화 단계 제약사,,BM-09,상업화 제약,N,특이사항 없음(확인 범위 내),,,"전문의약품(케이캡 등), 숙취해소음료 및 기타 의약품, 다양한 건강기능식품까지 포트폴리오를 확장하며 바이오헬스케어 전반을 아우릅니다.","전문의약품 분야에서 대표 제품을 상용화하며, 기능성 식품 및 음료 등 신규 제품 개발과 임상연구, 2차 대사산물 및 건강기능식품 소재 인증과 특허를 지속 추구하고 있습니다.","F102 2차 대사산물 생산기술, H602 기능성 식품소재 생산기술이 적용되고 있습니다.",
047920,KR7047920004,336817,HLB제약,,코스닥,2015-12-21,BM-02,상업화 단계 제약사,,,상업화 제약,N,특이사항 없음(확인 범위 내),,,"완제의약품(씨트리시메티딘정, 로자틴정 등 다수의 제네릭·전문의약품), 신약 후보물질(항암·대사질환 등), 글로벌 신약개발 및 기술이전 파이프라인 보유에 주력하고 있습니다.","완제의약품 국내·외 상용화, GMP 인증 대규모 생산공장 보유, 신약 후보물질 임상 및 글로벌 임상 진출(미국 FDA 등), 기술이전 및 신약 파이프라인 확장, 생산·수출 실적·글로벌 임상 네트워크 강화, 신제품·비임상 파이프라인 확대에 힘쓰고 있습니다.","F103 기타 생산기술, 1000 기타 바이오의약품 등이 적용됩니다.",
234080,KR7234080000,225706,JW생명과학,,유가,2016-10-27,BM-02,상업화 단계 제약사,,,상업화 제약,N,특이사항 없음(확인 범위 내),,,"기초수액, TPN(총비경구영양수액), 특수수액 등 다양한 영양수액과 치료용 수액제 파이프라인을 보유하고 있습니다.","기초·특수수액의 상용화 및 임상, 새로운 영양수액 신제품 개발과 품질 인증 및 GMP 설비를 통한 국내외 시장 확대에 주력하고 있습니다.",F103 기타 생산기술이 적용되고 있습니다.,
067290,KR7067290007,110431,JW신약,,코스닥,2003-02-11,BM-02,상업화 단계 제약사,,,상업화 제약,N,특이사항 없음(확인 범위 내),,,"항생제, 순환기계, 소화기, 진통·해열제 등 다양한 적응증의 제네릭 및 완제의약품(정제, 주사제, 시럽 등) 포트폴리오를 중심으로 국내외 시장 대응형 제품군을 구축하고 있습니다.","다수 제네릭·완제의약품의 식약처 임상 및 허가·상용화 경험, 신제품 상용화와 품질인증 강화, 특허·생물학적동등성 확보, 국내외 제약사와 파트너십·수출 확대, 새물질 신약·복합제형 추가 임상 파이프라인도 개발 중입니다.",F103 기타 생산기술이 적용됩니다.,
001060,KR7001060003,149947,JW중외제약,,유가,1976-06-14,BM-02,상업화 단계 제약사,,BM-01,상업화 제약,Y,특이사항 없음(확인 범위 내),,,"자체 개발 신약과 글로벌 오리지널 의약품(헴리브라, 악템라 등), 블록버스터 항체치료제, 만성질환·암·희귀질환 치료제, 정맥영양·항생제·수액제, R&D 중심 신약 개발 파이프라인, 각종 헬스케어 제품까지 폭넓게 확보.","헴리브라, 악템라 등 다수 글로벌 신약 국내외 허가·상용화, 자체 개량·혁신신약 임상1~3상, 신규 항암제 국내외 임상, 라이프사이클관리(국내/글로벌 신제품 도입), 제품 품질·안전성 인증(GMP), 신제품 특허 취득 및 해외사업 확장, 바이오시밀러·신제형 연구개발도 병행 중.","F103 기타 생산기술, 1000 기타 바이오의약품 등 적용.",
302440,KR7302440003,1319899,SK바이오사이언스,,유가,2021-03-18,BM-02,상업화 단계 제약사,,BM-03,상업화 제약,N,특이사항 없음(확인 범위 내),,,"코로나19, 독감, HPV 등 다양한 백신 개발·생산에 주력하며, 백신 제제와 바이러스 유전공학 기반 신제품 개발에 집중하고 있습니다.","국내 및 글로벌 역학 백신 임상 및 상용화, DNA 백신 등 차세대 백신 개발 임상, 관련 유전자 치료 기술의 임상 적용과 개발, 특허 확보에 힘쓰고 있습니다.","A409 DNA 백신기술, A404 치료 유전자 개발기술이 적용되고 있습니다.",
053950,KR7053950002,307028,경남제약,,코스닥,2001-11-06,BM-02,상업화 단계 제약사,,BM-09,상업화 제약,N,특이사항 없음(확인 범위 내),,,"대표 브랜드 '레모나' 등 비타민제 라인업, 다양한 건강기능식품(비타민군, 미네랄, 항산화, 면역기능 등), 완제·원료의약품, 기능성 식품소재, OEM·ODM(기능성원료, 제형) 구축 역량까지 폭넓게 확보하고 있습니다.","비타민·건강기능식품 다수의 국내외 기능인정, 신제품 허가 및 출시(면역, 피부, 항산화 등), OEM·ODM 생산망 확대, 글로벌 품질 규격·ISO·HACCP 인증, 기능성 신원료 개발과 건강기능식품 시장 심화 진출, 제약·건강식품 융합 신제품 출시 및 국내외 시장 적극 확장 중입니다.","H602 기능성 식품소재 생산기술, F103 기타 생산기술, 3010 건강기능식품, 1000 기타 바이오의약품이 적용됩니다.",
011040,KR7011040003,101549,경동제약,,코스닥,1992-12-18,BM-02,상업화 단계 제약사,,BM-09,상업화 제약,N,특이사항 없음(확인 범위 내),,,"전문의약품(듀오로반정 등 항생제·순환기계 치료제), 다양한 건강기능식품(비타민·프로바이오틱스·항산화 보조제 등), 피로회복제, 기능성 식품소재, 일반의약품 등으로 포트폴리오가 다각화되어 있습니다.","주요 전문의약품 및 건강기능식품은 식약처 허가 및 상용화, 신제품(복합제·신제형) 임상시험 진행, 건강기능식품/식품소재 신제품 인증·유럽 등 해외 시장 진출 확대, OEM/ODM 파이프라인 확장, 품질관리 및 생산-유통 네트워크 고도화에도 주력하고 있습니다.","F103 기타 생산기술, H602 기능성 식품소재 생산기술, 3010 건강기능식품, 1000 기타 바이오의약품 등이 적용되어 있습니다.",
214390,KR7214390007,101664,경보제약,,유가,2015-06-29,BM-02,상업화 단계 제약사,,,상업화 제약,N,특이사항 없음(확인 범위 내),,,"항생제 및 주사제 등 원료의약품, 마취·순환기·소화기 등 다양한 완제의약품을 주요 파이프라인으로 개발·생산하고 있습니다.","다양한 항생제 및 원료·완제의약품의 상용화, 신제품 개발 및 공급, 품질관리 인증 강화와 함께 생산 설비 확충에 집중하고 있습니다.","F101 1차 대사산물 생산기술, F103 기타 생산기술 등이 적용되고 있습니다.",
014570,KR7014570006,103015,고려제약,,코스닥,2000-12-07,BM-02,상업화 단계 제약사,,,상업화 제약,N,특이사항 없음(확인 범위 내),,,"대표 감기약(하벤), 치매약(뉴로메드), 진해거담제, 소화제, 진통제 등 다양한 적응증의 경구제·주사제 등 완제의약품을 보유·개발, 신제형과 복합제 신제품 파이프라인도 지속 확장 중입니다.","주력제품은 식약처 임상·허가 및 시판, 신제품 상용화/신규 적응증 제품 임상 진행, 주요제품들의 품질인증·수출 확대, 신제형·복합제 신규 출시, 제네릭 의약품 영역 확대와 맞춤형 특허 전략에도 적극적입니다.","F103 기타 생산기술, 1000 기타 바이오의약품 등이 적용됩니다.",
009290,KR7009290008,103592,광동제약,,유가,1989-11-17,BM-02,상업화 단계 제약사,,BM-09,상업화 제약,N,특이사항 없음(확인 범위 내),,,"일반·전문의약품(진통/해열/소화/호흡기 등), 건강기능식품(비타500, 헛개차, 옥수수수염차 등 음료), 한방의약품, 식물성·기능성 소재, 신약 및 OEM/ODM 식품까지 다각화된 통합포트폴리오 보유.","주요 식음료·의약품 식약처 인증 및 대량 유통, 건강기능식 신제품 연이어 출시(기능성 소재 인증, 임상시험, 건강식품 OEM/ODM 확대), 완제의약품 다양화, 글로벌 품질·특허 인증, 신제품 개발 및 해외시장 진출, 대규모 B2B 및 소매 유통망 강화하며 브랜드 포트폴리오 확대에 힘씁니다.","F103 기타 생산기술, H602 기능성 식품소재 생산기술, 3010 건강기능식품, 1000 기타 바이오의약품 등이 적용되어 있습니다.",
307750,KR7307750000,1329957,국전,국전약품,코스닥,2018-12-19,BM-02,상업화 단계 제약사,,,상업화 제약,N,특이사항 없음(확인 범위 내),,,"원료의약품 합성, 제네릭 의약품, 나노항암제 등 다양한 의약품 및 신약 연구개발을 주력으로 하고 있습니다.","원료의약품과 제네릭, 나노항암제의 임상 및 상용화, 약물전달용 생물소재기술 도입, 신약 후보 및 생산기술 관련 특허와 인증을 확보하고 있습니다.","F103 기타 생산기술, M202 약물전달용 생물소재기술 등이 적용되고 있습니다.",
002720,KR7002720001,104722,국제약품,,유가,1975-12-27,BM-02,상업화 단계 제약사,,,상업화 제약,N,특이사항 없음(확인 범위 내),,,"대표 안과용제(점안제, 연고·크림 등), 순환기계약, 당뇨관리제, 항생제, 복합제형 등 다양한 전문의약품과 일반의약품, 맞춤형 신제품 파이프라인(복합제, 개량신제형, 신규 적응증 등)을 폭넓게 개발하고 있습니다.","주요 안과용제, 항생제, 순환기·당뇨약 등 의약품의 다수 임상/식약처 허가 및 상용화, 신제품 개발(복합, 제형 강화 등), 신제형 임상, GMP 및 해외 품질 인증, 신제품·신적응증 시장 진출, 글로벌 파트너십 강화, 특허 취득 등 임상-R&D-공급망 연계에 집중.","F103 기타 생산기술, 1000 기타 바이오의약품 등이 적용되어 있습니다.",
114450,KR7114450000,532059,그린생명과학,,코스닥,2009-12-22,BM-02,상업화 단계 제약사,,,상업화 제약,N,특이사항 없음(확인 범위 내),,,"다양한 항생제 중간체, 원료의약품(API), 전자재료 및 농약 원료 등 고기능 중간소재와 API 생산 파이프라인을 보유하고 있습니다.","원료의약품 및 항생제 중간체의 대량생산 및 상용화, 주요 소재 제품의 품질인증 확보와 생산라인 확장, 신규 원료 개발과 글로벌 시장 공급 역량을 강화하고 있습니다.",F101 1차 대사산물 생산기술이 적용되고 있습니다.,
007390,KR7007390008,117276,네이처셀,,코스닥,1992-11-30,BM-02,상업화 단계 제약사,,BM-01,상업화 제약,Y,특이사항 없음(확인 범위 내),,,"주력 제품인 조인트스템(무릎관절염 세포치료제), 다양한 퇴행성질환(관절·척추·신경 등) 타깃 줄기세포치료제, 재생의료 서비스(시술·임상 등)까지 파이프라인을 확장 중입니다.","조인트스템은 국내외 임상3상·상용화까지 마쳤으며, 관절·척추·신경 등 다양한 질환 타깃 신제품 임상 중, 임상·식약처승인(GMP 인증·특허 다수), 재생의료 서비스 확대, 글로벌 시장 진출·기술이전, 신규 줄기세포치료제 파이프라인 본격화 등 다양한 R&D가 병행됩니다.","D101 만능줄기세포 활용기술, G201 동물 세포배양공학기술, 1070 세포기반치료제 등이 적용됩니다.",
006280,KR7006280002,129679,녹십자,GC녹십자 / (원본에 병합돼 있던 녹십자홀딩스는 별도 행으로 분리),유가,1989-08-01,BM-02,상업화 단계 제약사,,BM-01,상업화 제약,Y,특이사항 없음(확인 범위 내),,,"혈액제제(알부민 등 혈장유래), 다양한 백신(독감, A형간염, 파상풍, A409 DNA백신 등), 전문의약품(감염/면역/희귀질환치료제 등), 바이오시밀러·신약 개발, 국가예방접종 및 글로벌 의약공급에 이르는 폭넓은 포트폴리오. | 혈액제제(혈장분획제·면역글로불린 등), 백신(독감·B형간염·수두 등), 유로키나제 등 계열사 핵심 의약품, 글로벌 신약·바이오의약품 개발, CMO/CDMO 위탁생산·수출 등 종합 의약품 사업.","대표 혈액제제·백신의 국내외 임상 및 허가완료(국가예방접종, WHO 및 유럽 등 글로벌 허가), 차세대 백신·희귀질환치료제 임상 확대, 신제품 개발과 글로벌 특허 및 품목 확대, DNA 백신 글로벌 임상 및 상용화, 생산·유통/물류 글로벌 확장 가속화, 품질·GMP·ISO 등 인증을 다수 보유하고 있습니다. | 혈액제제·백신 등 국내외 대형시장 공급, 글로벌 신약 임상 및 인허가, 차세대 바이오의약품 개발 및 기술수출, CMO/CDMO 사업 확장, 그룹 차원의 파이프라인 다각화와 신사업 전략 강화에 역점.","F103 기타 생산기술, 1060 혈액제제, 1030 백신, A409 DNA 백신기술, 1000 기타 바이오의약품 등이 적용됩니다. | F103 기타 생산기술, 1000 기타 바이오의약품 등이 적용됩니다.",
234690,KR7234690006,1135057,녹십자웰빙,,코스닥,2019-10-14,BM-02,상업화 단계 제약사,,BM-09,상업화 제약,N,특이사항 없음(확인 범위 내),,,"전문의약품(비타민, 기능성 의약품 등)과 건강기능식품을 중심으로 의약·건기식 통합 파이프라인을 구축하고 있습니다.","전문의약품과 건강기능식품 신제품 개발, 임상 및 상용화, 기능성 식품소재 개발과 관련 특허·인증 확대에 집중하고 있습니다.","F103 기타 생산기술, H602 기능성 식품소재 생산기술 등이 적용되고 있습니다.",
069620,KR7069620003,427483,대웅제약,(원본에 병합돼 있던 대웅는 별도 행으로 분리),유가,2002-11-01,BM-02,상업화 단계 제약사,,BM-01,상업화 제약,Y,특이사항 없음(확인 범위 내),,,"전문의약품(내과·순환기·소화기·신경계 등), 일반 OTC의약품(우루사/임팩타민 등), 바이오시밀러, 혁신 신약(치매·암·자가면역·항암 등) 및 개량신약, 다수의 원료의약품(API) 포함 다양한 치료영역 파이프라인을 구축해 국내외 시장을 동시에 공략합니다. | 전문의약품(소화기·순환기·신경계), 일반의약품(우루사, 임팩타민 등), 신약·개량신약(항암, 당뇨, 희귀질환 등), 바이오시밀러, 대량 API 개발 및 국내외 수출까지 다각적 파이프라인을 운용합니다.","자체 신약·개량신약 임상1~3상 개발, 바이오 신약 및 바이오시밀러 국내외 임상 및 상용화, 신제품·파이프라인은 미국, 중국 등 글로벌 임상 허가와 유럽·동남아시아 수출 확대, 품질·GMP/국제 규제인증, 특허 확대와 라이선싱 아웃에도 적극 나섭니다. | 다수 신약·개량신약 임상(국내외 1~3상), 바이오시밀러·신약 글로벌 허가 및 상용화, 신제품·파이프라인의 미국/중국 등 해외 승인 및 수출, GMP·품질인증, 특허/라이선싱·오픈이노베이션 전략, 신사업 다각화에도 지속적으로 주력합니다.","F103 기타 생산기술, 1000 기타 바이오의약품 등이 적용됩니다.",
003220,KR7003220001,111999,대원제약,,유가,1999-12-15,BM-02,상업화 단계 제약사,,BM-09,상업화 제약,N,특이사항 없음(확인 범위 내),,,"주요 해열진통제(이지엔6이브/이지엔 시리즈), 프로바이오틱스 등 건강기능식품, 비타민·영양제류, 소화·순환·호흡기 등 다양한 완제 의약품 및 드링크형 건강식품 등 다양한 파이프라인을 구축하고 있습니다.","주요 완제의약품(진통제, 영양제, 드링크, 프로바이오틱스 등)은 식약처 허가, 임상·상용화 후 전국적 유통, 신제품 건강식품 OEM 임상시험 및 해외 인증, 신속한 신제형 임상과 품목 등록, R&D와 품질·생산 인프라로 시장 확대 및 글로벌 진출, 차세대 의약·건강식품 임상도 추진 중입니다.","F103 기타 생산기술, 3010 건강기능식품, H602 기능성 식품소재 생산기술 등이 적용되고 있습니다.",
054670,KR7054670005,207375,대한뉴팜,,코스닥,2002-02-26,BM-02,상업화 단계 제약사,,BM-07,상업화 제약,N,특이사항 없음(확인 범위 내),,,"인체용 전문의약품(항생제, 순환기, 소화기 등), 동물용 의약품 및 백신, 건강기능식품(비타민, 미네랄 등), 동물사료 첨가제, 다양한 효소·기능성 소재 라인업을 통합적으로 보유하고 있습니다.","주요 인체·동물의약품, 건강식품, 사료 제품이 국내외 허가·임상을 거쳐 상용화됐으며, 동물백신 신규 파이프라인 임상 및 품목 확장, 기능성 식품소재와 동물사료 신제품은 식약처 인증 및 해외 수출 확대에 집중하고 있습니다.","F103 기타 생산기술, H602 기능성 식품소재 생산기술, H207 동물사료 생산 이용기술, 3010 건강기능식품, 1120 동물용 바이오의약품 등이 적용됩니다.",
023910,KR7023910003,113128,대한약품,,코스닥,1994-11-23,BM-02,상업화 단계 제약사,,,상업화 제약,N,특이사항 없음(확인 범위 내),,,"포도당주사제, 생리식염수주사제, 전해질수액제 등 인체에 꼭 필요한 기초수액 중심으로, 영양수액, 항생제 주사액, 수혈대체제 등 임상환경에서 필수적인 전문주사제 라인업을 폭넓게 보유하였습니다.","포도당·생리식염수 등 주요 수액제품은 식약처 임상·허가 및 GMP 인증 완료, 전국 병원·약국·의료기관 공급, 신제품(특수영양/비타민·복합수액) 개발 임상시험, 안전성·효능 향상 포뮬러 개발, 내수 및 수출용 품질인증, 신규 플랜트 증설 및 물류 자동화로 대량 공급역량도 확고히 다지고 있습니다.","F103 기타 생산기술, 1000 기타 바이오의약품 등이 적용되어 있습니다.",
067080,KR7067080002,210740,대화제약,,코스닥,2003-02-14,BM-02,상업화 단계 제약사,,,상업화 제약,N,특이사항 없음(확인 범위 내),,,"항암제(후로스판, 메토트렉세이트 등), 감염/항생제(세파메칠 등), 순환기·소화기계용 치료제, 고혈압·당뇨병 등 만성질환 치료제 등 다양한 적응증의 전문·완제의약품 라인업을 구축하고 있습니다.","후로스판, 세파메칠 등 주요 품목은 식약처 허가 및 임상·상용화를 완료, 다양한 제형 확장 및 신제형 임상시험 지속, GMP 및 KGMP 인증 보유, 품질 고도화와 수출 확대, 신제품 국내외 시장 출시 및 적응증 확대, 특허 획득에도 적극적입니다.",F103 기타 생산기술 등이 적용됩니다.,
006620,KR7006620009,114686,동구바이오제약,,코스닥,2018-02-13,BM-02,상업화 단계 제약사,,,상업화 제약,N,특이사항 없음(확인 범위 내),,,피부과 및 비뇨기과 용 전문의약품과 완제의약품을 중심으로 다양한 제약제품을 개발·생산하고 있습니다.,"피부·비뇨기계 관련 주요 제품의 상용화와 신제품 개발, 완제의약품 제조 및 생산기술 고도화, 특허·인증 확대에 주력하고 있습니다.",F103 기타 생산기술이 적용되고 있습니다.,
303810,KR7303810006,1233465,동국생명과학,,코스닥,2025-02-17,BM-02,상업화 단계 제약사,,BM-06,상업화 제약,N,특이사항 없음(확인 범위 내),,,"조영제(파미레이, 유니레이 등), 체외진단기(자가혈당측정기, Mobile CT), 의료 AI 플랫폼을 개발하고 있습니다.",진단용 조영제 및 체외진단기기와 AI 기반 의료진단 기술을 개발 및 상용화 중이며 특허와 인증 절차도 진행 중입니다.,"B205 저해물질 스크리닝, K301 DNA 칩 제작 및 활용기술, E105 고속 대량 스크리닝 기술이 적용되고 있습니다.",
086450,KR7086450004,114808,동국제약,,코스닥,2007-05-29,BM-02,상업화 단계 제약사,,,상업화 제약,N,특이사항 없음(확인 범위 내),,,"인사돌(구강점막치료), 복합마데카솔(상처치료 연고), 파미레이(조영제), 비타민/건기식 등 대표 브랜드 제품 및 진단/치료제, 기타 전문의약품 포트폴리오 보유합니다.","대표 완제의약품 다수가 식약처 품목허가 및 임상검증 완료, 지속적 신제품 업그레이드/임상진입(차세대 인사돌, 복합제, 조영제계열 등), 글로벌 특허취득 및 다양한 품목의 CE, 해외시장 진출 확대 노력 중입니다.",F103 기타 생산기술이 적용되고 있습니다.,
002210,KR7002210003,116268,동성제약,,유가,1990-01-19,BM-02,상업화 단계 제약사,,,상업화 제약,N,특이사항 없음(확인 범위 내),,,"의약품(피부·진통·소화기류 등), 염모제(새치·염색약 등), 보습제, 기능성 화장품(기초/두피/헤어/피부 등), 전문의약품, 자체 개발 바이오 신약과 OEM/ODM 사업 등 생활건강 분야 전체를 아우르는 제품 포트폴리오를 구축하고 있습니다.","주요 의약·염모제/화장품 등은 식약처/GMP·ISO 포함, 다수 국내외 인허가 및 임상시험 완료, 신제품 임상·특허출원, 기능성·바이오 신제품 R&D·상용화 속도화, OEM/ODM 신제품 파이프라인 확대, 품질·유통인증 고도화 및 글로벌 시장 맞춤 제품 개발에도 주력합니다.","F103 기타 생산기술, 1000 기타 바이오의약품이 적용되어 있습니다.",
170900,KR7170900005,956930,동아에스티,,유가,2013-04-08,BM-02,상업화 단계 제약사,,BM-01,상업화 제약,Y,특이사항 없음(확인 범위 내),,,"전문의약품, 항체 바이오시밀러, 항암제 등 다양한 치료영역의 혁신 의약품을 중심으로 파이프라인을 구축하고 있습니다.","다양한 전문의약품, 바이오시밀러의 임상 및 상용화, 항체치료제 및 항암제의 글로벌 임상, R&D·특허와 생산기술 혁신 확대에 전사적으로 주력하고 있습니다.","F103 기타 생산기술, 1050 치료용 항체 및 사이토카인제제, B301 항체공학기술이 포함되어 있습니다.",
000020,KR7000020008,119195,동화약품,,유가,1976-03-24,BM-02,상업화 단계 제약사,,BM-01,상업화 제약,Y,특이사항 없음(확인 범위 내),,,"일반의약품(활명수, 까스활명수 등), 전문의약품(항암제, 순환기계, 소화기, 감염 등), 신약 파이프라인, AI 및 바이오벤처 신약개발 투자, 건강기능식품과 OTC 신제품 등 다층적 파이프라인을 구성하고 있습니다.","주력 의약품(활명수 외) 대규모 임상 및 판매, 항암제·신약 등 각종 혁신파이프라인 임상 진행, 신제품 건강기능식품 상용화, 품질·효능 임상 평가, AI/벤처 신약 투자 및 신기술 파트너십 강화, 특허·국내외 인증, 신사업(바이오, 건강기능식품 등) 시장 진입·활성화 중심 전략 확대, 글로벌 시장 개척과 라이선싱 적극 추진.","F103 기타 생산기술, 1000 기타 바이오의약품 등 적용.",
176750,KR7176750008,867034,듀켐바이오,,코스닥,2024-12-20,BM-02,상업화 단계 제약사,,BM-05,상업화 제약,N,특이사항 없음(확인 범위 내),,,"암 및 뇌질환 진단 및 치료용 방사성의약품(FDG, FACBC, 18F-rhPSMA7.3 등)과 진단솔루션 및 치료용 항체 개발에 집중하고 있습니다.","6종의 방사성의약품 허가 제품 보유, 다양한 신제품의 임상·상용화 및 특허 진행 중이며 암 진단·치료, 치매진단 등 진단 및 치료 영역을 확대하고 있습니다.","E104 DNA칩 개발 및 활용기술, B205 저해물질 스크리닝, G301 효소반응공학 등 다양한 진단 및 치료 기반 융합기술을 보유하고 있습니다.",
086900,KR7086900008,580199,메디톡스,,코스닥,2009-01-16,BM-02,상업화 단계 제약사,,BM-06,상업화 제약,N,특이사항 없음(확인 범위 내),,,"보툴리눔 톡신제(메디톡신, 이노톡스, 코어톡스), 히알루론산(HA) 필러 등 다양한 미용·치료 바이오의약품을 개발·생산하고 있습니다.","미용·치료용 톡신 및 필러의 글로벌 임상 및 제품 상용화, 다양한 신제품 연구개발, 국내외 인증·특허 확대와 글로벌 시장 진출 확대에 힘쓰고 있습니다.","F103 기타 생산기술, D301 신규 생체재료 개발기술, 1110 바이오소재 의약품이 적용되고 있습니다.",
017180,KR7017180001,121039,명문제약,,유가,2008-07-10,BM-02,상업화 단계 제약사,,,상업화 제약,N,특이사항 없음(확인 범위 내),,,"ROBAXIN(근이완/진정주사), KIMITE(항구토 패취) 등 근골격계, 신경용, 진통·진정, 해열 등 다양한 치료영역 제형 제품을 다수 보유하고, 장기적으로 신제품 개발에 힘쓰고 있습니다.","주력제품은 오랜 임상 및 판매 실적이 있으며, 신제형/신성분 확장 임상과 리뉴얼, 업그레이드 제품 임상시험 (예: 새로운 서방정, 복합제 등)을 적극적으로 진행, 품질인증(KGMP, ISO) 및 허가·수출 확대에 주력하고 있습니다.",F103 기타 생산기술이 적용되고 있습니다.,
317450,KR7317450005,179489,명인제약,,유가,2025-10-01,BM-02,상업화 단계 제약사,,,상업화 제약,N,특이사항 없음(확인 범위 내),,,"신경정신계 및 구강계열 완제의약품 제조. 개별 후보물질, 제품 허가, 인허가/도입 레퍼런스는 DART와 회사 IR, 식약처 자료 기준으로 2차 구조화가 필요합니다.","신약개발사는 후보물질·적응증·임상단계를, 의료기기/디지털헬스 기업은 제품 인허가·인증·병원 도입 레퍼런스를 별도 추적합니다.",F100 후보물질·플랫폼 기술,http://www.myunginph.co.kr
354390,KR7354390007,533809,바스칸바이오제약,,코넥스,2022-07-20,BM-02,상업화 단계 제약사,,,상업화 제약,N,특이사항 없음(확인 범위 내),,,"처방·일반의약품, 의료기기(특히 약물방출형), 다양한 의약소재와 제품 개발 등 복수 의약 부문의 융합 제품 및 신약 개발을 추진하고 있습니다.","각종 의약품과 의료기기 제품의 상용화와 특허 확대, 신규 생체재료 개발을 통한 의약·의료기기 융합 신제품의 임상 및 관련 인증 실적을 지속적으로 늘리고 있습니다.","F103 기타 생산기술, D301 신규 생체재료 개발기술 등이 적용되고 있습니다.",
086820,KR7086820008,560982,바이오솔루션,,코스닥,2018-08-20,BM-02,상업화 단계 제약사,,BM-01,상업화 제약,Y,특이사항 없음(확인 범위 내),,,"인체유래 조직모델 개발, 세포치료제, 3D 세포배양 등 혁신적인 재생의학 솔루션 파이프라인을 보유하고 있습니다.","세포치료제 및 인체유래 조직모델의 임상·상용화, 만능줄기세포, 동물세포배양 기반 신제품의 임상 적용 확대, 관련 특허·인증 확대에 주력하고 있습니다.","D101 만능줄기세포 활용기술, G201 동물 세포배양공학기술 등이 적용되고 있습니다.",
003850,KR7003850005,123143,보령,,유가,1988-10-24,BM-02,상업화 단계 제약사,,BM-01,상업화 제약,Y,특이사항 없음(확인 범위 내),,,"고혈압치료제(카프릴 등), 소화제(겔포스), 각종 항암제(표적·항체 치료제 포함), 만성질환(심혈관·당뇨·소화기) 중심 전문의약품과 일반의약품, 신약 및 제네릭 개발을 병행하며, 종합 치료영역 포트폴리오 구축에 집중하고 있습니다.","고혈압·항암·소화기 주력 제품의 국내외 허가·상용화, 신제형 및 신약 임상 등록, 다품목 제네릭 및 복합제 임상시험 추진, 국내외 품질 및 수출 인증, 해외시장 진출과 협업 확대, 신약·제제 업그레이드 및 차세대 항암제 임상/특허 확보에도 역점을 두고 있습니다.","F103 기타 생산기술, 1000 기타 바이오의약품 등이 적용되어 있습니다.",
003000,KR7003000007,123718,부광약품,,유가,1988-08-05,BM-02,상업화 단계 제약사,,BM-01,상업화 제약,Y,특이사항 없음(확인 범위 내),,,"대표제품인 레가론(간질환 치료제), 부광안티프라그(항바이러스제), 신경계, 감염성질환, 순환기·내분비·소화기 등 다양한 적응증 신약·제네릭 의약품, 신약 R&D와 혁신 파이프라인, 오리지널 및 라이선스 품목까지 폭넓은 포트폴리오가 특징입니다.","기존 간질환/항바이러스/신경계 전문의약품의 임상 및 식약처 허가, 신약·제네릭 임상시험, 글로벌 품목 출시 및 인증, 신약개발(항바이러스, 항암, 희귀질환 등) 파이프라인 확대, 품질·GMP 인증 등 생산-유통-연구 전주기 고도화에도 주력합니다.","F103 기타 생산기술, 1000 기타 바이오의약품 등이 적용되어 있습니다.",
439580,KR7439580002,1559637,블루엠텍,,코스닥,2023-12-13,BM-02,상업화 단계 제약사,02-D 의약품 유통,,상업화 제약,N,특이사항 없음(확인 범위 내),,,"KIND 주요제품 기준으로 의약품 유통업를 중심으로 한 의약품·바이오헬스 제품/개발 후보군을 보유한 것으로 분류됩니다. 개별 후보물질명, 적응증, 임상단계는 DART 사업보고서 및 회사 IR 자료를 통한 2차 검수가 필요합니다.","상장법인목록에서는 임상단계가 별도 제공되지 않으므로, 현재는 '의약품 유통업' 관련 사업·제품 보유 기업으로 1차 태깅했습니다. 임상 파이프라인 여부는 DART 연구개발활동, 임상시험정보, 회사 공시 기준으로 추가 구조화가 필요합니다.",F103 생산기술·제형기술,http://www.bluemtec.com
082800,KR7082800004,533191,비보존 제약,비보존제약,코스닥,2005-11-18,BM-02,상업화 단계 제약사,,BM-01,상업화 제약,Y,특이사항 없음(확인 범위 내),,,"신경질환(통증, 정신신경질환 등) 치료용 완제의약품, 개량·복합 신약, 다양한 제네릭 의약품 포트폴리오를 보유하고, 신경계 의약·신약 개발에 역량을 집중하고 있습니다.","신경계 치료제 등은 임상·허가 및 상용화 경험이 풍부하며, 신약 후보물질의 임상시험, 신규 제제·복합제형 임상, 제네릭제품 허가·출시 등 신규 파이프라인 확장을 진행 중입니다. 글로벌 GMP 및 품질인증 등 생산경쟁력도 지속 강화 중입니다.",F103 기타 생산기술이 적용됩니다.,
200780,KR7200780005,256043,비씨월드제약,,코스닥,2014-12-15,BM-02,상업화 단계 제약사,,,상업화 제약,N,특이사항 없음(확인 범위 내),,,"마취통증 약제, 순환기계 치료제, 항생제 등 전문의약품을 중심으로 다양한 치료분야 제품 개발과 생산에 주력하고 있습니다.","주요 마취·순환기·항생제 등 전문의약품의 임상 및 상용화, 신제품 개발과 품질 인증 확보, 생산설비 확충과 글로벌 시장 진출 확대에도 힘쓰고 있습니다.",F103 기타 생산기술이 적용되고 있습니다.,
0126Z0,KR70126Z0002,1965324,삼성에피스홀딩스,,유가,2025-11-24,BM-02,상업화 단계 제약사,,BM-10,상업화 제약,N,특이사항 없음(확인 범위 내),,,,,,
001360,KR7001360007,126414,삼성제약,,유가,1975-07-04,BM-02,상업화 단계 제약사,,BM-09,상업화 제약,N,특이사항 없음(확인 범위 내),,,"까스명수(위장약), 쓸기담(간·담도계 치료제), 해열·진통·감기약 등 완제의약품, 다양한 건강기능식품(비타민·유산균 등) 포트폴리오, OEM/ODM 사업, 신제품(복합제, 신제형)도 지속 확대 중.","주력 OTC·완제의약품의 허가·상용화, 건강기능식품 신제품 인증 및 OEM 확대, 신제형 개발 및 국내외 특허, 자동화 대량생산 및 공급망 역량 강화, 식약처/GMP 품질 인증과 내수·수출 다각화에 힘쓰고 있습니다.","F103 기타 생산기술, 1000 기타 바이오의약품 등이 적용됩니다.",
009300,KR7009300005,126788,삼아제약,,코스닥,2000-07-19,BM-02,상업화 단계 제약사,,,상업화 제약,N,특이사항 없음(확인 범위 내),,,"정장제(유산균 등), 해열진통제, 진해거담제, 감기약, 소화제, 일반·전문의약품 위주로 경구제, 액제, 시럽, 연고 등 다양한 제형 완제의약품을 제품 라인업에 포함합니다.","주력 제품군의 식약처 품목허가 및 대규모 상용화, 신제형(소화제·진해거담제 등) 임상 및 신제품 허가, 특허 기반의 제형 연구, 품질관리 및 식약처·GMP 인증, 신제품 국내외 출시·ODM 파트너십 확장에 힘을 기울이고 있습니다.","F103 기타 생산기술, 1000 기타 바이오의약품 등이 적용되어 있습니다.",
0120G0,KR70120G0001,1965333,삼양바이오팜,,유가,2025-11-24,BM-02,상업화 단계 제약사,,BM-06,상업화 제약,N,특이사항 없음(확인 범위 내),,,"KIND 주요제품 기준으로 의료기기 및 의약품 중심의 의료기기·디지털헬스 솔루션을 보유한 기업입니다. 신약 임상 파이프라인보다는 제품 허가, 인증, 병원 도입, 소프트웨어/기기 고도화 현황을 추적하는 유형입니다.","의료기기/디지털헬스 기업으로, 전통적 Phase 1~3 임상단계보다는 식약처/해외 인허가, 제품 인증, 임상적 성능평가, 병원 레퍼런스 확인이 필요합니다.",K400 의료기기·진단기술,http://www.samyangbiopharm.com
014950,KR7014950000,127875,삼익제약,,코스닥,2025-10-27,BM-02,상업화 단계 제약사,,,상업화 제약,N,특이사항 없음(확인 범위 내),,,"완제의약품 제조 및 의약품 위탁생산(CMO). 개별 후보물질, 제품 허가, 인허가/도입 레퍼런스는 DART와 회사 IR, 식약처 자료 기준으로 2차 구조화가 필요합니다.","신약개발사는 후보물질·적응증·임상단계를, 의료기기/디지털헬스 기업은 제품 인허가·인증·병원 도입 레퍼런스를 별도 추적합니다.",F100 후보물질·플랫폼 기술,http://www.samik.co.kr
000520,KR7000520007,128032,삼일제약,,유가,1985-05-29,BM-02,상업화 단계 제약사,,,상업화 제약,N,특이사항 없음(확인 범위 내),,,,,,
005500,KR7005500004,128412,삼진제약,,유가,1988-06-18,BM-02,상업화 단계 제약사,,BM-01,상업화 제약,Y,특이사항 없음(확인 범위 내),,,"대표 해열진통제(게보린 시리즈), 소화제, 염산나록손(해독·신경계 치료), 순환기·내분비·항생제 등 다양한 완제의약품, 혁신 신약, 약초/생약 원료까지 포트폴리오 다각화에 주력, 의약품 생산과 원재료까지 전 과정에 관여하는 종합 기업임.","대표 약물 임상·허가 및 대량 생산, 신제품(복합제·기능성 신제형 등) 임상시험, 복합 생약제와 자체 약초·생약 원료 개발 및 임상, GMP·ISO 인증, 혁신약 임상진행과 신시장 진출, 내외부 파트너십 및 특허관리까지 종합 역량을 집중합니다.","F103 기타 생산기술, 1000 기타 바이오의약품 등이 적용되어 있습니다.",
000250,KR7000250001,128546,삼천당제약,,코스닥,2000-10-04,BM-02,상업화 단계 제약사,,BM-01,상업화 제약,Y,특이사항 없음(확인 범위 내),,,"대표 안과용 완제의약품(하메론), 다양한 주사제 및 점안액, 항생제·항염증제·백내장·녹내장용 약물 등 안과질환, 감염성 및 만성질환용 의약품, 자체 제조 원료의약품(API) 생산까지 다각화된 파이프라인을 보유합니다.","대표 상품(하메론 등)은 이미 상품화되어 처방 및 시판 중이며, 다양한 신제형 점안제·주사제의 임상 및 허가, 품질 및 안전성 중심의 연구확대, 국내외 GMP 인증, 글로벌 API 공급, 유럽·아시아·남미 수출 협력 등 지속 성장에 집중하고 있습니다.","F103 기타 생산기술, 1000 기타 바이오의약품 등이 적용되어 있습니다.",
018680,KR7018680009,131018,서울제약,,코스닥,2000-08-18,BM-02,상업화 단계 제약사,,,상업화 제약,N,특이사항 없음(확인 범위 내),,,"정제, 연질캡슐, 크림류, 페이스트류 등 다수의 완제의약품 파이프라인 보유(감기약, 진통제, 소화기제 등), 제품 ODM/CMO, 건강기능식품 원료·제형 다양화 사업 확대도 병행합니다.","주력제품 임상·식약처 허가/상용화, 연질캡슐 및 신형 크림류 신제품 개발·임상, ODM/CMO 생산 확대 및 파트너사 협업 세분화, 해외 품질규격 인증, 신제품/업그레이드 제품 임상시험 확대와 특허확보에 역점을 두고 있습니다.","F103 기타 생산기술, 1000 기타 바이오의약품 등 적용.",
068270,KR7068270008,413046,셀트리온,,유가,2018-02-09,BM-02,상업화 단계 제약사,,BM-01,상업화 제약,Y,특이사항 없음(확인 범위 내),,,"항체 바이오시밀러(램시마 등), 신규 바이오의약 신약 등 글로벌 시장을 겨냥한 다양한 항체 기반 치료제와 신약 개발을 주력으로 하고 있습니다.","글로벌 시장을 겨냥한 항체 바이오시밀러·신약의 상용화, 다양한 국가에서의 임상시험 및 승인, 항체공학 및 표적지향 면역요법 기술력 확장에 집중하고 있습니다.","B301 항체공학기술, M303 표적지향 면역요법기술 등이 적용되고 있습니다.",
068760,KR7068760008,541349,셀트리온제약,,코스닥,2006-02-03,BM-02,상업화 단계 제약사,,,상업화 제약,N,특이사항 없음(확인 범위 내),,,"램시마(인플릭시맙), 트룩시마(리툭시맙), 허쥬마(트라스투주맙) 등 항체 기반 바이오시밀러 파이프라인을 주력으로 하며, 자가면역‧암 등 치료용 신약 생산까지 확대하고 있습니다.","램시마 등 주요 바이오시밀러 제품군은 글로벌 다수 국가에서 상용화 및 임상 허가를 획득했으며, 추가 소분시장 진출 및 신제품 R&D에도 집중하고 있습니다. 바이오의약품 신기술, 표적항체 신약, 다양한 병용 요법 제품 임상 확장과 글로벌 특허 네트워크 확대에도 역량을 모으고 있습니다.","B301 항체공학기술, M303 표적지향 면역요법기술 등이 적용됩니다.",
002800,KR7002800001,136448,신신제약,,코스닥,2017-02-28,BM-02,상업화 단계 제약사,,,상업화 제약,N,특이사항 없음(확인 범위 내),,,"신신파스 등 다양한 파스·습포제, 치통치료제, 첩부제 등 외용제와 각종 생활화학·의약 제품 생산을 주력으로 하고 있습니다.","외용제 및 파스류 중심 제품의 상용화, 방출제어 제형 신제품 개발, 신규 제형 및 제품 인증·특허 확대에 주력하고 있습니다.",M201 방출제어 제형기술이 적용되고 있습니다.,
012790,KR7012790002,137058,신일제약,,코스닥,1999-08-13,BM-02,상업화 단계 제약사,,,상업화 제약,N,특이사항 없음(확인 범위 내),,,"주요 완제의약품(부루펜 진통제/해열제, 액티피드(감기약), 포리부틴(소화기용), 페이스트형 패취 등), 종합 진통·감기·소화기, 순환기·호흡기 등 다수의 치료용 완제 및 패취 라인업이 있습니다.","다수 제품군은 이미 임상 및 허가·상용화 완료, 신제품(패취제·복합정 등)은 추가 임상·식약처 인증 및 수출 확대, 기존 의약품 업그레이드(신제형, 부작용 저감 등) 신규 임상, OEM·ODM 파트너십, 품질 시스템 고도화와 시장다변화에도 힘쓰고 있습니다.","F103 기타 생산기술, 1000 기타 바이오의약품 등이 적용되어 있습니다.",
019170,KR7019170000,137359,신풍제약,,유가,1990-01-20,BM-02,상업화 단계 제약사,,BM-01,상업화 제약,Y,특이사항 없음(확인 범위 내),,,"대표 글로벌 신약 항말라리아제(피라맥스), 주요 항생제(경구제·주사제), 각종 감염·만성질환용 전문의약품, 신약 연구개발 및 개량신약, 특수의약품까지 다양한 파이프라인을 구축하고 있습니다.","피라맥스 등 항말라리아제는 국내외 다수 국제임상 및 WHO PQ 승인, 신약·항생제 임상과 상품화, 국내외 품목허가·GMP 공장, 개량신약 파이프라인 추가 개발, 특허·신제품 개발, 글로벌 품질 인증·수출 시장 확대, 현지화 임상지원 등 적극 전개 중입니다.","F103 기타 생산기술, 1000 기타 바이오의약품이 적용되어 있습니다.",
074430,KR7074430000,466428,아미노로직스,,코스닥,2004-06-04,BM-02,상업화 단계 제약사,,,상업화 제약,N,특이사항 없음(확인 범위 내),,,"아미노산·펩타이드 등 바이오신소재, 주요 치료용 원료의약품(API), 합성소재·중간체, DVR 영상처리 칩 등 바이오와 IT융합 신사업 라인까지 확보하고 있습니다.","API·바이오신소재 등 주요 제품 임상 및 상용화, 신바이오소재(첨단 신약소재 포함) 개발, 영상처리 신사업 시장진입, 국내외 GMP 인증⋅식약처 품질인증 획득, 신약·소재·IT 융합 연구에도 주력합니다.",F103 기타 생산기술 등이 적용되고 있습니다.,
175250,KR7175250000,554352,아이큐어,,코스닥,2018-07-12,BM-02,상업화 단계 제약사,,BM-04,상업화 제약,Y(주의 플래그),관리종목,KRX 전종목 기본정보(2026-09-24) 소속부: 관리종목(소속부없음),주의: 관리종목 (2026-09-24 기준). KRX 전종목 기본정보(2026-09-24) 소속부: 관리종목(소속부없음),"경피약물전달시스템(TDDS) 기반 패취 의약품, 맞춤형 의약품 패취, 기능성 마스크팩 등 바이오 소재·기반 다양한 제품을 개발·생산하고 있습니다.","패취형 의약품 및 신기술 기반 제품 임상과 상용화, 방출제어·약물전달 신기술 개발, 바이오 화장품 분야 신제품 확대 및 특허와 인증 취득에 주력하고 있습니다.","M201 방출제어 제형기술, M202 약물전달용 생물소재기술 등이 적용되고 있습니다.",
001540,KR7001540004,139205,안국약품,,코스닥,2000-06-15,BM-02,상업화 단계 제약사,,BM-09,상업화 제약,N,특이사항 없음(확인 범위 내),,,"소화제(에너자임 등), 종합비타민제(안국비타민C 등), 완제의약품(내과/순환기/소화기), 기능성 건강식품(장/간/면역 등), F103 기반 자동화 설비 및 건강기능식품 OEM/ODM, H602 기능성 식품소재 생산기술까지 다방면의 파이프라인을 갖추고 있습니다.","완제의약품, 건강기능식품의 식약처 임상 및 상용화, 기능성 원료·신제품의 국내외 특허 및 인증, 신제품 건강식품 개발과 효능 검증, OEM/ODM 파트너 확대, 글로벌 시장 수출, 신규 건강기능소재 개발·임상 및 제품화에도 집중하고 있습니다.","F103 기타 생산기술, H602 기능성 식품소재 생산기술, 3010 건강기능식품, 1000 기타 바이오의약품 등이 적용되어 있습니다.",
260660,KR7260660006,447007,알리코제약,,코스닥,2018-02-12,BM-02,상업화 단계 제약사,,,상업화 제약,N,특이사항 없음(확인 범위 내),,,"다양한 완제의약품과 항생제, 심혈관·소화기계 등 주요 질환군의 제네릭 의약품 개발 및 생산에 주력하고 있습니다.","다양한 질환군 완제의약품 및 제네릭 신제품 개발, 상용화, 의약품 생산기술 혁신 및 품질 인증, 특허 확보에 집중하고 있습니다.",F103 기타 생산기술이 적용되고 있습니다.,
0156T0,KR70156T0003,624244,에이치엘지노믹스,,코스닥,2026-07-24,BM-02,상업화 단계 제약사,,,상업화 제약,N,특이사항 없음(확인 범위 내),,,,,,
007460,KR7007460009,152385,에이프로젠,합병 전 제조업 레거시 존재,유가,1995-07-08,BM-02,상업화 단계 제약사,,BM-03,상업화 제약,N,특이사항 없음(확인 범위 내),,,레미케이드 바이오시밀러 등 항체의약품·바이오시밀러 파이프라인과 오송 바이오 생산설비를 중심으로 추적합니다.,"개별 바이오시밀러 품목별 개발단계, 허가국가, 판매/제휴 현황은 DART 및 회사 IR 기준으로 별도 구조화합니다.",B1 바이오시밀러·항체의약품 기술,http://www.aprogen.com
003060,KR7003060001,101044,에이프로젠바이오로직스,,유가,1984-10-19,BM-02,상업화 단계 제약사,,BM-03,상업화 제약,N,특이사항 없음(확인 범위 내),,,"항체치료제·항체의약품(바이오시밀러, 바이오신약 포함) 대량생산, 글로벌 기준 CDMO 서비스(수탁 R&D~대량생산까지), 치료용 항체 및 완제 바이오의약품 생산플랫폼, OEM·기술 수출까지 통합 역량 확보.","대표 항체 바이오의약품 다수 생산 및 국내외 공급, 글로벌 파트너사 대상 CDMO 대형 프로젝트 확대, 바이오 신약 임상·기술수출, 국제 품질/허가 인증, 신공장 증설 및 생산량 확대, 국내외 위탁 바이오의약품 시장 선도, 플랫폼 기술 특허와 라이선싱 강화.","B301 항체공학기술, G5 산업화기술, 8010 바이오 위탁생산·대행 서비스, 1050 치료용 항체 및 사이토카인제제 등이 적용됩니다.",
003520,KR7003520004,141149,영진약품,,유가,1973-06-25,BM-02,상업화 단계 제약사,,,상업화 제약,N,특이사항 없음(확인 범위 내),,,"항생제(경구·주사제, 신제형 포함), 영양수액제(수분·전해질·영양보충 등), 드링크 건강보조제, 각종 일반의약품, 제네릭 제품군, 해열·감기약 등 다양한 치료영역 완제의약품 라인업을 갖추고 있습니다.","주력 항생제·영양수액제 등 다수 제품의 임상·허가·상용화 및 전국 유통, 신제형·신제품 임상 및 허가, 제네릭 신약 추가 개발, 품질/안전성 인증 갱신, OEM·ODM 신제품 라인 신속 확대와 수출, 신제품 R&D 및 시장협력에 주력합니다.","F103 기타 생산기술, 1000 기타 바이오의약품 등이 적용됩니다.",
476060,KR7476060009,1632912,온코닉테라퓨틱스,,코스닥,2024-12-19,BM-02,상업화 단계 제약사,,BM-01,상업화 제약,Y,특이사항 없음(확인 범위 내),,,"자큐보정(위산분비억제제, 1호 제품), Nesuparib(표적항암제, PARP 억제제 신약) 등 다양한 오리지널·개량신약, 자회사 파이프라인 기반 면역항암제·타깃치료제·암동반진단 등 다각화된 신약개발 라인업을 보유합니다.","자큐보정 등 P-CAB 신약 국내외 품목허가 및 상용화 성공, 항암 신약 Nesuparib 글로벌 임상진입 및 기술이전 추진, 신약 파이프라인 추가(자회사 파이프라인 연계), 비임상·임상시험 데이터 축적, 글로벌 임상 및 기술수출 전략에 집중하고 있습니다.","F103 기타 생산기술, 1000 기타 바이오의약품 등이 적용됩니다.",
131030,KR7131030009,831428,옵투스제약,,코스닥,2010-12-03,BM-02,상업화 단계 제약사,,,상업화 제약,N,특이사항 없음(확인 범위 내),,,"다양한 안과용 의약품(점안제 등), 일반 내과 치료제, 신약 개발에 중점을 두고 있습니다.","다양한 점안제·완제의약품의 임상 및 상용화, 신약 파이프라인 확대, 품질관리 및 국내외 인증, 신제품 출시 확대에 주력하고 있습니다.",F103 기타 생산기술이 적용되고 있습니다.,
330350,KR7330350000,765851,위더스제약,,코스닥,2020-07-03,BM-02,상업화 단계 제약사,,,상업화 제약,N,특이사항 없음(확인 범위 내),,,순환기계와 기타 다양한 질환군을 대상으로 한 완제의약품 제조와 도소매 유통을 주력 사업으로 하고 있습니다.,"주요 완제의약품의 임상 및 상용화와 함께, 다양한 치료 분야에 맞는 신제품 개발 및 인증 확대에 주력하고 있습니다.",F103 기타 생산기술 등이 적용되고 있습니다.,
033270,KR7033270000,158963,유나이티드,한국유나이티드제약,유가,2007-10-23,BM-02,상업화 단계 제약사,,BM-01,상업화 제약,Y,특이사항 없음(확인 범위 내),,,"홈타민 진생연질캡슐(비타민제), 다양한 항암제, 항생제, 고혈압·심혈관계·소화기 치료제, 전문 처방약 등 폭넓은 전문의약품 포트폴리오를 갖추고 있습니다.","주요 주력 제품 및 신제형 의약품들은 임상/허가/상용화까지 완료되어 국내외 시장에서 널리 처방되고 있습니다. 신규 항암제·항생제 파이프라인의 글로벌 임상확대, 개량신약 및 복합제허가 촉진, 국산 원료약 도입, 특허 및 우수의약품 제조인증 취득도 적극적으로 추진하고 있습니다.",F103 기타 생산기술 등이 적용되고 있습니다.,
206650,KR7206650004,927558,유바이오로직스,,코스닥,2017-01-24,BM-02,상업화 단계 제약사,,BM-03,상업화 제약,N,특이사항 없음(확인 범위 내),,,"경구용 콜레라 백신 등 감염병 백신 개발·상용화, 다양한 바이오의약품 수탁 연구/제조(CDMO) 프로젝트를 추진하고 있습니다.","경구용 콜레라 백신의 상용화와 임상, 신기술(DNA백신 등) 개발과 CDMO 사업을 통한 다양한 바이오의약품 생산 및 글로벌 파트너십 확대에 힘쓰고 있습니다.","A409 DNA 백신기술, G5 산업화기술, 8010 바이오 위탁생산·대행 서비스 등이 적용되고 있습니다.",
000220,KR7000220004,144818,유유제약,,유가,1975-11-18,BM-02,상업화 단계 제약사,,BM-09,상업화 제약,N,특이사항 없음(확인 범위 내),,,"안과(백내장, 녹내장, 안염증 등) 전문의약품, 순환기 질환 전문약(고혈압, 동맥경화 등), 소화기·근골격·항생제 등 다양한 전문·일반 의약품, 건강기능식품(비타민, 오메가3, 기능성소재 등)으로 폭넓은 라인 구축.","주력 안과 및 순환기 질환 약품 임상·허가 후 전국 처방, 건강기능식품 신제품 식약처 인증, 신소재 R&D 및 임상, 신제형 임상과 국내외 품목 확대, OEM/ODM 건강식품 대량 생산, 글로벌 시장 개척과 특허 확대에도 적극적.","F103 기타 생산기술, H602 기능성 식품소재 생산기술, 3010 건강기능식품, 1000 기타 바이오의약품 등이 적용됩니다.",
000100,KR7000100008,145109,유한양행,,유가,1962-11-01,BM-02,상업화 단계 제약사,,BM-01,상업화 제약,Y,특이사항 없음(확인 범위 내),,,"혁신신약(항암제, 슈펙트 등), 각종 만성질환 및 감염질환 치료제, 대표 일반의약품(삐콤씨 비타민시리즈), 건강기능식품(비타민, 칼슘, 오메가3 등), 제네릭 등 포트폴리오가 광범위하며, 대형 글로벌 기술수출과 신약허가 파이프라인을 동시에 추진합니다.","신약 후보(항암제·면역질환 등) 국내외 임상 1~3상 진행, 일부 글로벌 기술이전 후 2·3상 동시추진, 유한 전문약/OTC 제품들은 대형 유통망을 통한 시장 점유율 확립, 건강기능식 신제품 다수 식약처 인증 및 상용화, 글로벌 품질/특허, 생산/물류 인프라까지 통합 경쟁력 확보 중입니다.","F103 기타 생산기술, 3010 건강기능식품, H602 기능성 식품소재 생산기술, 1000 기타 바이오의약품 등이 적용됩니다.",
102460,KR7102460003,145598,이연제약,,유가,2010-06-10,BM-02,상업화 단계 제약사,,,상업화 제약,N,특이사항 없음(확인 범위 내),,,"원료의약품, 다양한 완제의약품, DDS(약물전달시스템) 플랫폼, 항체·유전자치료제 등 폭넓은 신약 개발과 생산 파이프라인을 구축하고 있습니다.","다양한 신약·플랫폼의 임상 및 상용화, 원료의약품 및 완제 생산 역량을 바탕으로 바이오와 DDS, 새로운 치료제 임상개발과 제품화, 특허 확대에 역점을 두고 있습니다.",F103 기타 생산기술이 적용되고 있습니다.,
249420,KR7249420001,1168383,일동제약,(원본에 병합돼 있던 일동홀딩스는 별도 행으로 분리),유가,2016-08-31,BM-02,상업화 단계 제약사,,BM-01,상업화 제약,Y,특이사항 없음(확인 범위 내),,,"아로나민, 후루마린, 큐란, 라비에트, 사미온 등 다양한 브랜드의 완제의약품과 건강기능식품 등 종합적인 의약/건기식 파이프라인을 보유하고 있습니다. | 일동제약, 일동바이오사이언스, 일동헬스케어 등 계열사 관리와 연구·유통·마케팅 전략, 신약·바이오의약 사업 전략 수립, 그룹사 신제품 개발·상용화 지원, 통합 브랜드 관리 및 글로벌 협업 전략에 집중합니다.","완제의약품 및 건강기능식품의 상용화, 신제품 및 건강식품소재 개발과 인증, 다양한 건강기능 제품 라인업 확장에 주력하고 있습니다. | 계열사 신약·완제 개발 및 상용화, 글로벌 임상·파트너십, 건강기능식품 신제품 시장화, 바이오·신약 임상 및 식약처/GMP 인증 이행, 신사업 투자·벤처·기술이전 등 미래 성장역량 중심 전략을 강력히 추진합니다.","F103 기타 생산기술, H602 기능성 식품소재 생산기술이 적용되고 있습니다. | F103 기타 생산기술, 1000 기타 바이오의약품 등이 적용됩니다.",
003120,KR7003120003,146214,일성아이에스,,유가,1985-01-14,BM-02,상업화 단계 제약사,,,상업화 제약,N,특이사항 없음(확인 범위 내),,,"항생제(정제, 주사제 등), 각종 피부질환 연고(항염, 항바이러스), 영양제(수액제, 비타민, 미네랄 등), 일반 및 전문의약품, 다양한 경구제·주사제·연고제 생산까지 폭넓게 포트폴리오를 갖추고 있습니다.","주요 항생제 및 영양제 다수 식약처 임상·허가 및 상용화, 신제형·복합의약품 임상 연구, 품질인증(GMP 등), 신제품 라인업 확장, 맞춤형·병원·약국 대상 공급망 강화, 조인트벤처/ODM 신사업, 특허 및 유통망도 지속 확대.",F103 기타 생산기술 등이 적용됩니다.,
007570,KR7007570005,146454,일양약품,,유가,1974-08-28,BM-02,상업화 단계 제약사,,BM-01,상업화 제약,Y,특이사항 없음(확인 범위 내),,,"대표 항암제 슈펙트(이매티닙 계열 만성골수성백혈병 치료제), 다수 항암제 및 감염병 백신, 일반의약품, 제네릭 의약품, 신약/개량신약, 백신, API 개발 등 폭넓은 파이프라인을 보유합니다.","슈펙트 등 주요 항암제 국내외 임상1~3상 및 글로벌 허가, 신약/개량신약 파이프라인 임상진행, 백신 신제품 임상 및 상용화, 국내외 품질·GMP 인증, 적응증 확대·글로벌 기술수출 등 신제품·신사업 개발을 강화하고 있습니다.","F103 기타 생산기술, 1030 백신, A409 DNA 백신기술, 1000 기타 바이오의약품 등이 적용됩니다.",
271980,KR7271980005,1236897,제일약품,(원본에 병합돼 있던 제일파마홀딩스는 별도 행으로 분리),유가,2017-07-17,BM-02,상업화 단계 제약사,,BM-01,상업화 제약,Y,특이사항 없음(확인 범위 내),,,"완제의약품과 원료의약품(순환기계, 감기약 등 다양한 질환군) 개발·생산에 특화된 파이프라인을 보유하고 있습니다. | 계열사 중심의 전문의약품 및 일반의약품, 건강기능식품, 외용제, 파프·푸라솔[부착형 소염진통제], 노엘 등 브랜드, 도매·유통, 신약개발 및 R&D 사업 경영·관리.","주력 완제의약품, 원료의약품의 임상 개발 및 상용화, 신제품 개발과 품질·생산인증 확장, 글로벌 진출에 적극적입니다. | 주요 계열사 의약품 국내외 시장 공급, 신약 및 제네릭 R&D 파이프라인 관리, 제조~유통~마케팅 전주기 시스템 최적화, 도매·해외수출 등 네트워크 확장, 그룹차원의 신사업 진출 정책 전략화에 주력.","F103 기타 생산기술이 적용되고 있습니다. | F103 기타 생산기술, 1000 기타 바이오의약품 등이 적용됩니다.",
034940,KR7034940007,231831,조아제약,,코스닥,1999-08-13,BM-02,상업화 단계 제약사,,BM-09,상업화 제약,N,특이사항 없음(확인 범위 내),,,"다양한 적응증의 전문·일반의약품(소화기·순환기·신경계·감기약 등), 기능성 건강음료(비타민, 활력음료 등), 건강기능식품, 천연물 의약품, 식물성 바이오의약 등 다각적 파이프라인을 구축하고 있습니다.","첨단 건강기능식품 및 전문의약품의 임상·허가·상용화, 천연물·식물추출 신약 개발(예: 천연 항염, 신경보호 등) 임상 진행, GMP·ISO 등 국내외 품질·안전성 인증 획득, 신제품·신제형 임상과 글로벌 유통, OEM 건강음료 임상효능 평가, 신사업 건강음료 및 기능식품 해외 시장 진출에도 역점을 두고 있습니다.","F103 기타 생산기술, H602 기능성 식품소재 생산기술, 3010 건강기능식품, 1000 기타 바이오의약품 등이 적용됩니다.",
185750,KR7185750007,992871,종근당,(원본에 병합돼 있던 종근당홀딩스는 별도 행으로 분리),유가,2013-12-06,BM-02,상업화 단계 제약사,,BM-01,상업화 제약,Y,특이사항 없음(확인 범위 내),,,"완제의약품(딜라트렌, 리피로우 등), 각종 의약품 원료, 신약개발 등 다양한 치료영역의 의약품 및 원료 생산을 파이프라인으로 보유하고 있습니다. | 그룹 내 전문·일반의약품 (종근당, 종근당바이오, 종근당건강 등), 신약·바이오신약 개발(항암제, 백신, 면역·줄기세포 등), 건강기능식품·바이오 소재 투자, 계열사 신사업 전략기획 등 다각적인 사업 포트폴리오를 직접 관리합니다.","주요 완제의약품의 임상 및 상용화, 신약 파이프라인의 개발, 품질 인증과 글로벌 시장 진출에 적극적으로 주력하고 있습니다. | 종근당그룹 내 신약 파이프라인(항암·면역 등) 임상3상 및 상용화 전략지원, 바이오의약/건강식품·신사업 R&D 기획 및 투자, 계열사 품질/생산·임상인증, 글로벌 인증(GMP, 해외허가 등), 신사업/벤처투자 확대와 산학협력도 주도함.","F103 기타 생산기술이 적용되고 있습니다. | F103 기타 생산기술, 1000 기타 바이오의약품이 적용됩니다.",
063160,KR7063160006,390055,종근당바이오,,유가,2001-12-11,BM-02,상업화 단계 제약사,,,상업화 제약,N,특이사항 없음(확인 범위 내),,,"항생제 원료(API), 면역억제제, 발효 기반 의약품 원료(시로리무스 등), 대규모 미생물 배양 및 발효·정제기술 중심의 바이오산업 원료 파이프라인을 폭넓게 보유하고 있습니다.","항생제 등 주요 원료의약품은 글로벌 규격에 맞춰 상업화되어 다국적 제약사 납품, GMP/식약처 및 해외 품질·허가(CEP, US FDA 등) 보유, 미생물 대사생산 신기술 기반 신원료 확장, 신규 바이오원료 상용화·특허 승인 및 국제시장 수출 확대에 집중합니다.","F101 1차 대사산물 생산기술, 1020 바이오저분자량의약품 등이 적용됩니다.",
204840,KR7204840003,1042359,지엘팜텍,,코스닥,2014-11-20,BM-02,상업화 단계 제약사,,BM-01,상업화 제약,Y,특이사항 없음(확인 범위 내),,,"KIND 주요제품 기준으로 의약품 연구개발업를 중심으로 한 의약품·바이오헬스 제품/개발 후보군을 보유한 것으로 분류됩니다. 개별 후보물질명, 적응증, 임상단계는 DART 사업보고서 및 회사 IR 자료를 통한 2차 검수가 필요합니다.","상장법인목록에서는 임상단계가 별도 제공되지 않으므로, 현재는 '의약품 연구개발업' 관련 사업·제품 보유 기업으로 1차 태깅했습니다. 임상 파이프라인 여부는 DART 연구개발활동, 임상시험정보, 회사 공시 기준으로 추가 구조화가 필요합니다.",F103 생산기술·제형기술,http://www.glpt.co.kr
007370,KR7007370000,150536,진양제약,,코스닥,2000-07-27,BM-02,상업화 단계 제약사,,,상업화 제약,N,특이사항 없음(확인 범위 내),,,"소염진통제, 영양주사제, 각종 진통·소염제, 영양보충용 수액제, 다양한 적응증의 완제의약품을 중심으로 전문의약품부터 일반의약품까지 폭넓은 포트폴리오를 보유합니다.","일반 및 전문 약물의 식약처 허가·상용화, 주요 수액제 및 영양제 신제품, 복합제 임상시험 및 건강보험 적용 확대, GMP 인증 및 품질인증 지속 갱신, 신규 복합 주사제·정제 출시 및 특허 출원에도 역점을 두고 있습니다.","F103 기타 생산기술, 1000 기타 바이오의약품 등이 적용되어 있습니다.",
043710,KR7043710003,305570,코스리거글로벌,,코스닥,2002-07-11,BM-02,상업화 단계 제약사,02-D 의약품 유통,,상업화 제약,N,특이사항 없음(확인 범위 내),,,"KIND 주요제품 기준으로 의약품 도매 및 화장품 도소매를 중심으로 한 의약품·바이오헬스 제품/개발 후보군을 보유한 것으로 분류됩니다. 개별 후보물질명, 적응증, 임상단계는 DART 사업보고서 및 회사 IR 자료를 통한 2차 검수가 필요합니다.","상장법인목록에서는 임상단계가 별도 제공되지 않으므로, 현재는 '의약품 도매 및 화장품 도소매' 관련 사업·제품 보유 기업으로 1차 태깅했습니다. 임상 파이프라인 여부는 DART 연구개발활동, 임상시험정보, 회사 공시 기준으로 추가 구조화가 필요합니다.",F103 생산기술·제형기술,http://www.seouleaguer.net
256940,KR7256940008,1037214,킵스파마,케이피에스(KPS),코스닥,2017-09-06,BM-02,상업화 단계 제약사,,,상업화 제약,N,특이사항 없음(확인 범위 내),,,"제약/바이오 부문은 한국글로벌제약, 킵스바이오메드, 알곡바이오 등과 관련된 의약품·항암제·초기 파이프라인을 별도 추적해야 합니다. OLED 장비 사업은 레거시가 아니라 현행 사업으로 분리 표시합니다.","경구형 GLP-1, 난소암 신약 등으로 언급되는 바이오 파이프라인은 초기 단계로 별도 수동 검수 필요. 확정 임상 단계는 DART/회사 IR/식약처 기준으로 확인해야 합니다.",복합: OLED 장비/폐배터리/제약바이오 사업전환,http://www.kpscorp.co.kr
066700,KR7066700006,249894,테라젠이텍스,,코스닥,2004-05-27,BM-02,상업화 단계 제약사,,,상업화 제약,N,특이사항 없음(확인 범위 내),,,"고품질 완제의약품(정제, 주사제 등 의약품 제조·유통), 맞춤형 유전체 분석 서비스(NGS, 정밀의학, 암유전체 분석 등) 등 다각적인 바이오헬스케어 솔루션 파이프라인을 보유하고 있습니다.","다수 완제의약품의 허가·상용화, 신제품 라인업 확대, 유전체 기반 정밀진단 서비스 임상 적용과 데이터 검증, NGS·진단키트 국내외 인증(GMP, ISO, CE 등), 진단 패널 특허·글로벌 진출에도 적극적입니다.","A109 DNA 증폭기술, 2030 연구·실험용 효소 및 시약류, 1000 기타 바이오의약품 등이 적용됩니다.",
200230,KR7200230001,608802,텔콘RF제약,,코스닥,2014-11-24,BM-02,상업화 단계 제약사,,,상업화 제약,N,특이사항 없음(확인 범위 내),,,"RF통신부품, 원료의약품, 완제의약품 등 의료 및 전자 관련 복합 포트폴리오로 신제품 개발과 다양한 분야 사업을 확대하고 있습니다.","원료의약품 및 완제의약품 상용화, 통신부품 생산, 신기술 도입과 고도화, 바이오의약·RF 융합 제품의 신규 파이프라인 및 품질·인증 확대에 힘쓰고 있습니다.","F101 1차 대사산물 생산기술, F103 기타 생산기술 등이 적용되고 있습니다.",
464280,KR7464280007,1232192,티디에스팜,,코스닥,2024-08-21,BM-02,상업화 단계 제약사,,BM-04,상업화 제약,Y,특이사항 없음(확인 범위 내),,,"TDDS(경피약물전달시스템), 파스(플라스타, 카타플라스마 등), 의약품·소염제, 바이오 화장품, 건강기능식품을 개발·생산하고 있습니다.","경피약물전달 및 방출제어 신기술을 지속 도입하여 다양한 경피 제형 의약품 및 신기술 기반 제품의 상용화, 특허, 인증 취득을 진행하고 있습니다.","M201 방출제어 제형기술, M202 약물전달용 생물소재기술 등이 적용되고 있습니다.",
217950,KR7217950005,1066058,파마리서치바이오,,코넥스,2015-11-05,BM-02,상업화 단계 제약사,,BM-06,상업화 제약,N,특이사항 없음(확인 범위 내),,,"조직재생 의료기기 및 메디컬 에스테틱, 첨단 생물학적 제재 등 다양한 바이오 소재와 의료관련 신제품을 연구·개발하고 있습니다.","조직재생 및 미용 관련 제품의 임상·상용화, D301 신규 생체재료 개발을 바탕으로 한 신제품 라인업 확장과 특허·인증 확대에도 적극적입니다.","D301 신규 생체재료 개발기술, 1110 바이오소재 의약품 등이 적용되고 있습니다.",
004720,KR7004720009,135050,팜젠사이언스,,유가,1990-06-15,BM-02,상업화 단계 제약사,,,상업화 제약,N,특이사항 없음(확인 범위 내),,,"고혈압, 고지혈증 등 만성질환 치료제, 개량 신약, 건강기능식품(비타민, 오메가3 등), 질환별 맞춤형 OTC 제품, 기능성 식품소재 연구까지 다양한 헬스케어 파이프라인을 보유하고 있습니다.","주요 만성질환 치료제 많은 임상/식약처 인증 완료, 신약 및 개량 신약 임상 2·3상 진행, 건강기능식품 신제품 식약처 개별인정·기능성 인증, 임상 데이터 및 약효평가활동, OEM으로 기능소재·맞춤 헬스케어 신제품 상용화, 국내외 GMP·ISO 인증 및 해외 판로 확대, 신제품 특허출원도 적극적으로 추진합니다.","F103 기타 생산기술, H602 기능성 식품소재 생산기술, 3010 건강기능식품, 1000 기타 바이오의약품 등이 적용되어 있습니다.",
222110,KR7222110009,962922,팬젠,,코스닥,2016-03-11,BM-02,상업화 단계 제약사,,BM-01,상업화 제약,Y,특이사항 없음(확인 범위 내),,,"다양한 바이오시밀러 및 단백질·항체 바이오의약품 개발, CDMO(위탁생산·개발), 기술이전 서비스 등을 제공하고 있습니다.","다수 바이오시밀러 및 바이오의약품의 임상·상용화, CDMO 사업 확대, 기술이전 및 글로벌 산업화 기술 고도화와 특허·인증 확보에 집중하고 있습니다.","G5 산업화기술, B301 항체공학기술 등이 적용되고 있습니다.",
041910,KR7041910001,463342,폴라리스AI파마,,코스닥,2004-02-06,BM-02,상업화 단계 제약사,,,상업화 제약,N,특이사항 없음(확인 범위 내),,,"신약 원료 의약품(API) 개발, AI 기반 신약개발(신약 후보물질 탐색, 약물설계, 최적화 플랫폼) 등 신약 R&D와 바이오 생산 통합 솔루션 라인업을 구축하고 있습니다.","AI 기반 신약개발 파이프라인 가동, 후보물질 특허·임상단계 진입, 합성 API의 임상 및 상업화, 혁신 신약 공동개발, 품질인증 및 임상시험센터 연계, 국내외 규제대응 및 글로벌 기술수출에도 적극적입니다.","F103 기타 생산기술, 1000 기타 바이오의약품 등이 적용됩니다.",
950210,KR8702070002,1510489,프레스티지바이오파마,,유가,2021-02-05,BM-02,상업화 단계 제약사,,BM-01,상업화 제약,Y,특이사항 없음(확인 범위 내),,,"바이오시밀러(항체의약품 등), 혁신 항체 신약, 이중항체 등 항체 기반 신약 개발, 차세대 백신, 진단기술, 글로벌 CMO/CDMO 위탁생산 서비스로 구성되어 다양한 의약품 개발과 생산, 글로벌 마켓 대응 파이프라인을 구축하고 있습니다.","항체 바이오시밀러 국내외 임상 및 허가(유럽 허가 등), 항체 신약 임상(췌장암 PBP1510, 유방암, 난소암 등 글로벌 임상 진행), 글로벌 제약사와 파트너십 및 판로개척, 다국적 인증 및 상용화, 위탁생산(CMO/CDMO) 사업 확장, 신제품·신기술 연구 및 상업화 역량을 고도화하고 있습니다.","G5 산업화기술, 8010 바이오 위탁생산·대행 서비스, 1050 치료용 항체 및 사이토카인제제, B301 항체공학기술 등이 적용됩니다.",
293480,KR7293480000,248974,하나제약,,유가,2018-10-02,BM-02,상업화 단계 제약사,,,상업화 제약,N,특이사항 없음(확인 범위 내),,,"마취통증치료제, 정신신경·심혈관계, 원료의약품 등 다양한 완제의약품과 의약제제를 생산·공급하고 있습니다.","다양한 치료제 완제의약품의 상용화, 신규 제형 및 의약제제 개발, 생산기술 혁신과 제품 인증 확대에 힘쓰고 있습니다.",F103 기타 생산기술 등이 적용되고 있습니다.,
106190,KR7106190002,409964,하이텍팜,,코스닥,2010-07-28,BM-02,상업화 단계 제약사,,BM-09,상업화 제약,N,특이사항 없음(확인 범위 내),,,"카바페넴, 세팔로스포린계 등 주사형 항생제 원료의약품의 개발·생산 및 글로벌 시장 수출에 중점을 두고 있습니다.","항생제 원료의약품의 생산·공급, 글로벌 수출 확대, 신기술 도입에 따른 품질·공정 혁신과 생산설비 확장에 지속적으로 주력하고 있습니다.",F101 1차 대사산물 생산기술이 적용되고 있습니다.,
080720,KR7080720006,532855,한국유니온제약,,코스닥,2018-07-26,BM-02,상업화 단계 제약사,,,상업화 제약,N,관리종목,KRX 전종목 기본정보(2026-09-24) 소속부: 관리종목(소속부없음),주의: 관리종목 (2026-09-24 기준). KRX 전종목 기본정보(2026-09-24) 소속부: 관리종목(소속부없음),"항생제, 순환기계, 소화기계 등 다양한 치료분야의 완제의약품과 원료의약품을 개발 및 생산하며, 국내외 시장에 수출하고 있습니다.","여러 주요 질환군용 완제의약품의 상용화, 신규 제형 개발과 수출 확대, 제품군 다각화 및 품질관리 인증을 통해 글로벌 시장 진출에 박차를 가하고 있습니다.",F101 1차 대사산물 생산기술이 적용되고 있습니다.,
032300,KR7032300006,187770,한국파마,,코스닥,2020-08-10,BM-02,상업화 단계 제약사,,,상업화 제약,N,특이사항 없음(확인 범위 내),,,"신경정신, 소화기, 순환기계 등 다양한 진료과 목적의 완제의약품 및 항생제 생산을 주력으로 파이프라인을 확대하고 있습니다.","주요 치료제 완제의약품의 임상 및 상용화, 다양한 신제품 개발과 1·2차 대사산물, 생산·연구·특허 등 의약분야 R&D를 적극적으로 추진하고 있습니다.","F103 기타 생산기술, F101 1차 대사산물 생산기술 등이 적용되고 있습니다.",
002390,KR7002390003,161046,한독,,유가,1976-06-30,BM-02,상업화 단계 제약사,,BM-01,상업화 제약,Y,특이사항 없음(확인 범위 내),,,"표적항암제, 바이오신약, TDDS(경피약물전달플랫폼), 맞춤형 바이오의약품, 바이오벤처/신사업(디지털헬스케어, VC 등), 희귀질환·만성질환·황반변성 등 신약 라인업을 갖추고 있습니다.","표적항암제, TDDS 신약 다수 임상 및 식약처/GMP 허가, 새로운 신약파이프라인(희귀질환, 만성질환 등) 임상·상용화, 바이오벤처 투자 및 공동 R&D, 국/내외 특허·신제품 글로벌 인증, 신사업(디지털헬스/VC 등) 확대, 품질과 임상데이터, 완제품 수출까지 전방위 혁신을 추진합니다.","F103 기타 생산기술, M201 방출제어 제형기술, 1000 기타 바이오의약품 등이 적용됩니다.",
128940,KR7128940004,828497,한미약품,,유가,2010-07-30,BM-02,상업화 단계 제약사,,BM-01,상업화 제약,Y,특이사항 없음(확인 범위 내),,,"혁신 신약, 개량신약, 당뇨 치료제, 항암제, 다양한 전문·일반의약품 등 다양한 치료 분야에서 신약과 의약품 개발에 주력하고 있습니다.","혁신 신약과 개량신약의 임상·상용화, 다양한 파이프라인의 연구개발·특허·인증 확대, 글로벌 시장 진출과 전략적 제휴에 힘쓰고 있습니다.",F103 기타 생산기술이 적용되어 있습니다.,
009420,KR7009420001,162586,한올바이오파마,,유가,1989-12-18,BM-02,상업화 단계 제약사,,BM-01,상업화 제약,Y,특이사항 없음(확인 범위 내),,,"면역질환 치료제(HLA・HL161 등), 바이오시밀러(자가면역·안과계 약물 등), 안과/자가면역 신약, 항체 치료제 등 전문의약품 파이프라인과 신약 개발 역량을 통합적으로 보유하고 있습니다.","HL161(면역질환 신약) 등 다수 신약 임상1/2/3상 및 글로벌 파트너십 임상 진행, 바이오시밀러 제품군 국내외 허가·상용화, 주요 신약·항체 치료제 임상 중, FDA/EMA 등 글로벌 규제대응력 및 공동개발·기술수출, 품질·특허 확장과 신사업 진출을 활발히 추진하고 있습니다.","F103 기타 생산기술, B301 항체공학기술, 1050 치료용 항체 및 사이토카인제제, 1000 기타 바이오의약품 등이 적용됩니다.",
004310,KR7004310009,164706,현대약품,,유가,1978-06-28,BM-02,상업화 단계 제약사,,BM-09,상업화 제약,N,특이사항 없음(확인 범위 내),,,"치매·우울증 등 중추신경계 치료제(타미린, 하이페질, 멀타핀 등), 마이녹실(탈모치료제), 버물리(벌레물림 치료제 시리즈), 건강기능식품·프로바이오틱스, 드링크류 및 식품, 신제품 헤어/스킨/생활헬스케어 등 아주 다양한 라인업을 구축합니다.","대표 전문의약품(치매, 우울증 등) 국내외 임상 및 상용화, 신제품(기능식품, 음료 등) 식약처 인증·상용화·건기식 OEM 공급, 신제형(피부흡수, 장기지속형 등) 임상, 품질·효능 강화 연구, 특허·인증 취득, 건강기능식품 및 해외시장 진출·라이선싱에도 주력 중입니다.","F103 기타 생산기술, 3010 건강기능식품, H602 기능성 식품소재 생산기술, 1000 기타 바이오의약품 등이 적용됩니다.",
061250,KR7061250007,188973,화일약품,,코스닥,2002-04-18,BM-02,상업화 단계 제약사,,,상업화 제약,N,특이사항 없음(확인 범위 내),,,"항생제 및 항바이러스 API, 완제(천식·감염·위장 질환 치료제 등), 기능성 식품원료(기능성 천연물 추출·합성 등). 신약 개발을 위한 중간체, 맞춤 신규 API와 완제 신제품 파이프라인을 보유하고 있습니다.","주요 항생제 API, 완제 의약품은 임상·허가·상업화, 기능성 식품원료 다수 식약처 개별인정 및 국내외 특허, 신약 후보 중간체 연구·개발로 R&D 파이프라인 강화, 글로벌 GMP/품질인증 확대와 해외 수출․공급망도 적극 확충 중입니다.","F101 1차 대사산물 생산기술, F103 기타 생산기술, 1020 바이오저분자량의약품, 1000 기타 바이오의약품 등이 적용됩니다.",
016580,KR7016580003,166573,환인제약,,유가,1996-07-03,BM-02,상업화 단계 제약사,,,상업화 제약,N,특이사항 없음(확인 범위 내),,,"조현병, 우울증, 항경련제 등 신경정신계 전문의약품, 순환계, 소화기계, 기타 만성·일반 적응증 의약품 라인업, 정제·주사제·시럽 등 다양한 완제의약품을 보유한 임상 파이프라인을 구축하고 있습니다.","대표 신경정신과 전문의약품 식약처 허가·상용화, 신제품 임상 및 품목허가, 특허·생동성 연구·신제형 임상시험, GMP·품질인증 인증 완비, 처방시장 브랜드 정착 및 신매니아 약품 신제품화, 임상과 신제품 확대에 주력합니다.","F103 기타 생산기술, 1000 기타 바이오의약품이 적용됩니다.",
243070,KR7243070000,1159853,휴온스,(원본에 병합돼 있던 휴온스글로벌는 별도 행으로 분리),코스닥,2016-06-03,BM-02,상업화 단계 제약사,,BM-09,상업화 제약,N,특이사항 없음(확인 범위 내),,,"전문의약품, 일반의약품 등 다양한 치료영역을 아우르는 의약품을 개발·생산하며, 폭넓은 유통망을 통해 국내외에 공급하고 있습니다. | 전문의약품(주사제, 정제 등), 건강기능식품(비타민, 미네랄, 기능성원료 등), 헬스케어 제품(의약외품 등)까지 폭넓은 의약·헬스케어 라인업을 확보하고 있습니다.","다양한 분야의 전문의약품과 일반의약품의 상용화, 신제품 개발과 혁신 생산공정, 품질 인증과 유통망 확대에 힘쓰고 있습니다. | 주력 전문의약품은 국내외 허가, 상용화 및 다수 임상경험을 축적하고 있으며, 건강기능식품 분야 역시 식약처 인증·임상시험, 해외 규격 획득 등 신제품 확대와 품질·특허 경쟁력 강화에 초점을 맞추고 있습니다. R&D, 생산, 마케팅, 유통까지 전주기 통합 역량 확보가 특징입니다.",F103 기타 생산기술이 적용되고 있습니다. | F103 기타 생산기술이 적용됩니다.,
145020,KR7145020004,888347,휴젤,,코스닥,2015-12-24,BM-02,상업화 단계 제약사,,BM-06,상업화 제약,N,특이사항 없음(확인 범위 내),,,"보툴리눔톡신(미용 및 치료용), 히알루론산 기반 필러 등 다양한 미용 및 의료용 바이오의약품을 개발·생산하고 있습니다.","보툴리눔톡신과 HA 필러를 중심으로 글로벌 시장 진출, 지속적인 신제품 개발, CE·FDA 등 다양한 국내외 인증·허가 확대에 주력하고 있습니다.","F103 기타 생산기술, D301 신규 생체재료 개발기술, 1110 바이오소재 의약품 등이 적용되고 있습니다.",
196300,KR7196300008,808086,HLB펩,,코스닥,2016-12-07,BM-03,CDMO/CMO 기업,,BM-01,CDMO,Y(주의 플래그),관리종목,KRX 전종목 기본정보(2026-09-24) 소속부: 관리종목(소속부없음),주의: 관리종목 (2026-09-24 기준). KRX 전종목 기본정보(2026-09-24) 소속부: 관리종목(소속부없음),펩타이드 기반 바이오소재 개발과 아미노산 펩타이드를 활용한 신약 개발에 집중하고 있습니다.,"펩타이드 신약 파이프라인 및 바이오소재 개발, 활성 펩타이드 관련 원천기술의 임상·연구 확장과 특허 출원, 상용화에 주력하고 있습니다.","B404 활성 펩타이드 이용기술, D301 신규 생체재료 개발기술 등이 적용되고 있습니다.",
053030,KR7053030003,216027,바이넥스,,코스닥,2001-08-07,BM-03,CDMO/CMO 기업,,BM-02,CDMO,N,특이사항 없음(확인 범위 내),,,"정장제, 소화제 등 OTC와 RX 완제의약품, 위탁생산 의약품(CMO), 바이오의약품(바이오시밀러 등) 및 신약후보 생산까지 다양한 파이프라인을 보유하고 있습니다.","OTC·RX 주력 제품의 시장 상용화/판매, 위탁생산 CMO로 국내외 파트너사 대상 신제품 개발·임상, 바이오의약품 생산 GMP 인증 등 품질경영 및 신규 바이오신약 임상·특허 등록 등 성장세를 보이고 있습니다.","F103 기타 생산기술, 1000 기타 바이오의약품 등이 적용됩니다.",
207940,KR7207940008,877059,삼성바이오로직스,,유가,2016-11-10,BM-03,CDMO/CMO 기업,,,CDMO,N,특이사항 없음(확인 범위 내),,,"항체 바이오의약품 위탁생산(CDMO), 항체 치료제, ADC, mRNA 등 다양한 바이오의약품 개발 및 위탁연구·생산 파이프라인을 보유하고 있습니다.","항체 의약품 생산 및 글로벌 CDMO 서비스 확대, ADC·mRNA 등 첨단신약 생산, 다양한 위탁개발 임상 네트워크와 품질관리·특허 경쟁력 강화에도 주력하고 있습니다.","G5 산업화기술, B301 항체공학기술, M303 표적지향 면역요법기술 등이 적용되고 있습니다.",
309710,KR7309710002,914341,아이티켐,,코스닥,2025-08-07,BM-03,CDMO/CMO 기업,,BM-02,CDMO,N,관리종목,"투자주의환기 사유 추가(반기 검토의견 비적정, 2026-08-28)","주의: 관리종목 (2026-09-24 기준). 투자주의환기 사유 추가(반기 검토의견 비적정, 2026-08-28)","원료의약품 및 의약품 중간체 제조. 개별 후보물질, 제품 허가, 인허가/도입 레퍼런스는 DART와 회사 IR, 식약처 자료 기준으로 2차 구조화가 필요합니다.","신약개발사는 후보물질·적응증·임상단계를, 의료기기/디지털헬스 기업은 제품 인허가·인증·병원 도입 레퍼런스를 별도 추적합니다.",F100 후보물질·플랫폼 기술,http://itchem.co.kr/home/main.php
237690,KR7237690003,871833,에스티팜,,코스닥,2016-06-23,BM-03,CDMO/CMO 기업,,BM-02,CDMO,N,특이사항 없음(확인 범위 내),,,"다양한 원료의약품(API), 합성의약품 중간체 등 의약품 원료 개발과 제네릭 원료 공급에 주력하고 있습니다.","고부가가치 API와 합성원료의약품의 임상/상용화, 신제품 개발 및 글로벌 제조설비 운영, 품질관리와 특허 확보에도 집중하고 있습니다.",F101 1차 대사산물 생산기술이 적용되고 있습니다.,
432980,KR7432980001,1217795,엠에프씨,,코스닥,2024-12-26,BM-03,CDMO/CMO 기업,,BM-04,CDMO,Y,특이사항 없음(확인 범위 내),,,"원료의약품 개발, 개량신약 CDMO 및 AI 기반 의약품 생산·예측 플랫폼 등 신약·개량신약, 바이오 API, 임상 R&D 서비스를 제공하고 있습니다.","다양한 원료의약품 및 중간체를 연구·개발·생산하고, 개량신약 및 신약의 임상시험과 글로벌 특허, AI 신약기술 등 융합 신약사업을 확대하고 있으며 꾸준히 특허와 인증을 강화하고 있습니다.","F101 1차 대사산물 생산기술, G5 산업화 기술, M202 약물전달용 생물소재기술 등 다양한 바이오 R&D와 융합 생산기술이 적용되고 있습니다.",
456070,KR7456070002,1544468,이엔셀,,코스닥,2024-08-23,BM-03,CDMO/CMO 기업,,BM-01,CDMO,Y,특이사항 없음(확인 범위 내),,,"줄기세포치료제(근육질환, 희귀질환), CAR-T 등 유전자치료제, 다양한 세포·유전자치료제의 연구개발과 CMO/CDMO 서비스를 제공하고 있습니다.","삼성서울병원 교원 창업기업으로, 샤르코-마리-투스, DMD 등 난치 및 희귀질환 세포·유전자치료제 임상 역량을 갖추었으며, GMP 기반 생산 및 임상·연구용 제품 개발과 특허를 보유하고 있습니다.","D101 만능줄기세포 활용기술, A401 체외 치료기술, G201 동물 세포배양공학기술이 적용되고 있습니다.",
334970,KR7334970001,1258428,프레스티지바이오로직스,,코스닥,2021-03-11,BM-03,CDMO/CMO 기업,,BM-02,CDMO,N,특이사항 없음(확인 범위 내),,,"바이오시밀러 생산 위탁, 바이오원료 의약품 CMO(위탁생산), 단백질의약품 등 다양한 위탁개발 및 생산 서비스를 제공하고 있습니다.","국내외 다양한 바이오시밀러 생산 및 CMO 서비스, 파일럿 및 상업 생산, 산업화기술 기반 글로벌 공급 네트워크 구축에 주력하고 있고, 품질 관리와 특허도 강화하고 있습니다.","G5 산업화기술, F101 1차 대사산물 생산기술이 적용되고 있습니다.",
138610,KR7138610001,767628,나이벡,,코스닥,2011-07-13,BM-04,플랫폼 기술 기업,,BM-01,신약개발(R&D·플랫폼),Y,특이사항 없음(확인 범위 내),,,"펩타이드 신약, 조직재생용 바이오소재, DDS(약물전달 플랫폼) 등 첨단 펩타이드 및 기능성 생체소재 제품을 연구개발하고 있습니다.","펩타이드 신약 파이프라인의 임상 및 글로벌 상용화, 생체재료 및 DDS 개발과 관련 신기술 특허와 인증, 조직재생 치료 및 미용 소재 신제품 출시에도 주력하고 있습니다.","B404 활성 펩타이드 이용기술, D301 신규 생체재료 개발기술, 1110 바이오소재 의약품 등이 적용되어 있습니다.",
347850,KR7347850000,1376715,디앤디파마텍,,코스닥,2024-05-02,BM-04,플랫폼 기술 기업,,BM-01,신약개발(R&D·플랫폼),Y,특이사항 없음(확인 범위 내),,,"대사성 질환 신약(당뇨, 비만 등), 퇴행성 질환 신약(알츠하이머, 파킨슨병 등), 글로벌 파이프라인(중추신경계·신진대사 질환), 신약 후보물질(비임상·임상 파이프라인), 기술이전 등 다양한 치료제 및플랫폼을 보유합니다.","파킨슨·알츠하이머 등 신약 글로벌 임상(1~3상) 진행, 일부 신약은 임상 3상 진입·글로벌 파트너사 기술이전 협의, 대사성질환 혁신신약 개발, FDA/EMA 등 해외 규제허가 및 임상전략 실행, 주력 신약군 상용화와 글로벌 사업확장에 집중하고 있습니다.","F103 기타 생산기술, 1000 기타 바이오의약품 등이 적용됩니다.",
141080,KR7141080002,842619,리가켐바이오,,코스닥,2013-05-10,BM-04,플랫폼 기술 기업,,BM-01,신약개발(R&D·플랫폼),Y,특이사항 없음(확인 범위 내),,,"항체-약물접합체(ADC) LCB97, 자체 ADC 플랫폼(ConjuAll™) 등 다양한 혁신 신약후보와 플랫폼 포트폴리오, 글로벌 제약사와 대형 패키지 딜 계약 통해 기술이전 수익화 모델 구축","LCB97(고형암 ADC)은 오노 약품에 글로벌 독점 개발 및 상업화 라이선스 이전(비임상), ConjuAll™ 플랫폼 기반 다양한 표적 신약 후보 글로벌 공동연구, 수익 및 라이선스 옵션 지속 확대, 다수 임상 파이프라인 보유","F103 기타 생산기술, 1000 기타 바이오의약품 등",
322970,KR7322970005,1293388,무진메디,,코넥스,2020-06-24,BM-04,플랫폼 기술 기업,,BM-01,신약개발(R&D·플랫폼),Y,특이사항 없음(확인 범위 내),,,"NANO-MEDICINE(나노의약품), LNP(리피드나노입자) 기반 신약, 의약품 원료 개량 신소재 등 다양한 약물전달 및 소재기술 응용 신약 라인업과 원료개선/히트케미스트리 플랫폼을 구축하고 있습니다.","NANO-MEDICINE·LNP 소재 신제품 비임상 및 임상 단계별 개발, 글로벌 파트너십 기반 R&D 확대, GMP 생산라인 확보 및 국내외 인증 득점, 신약 원료시장·신규 제형 신제품 상용화, 임상효능 데이터 및 시장진출 확대에 역점을 두고 있습니다.","M202 약물전달용 생물소재기술, 1000 기타 바이오의약품 등이 적용됩니다.",
067370,KR7067370007,407036,선바이오,,코스닥,2022-10-05,BM-04,플랫폼 기술 기업,,BM-01,신약개발(R&D·플랫폼),Y,특이사항 없음(확인 범위 내),,,"PEG 유도체 의약소재, PEG-filgrastim(항암부작용 치료 바이오시밀러), MucoPEG(구강건조증 치료제), 인공혈액 등 다양한 의약소재 및 혁신 신약을 개발하고 있습니다.","바이오 신약 및 의료기기 개발을 위한 임상 연구와 상용화, 신규 생체재료 및 약물전달용 소재기술의 고도화와 특허·인증 확대에 적극 나서고 있습니다.","D301 신규 생체재료 개발기술, M202 약물전달용 생물소재기술 등이 적용되고 있습니다.",
226330,KR7226330009,1344336,신테카바이오,,코스닥,2019-12-17,BM-04,플랫폼 기술 기업,,BM-01,신약개발(R&D·플랫폼),Y(주의 플래그),투자주의환기종목,"투자주의환기종목 지정(반기 검토의견 비적정, 2026-08-14)","주의: 투자주의환기종목 (2026-09-24 기준). 투자주의환기종목 지정(반기 검토의견 비적정, 2026-08-14)","유전체 빅데이터 기반 AI 신약개발 플랫폼 서비스. 개별 후보물질, 제품 허가, 인허가/도입 레퍼런스는 DART와 회사 IR, 식약처 자료 기준으로 2차 구조화가 필요합니다.","신약개발사는 후보물질·적응증·임상단계를, 의료기기/디지털헬스 기업은 제품 인허가·인증·병원 도입 레퍼런스를 별도 추적합니다.",K400 의료기기·디지털헬스,http://www.syntekabio.com
196170,KR7196170005,989619,알테오젠,,코스닥,2014-12-12,BM-04,플랫폼 기술 기업,,BM-01,신약개발(R&D·플랫폼),Y,특이사항 없음(확인 범위 내),,,"바이오시밀러(항체의약품, 헐츠마브 등), 바이오베터(기존치료제 기능개선 항체), 치료용 항체·사이토카인 신약파이프라인 등 다양한 혁신 파이프라인을 보유하고 있습니다.","바이오시밀러 및 바이오베터 주요제품은 글로벌 임상시험·허가 및 기술수출, 다수 글로벌 파트너 협업, 신규 적응증 확대, 신약개발 및 혁신 바이오신약 플랫폼 확대 등 글로벌 시장 및 제품군을 지속 확대 중입니다.","B301 항체공학기술, 1050 치료용 항체 및 사이토카인제제 등이 적용됩니다.",
446440,KR7446440000,1281541,에피바이오텍,,코넥스,2023-07-31,BM-04,플랫폼 기술 기업,,BM-01,신약개발(R&D·플랫폼),Y,특이사항 없음(확인 범위 내),,,"자가 모유두세포 배양 세포치료제(EPI-001), DKK1 유전자 편집 지방줄기세포 세포치료제(EPI-007), 동종 모유두세포 치료제(EPI-008), CXCL12 타깃 항체치료제(EPI-005) 등 다양한 탈모 신약 및 세포치료 파이프라인을 보유합니다.","EPI-001(자가 모유두세포)은 임상 1상(탈모환자 대상) 진행 중, DKK1 유전자편집 지방줄기세포 치료제 임상 논문발표, 동종모유두세포치료제(정부 과제선정) 전임상, 항체치료제·유전자치료제 추가 개발 중, 제품화 및 CRO, 파트너십, 글로벌 임상 확대 중입니다.","D101 만능줄기세포 활용기술, 1000 기타 바이오의약품 등이 적용됩니다.",
382150,KR7382150001,1423916,온코크로스,,코스닥,2024-12-18,BM-04,플랫폼 기술 기업,,BM-08,신약개발(R&D·플랫폼),Y,특이사항 없음(확인 범위 내),,,"랩터AI(RaptorAI), 온코파인드AI 등 독자 AI 신약개발 플랫폼을 활용해 신약적응증 재창출, 신약후보물질 발굴, 다질환/맞춤형 신약 선별 등 다양한 AI 기반 신약개발 사업을 펼치고 있습니다.","주요 AI 신약개발 플랫폼은 다수의 임상/비임상 실사용(적응증 확장, 신약 후보 발굴 등), 제약기업·병원 등 B2B 연계 연구, 알고리즘 고도화·데이터셋 확장, 신약개발 협업·특허, AI 기반 임상데이터 실증/신제품 연구 및 글로벌 시장 진출 확대에 집중하고 있습니다.","8030 임상·비임상 R&D 서비스, E404 염기서열 분석 및 설계기술, E402 데이터마이닝 시스템 개발기술 등이 적용됩니다.",
389470,KR7389470006,1516456,인벤티지랩,,코스닥,2022-11-22,BM-04,플랫폼 기술 기업,,BM-01,신약개발(R&D·플랫폼),Y,특이사항 없음(확인 범위 내),,,"LNP(지질나노입자) 약물전달(IVL-DrugFluidic®·IVL-GeneFluidic®), 혁신 신약 및 원료소재 개발, 장기지속형·정밀 방출 주사제, 유전자·백신 제조 플랫폼 등 핵심 DDS(Drug Delivery System) 라인업 보유.","장기지속형·정밀 방출 의약품 파이프라인, 유전자치료제용 LNP 플랫폼 IVL-GeneFluidic(2025년 세계 첫 공개), 연구~GMP 생산 연계 'Gene to GMP' CDMO 확장, 미세유체 기반 자동화·정밀 공정 구축, 공정·효능·안정성 임상 검증, 다양한 펩타이드/유전자 물질 신제품 개발 협력 등 활발하게 추진.","M202 약물전달용 생물소재기술, 1000 기타 바이오의약품 등.",
287840,KR7287840003,1374443,인투셀,,코스닥,2025-05-23,BM-04,플랫폼 기술 기업,,BM-01,신약개발(R&D·플랫폼),Y,특이사항 없음(확인 범위 내),,,"자체 특허 플랫폼 ADC(항체약물접합체, 오파스·OHPAS), 다양한 항체약물 링커 기술, 차세대 항암 신약, 맞춤형 고효율 약물전달체 개발 등을 중심으로 혁신 파이프라인을 보유하고 있습니다.","자체 ADC 파이프라인 및 오파스 플랫폼은 전임상·비임상 연구 활발, 일부 프로젝트 임상진입 추진, 글로벌 제약사와 기술협력·이전 진행, 신약 임상전략 및 파트너십 발굴, 차세대 링커 신약 개발과 기술 평가에 집중하고 있습니다.","B301 항체공학기술, M202 약물전달용 생물소재기술, 1050 치료용 항체 및 사이토카인제제 등이 적용됩니다.",
456160,KR7456160001,1577952,지투지바이오,,코스닥,2025-08-14,BM-04,플랫폼 기술 기업,,BM-01,신약개발(R&D·플랫폼),Y,특이사항 없음(확인 범위 내),,,"장기 약효지속성 주사제 플랫폼 및 제형기술 중심 개발사. 개별 후보물질, 제품 허가, 인허가/도입 레퍼런스는 DART와 회사 IR, 식약처 자료 기준으로 2차 구조화가 필요합니다.","신약개발사는 후보물질·적응증·임상단계를, 의료기기/디지털헬스 기업은 제품 인허가·인증·병원 도입 레퍼런스를 별도 추적합니다.",F100 후보물질·플랫폼 기술,
464490,KR7464490002,1671285,쿼드메디슨,,코스닥,2025-12-12,BM-04,플랫폼 기술 기업,,BM-06,신약개발(R&D·플랫폼),Y,특이사항 없음(확인 범위 내),,,"마이크로니들 기반 의약품 제형 및 약물전달기술 개발. 개별 후보물질, 제품 허가, 인허가/도입 레퍼런스는 DART와 회사 IR, 식약처 자료 기준으로 2차 구조화가 필요합니다.","신약개발사는 후보물질·적응증·임상단계를, 의료기기/디지털헬스 기업은 제품 인허가·인증·병원 도입 레퍼런스를 별도 추적합니다.",F100 후보물질·플랫폼 기술,http://www.quadmedicine.com/
087010,KR7087010005,415868,펩트론,,코스닥,2015-07-22,BM-04,플랫폼 기술 기업,,BM-01,신약개발(R&D·플랫폼),Y,특이사항 없음(확인 범위 내),,,"약효지속형 펩타이드 신약(전립선암, 당뇨 등), 주문형 펩타이드 의약품, DDS(서방성 제제) 등 다양한 펩타이드 및 약물전달 신약을 개발하고 있습니다.","약효 지속형 펩타이드 신약 및 DDS 제품 임상과 상용화, 혁신적인 펩타이드 및 바이오의약품 신제품 파이프라인의 확장과 특허·인증 확대에 주력하고 있습니다.","B404 활성 펩타이드 이용기술, M201 방출제어 제형기술, 1110 바이오소재 의약품 등이 적용되고 있습니다.",
468530,KR7468530001,1688568,프로티나,,코스닥,2025-07-29,BM-04,플랫폼 기술 기업,,BM-01,신약개발(R&D·플랫폼),Y,특이사항 없음(확인 범위 내),,,"단백질간 상호작용(PPI) 분석 기술 기반 바이오마커 및 분석 서비스. 개별 후보물질, 제품 허가, 인허가/도입 레퍼런스는 DART와 회사 IR, 식약처 자료 기준으로 2차 구조화가 필요합니다.","신약개발사는 후보물질·적응증·임상단계를, 의료기기/디지털헬스 기업은 제품 인허가·인증·병원 도입 레퍼런스를 별도 추적합니다.",F100 후보물질·플랫폼 기술,http:///www.proteina.co.kr
180400,KR7180400004,995993,DXVX,,코스닥,2015-11-20,BM-05,진단/체외진단 기업,,BM-04,진단,Y(주의 플래그),관리종목,KRX 전종목 기본정보(2026-09-24) 소속부: 관리종목(소속부없음),주의: 관리종목 (2026-09-24 기준). KRX 전종목 기본정보(2026-09-24) 소속부: 관리종목(소속부없음),"BAC DNA CHIP, 고정밀 유전체 분석 플랫폼, 다양한 질환 진단 및 맞춤형 진단 솔루션 제품군을 보유하고 있습니다.","DNA칩 및 유전체 진단 솔루션은 병의원 및 클리닉 현장 적용, 국내외 품질·성능 인증 확보, 맞춤형 분석 신제품 개발 및 진단시장 확대, 빅데이터 기반 정밀분석, 글로벌 사업 확장 및 신품목 추가에 주력합니다.","K301 DNA칩 제작 및 활용기술, 1090 바이오진단시약 등이 적용됩니다.",
245620,KR7245620000,1182550,EDGC,,코스닥,2018-06-26,BM-05,진단/체외진단 기업,,BM-04,진단,Y(주의 플래그),관리종목,KRX 전종목 기본정보(2026-09-24) 소속부: 관리종목(소속부없음),주의: 관리종목 (2026-09-24 기준). KRX 전종목 기본정보(2026-09-24) 소속부: 관리종목(소속부없음),"NGS 기반 유전체 전장 분석, 암 패널 진단, 맞춤형 유전자 검사, 헬스케어 유전체 분석 서비스(진단·예측·관리) 등 광범위한 진단 포트폴리오와 빅데이터·AI 기반 정밀 분석 플랫폼을 갖추고 있습니다.","암 패널 및 NGS진단제품 임상(식약처·CE 등 인증) 및 빅데이터 구축, 병원/임상의 현장 적용 및 보험수가지원 확대, 코호트·대규모 임상연구 참여, 글로벌 사업 확장, AI 융합 분석 역량 강화, 신제품 및 임상데이터 서비스 업그레이드에 투자하고 있습니다.","K301 DNA칩 제작 및 활용기술, E105 고속 대량 스크리닝기술, 1090 바이오진단시약 등이 적용됩니다.",
046210,KR7046210001,172079,HLB파나진,,코스닥,2000-08-16,BM-05,진단/체외진단 기업,,,진단,N,특이사항 없음(확인 범위 내),,,"분자진단 키트(암·감염병 등), 유전자 검사·정밀의료 서비스, 바이오 진단 장비(PCR/유전자증폭기 등), DNA칩/분자 다중진단 플랫폼 등 정밀 진단 솔루션을 제공, 의료기관·연구소·병원 등 납품 경험도 풍부합니다.","다양한 분자진단키트 임상 승인 및 의료 현장 실증, 대형병원·연구기관 공급 및 데이터 검증, 자동화장비 FDA/CE 인증, 다중진단 신규 키트 임상 및 글로벌 상용화, 신규 질환 진단 플랫폼 임상/연구사업 지속 추진, 특허출원·신제품 개발에 역점을 둡니다.","K301 DNA칩 제작 및 활용기술, 1090 바이오진단시약 등이 적용.",
039860,KR7039860002,230425,나노엔텍,,코스닥,2000-08-16,BM-05,진단/체외진단 기업,,BM-06,진단,N,특이사항 없음(확인 범위 내),,,"마이크로플루이딕 바이오칩, 랩온어칩 기반 혈액 및 체액 진단기기, 백혈구 계수기(ADAM™ rWBC 등), 실험기기 및 소형 자동 분석 솔루션의 다양한 라인업을 갖추고 있습니다.","진단키트·분석기기의 FDA/EUA 인증, 국내외 의료기관·연구기관/병원 적용, 신제품·적응증 확대, 미세유체면역진단기술 상용화 및 글로벌 진출, 다양한 신규 질환 진단 LAB기기 연구개발을 지속 중입니다.","K201 소자 제작기술, 5000 기타 바이오의료기기 등이 적용됩니다.",
376930,KR7376930004,1494118,노을,,코스닥,2022-03-03,BM-05,진단/체외진단 기업,,BM-04,진단,Y(주의 플래그),관리종목,KRX 전종목 기본정보(2026-09-24) 소속부: 관리종목(소속부없음),주의: 관리종목 (2026-09-24 기준). KRX 전종목 기본정보(2026-09-24) 소속부: 관리종목(소속부없음),"자동혈액진단 장비(miLab), AI 혈액영상 분석기 등 진단 자동화 및 인공지능 기반 분석 솔루션을 구축하여, 현장형 체외진단 제품 라인업을 확장하고 있습니다.","miLab, AI 혈액영상분석기 등 주요 장비는 국내외 임상시험 및 현장테스트를 통한 정확도 검증, 각종 인증(CE, FDA, ISO 등) 및 글로벌 시장 진출, 다국가 병원·현장 납품 사례, 신제품 임상데이터 축적 및 다중질환 진단 플랫폼 고도화 등에 집중하고 있습니다.","K301 DNA칩 제작 및 활용기술, 5020 체외진단, 1090 바이오진단시약 등이 적용됩니다.",
142280,KR7142280007,513948,녹십자엠에스,,코스닥,2014-12-17,BM-05,진단/체외진단 기업,,BM-06,진단,N,특이사항 없음(확인 범위 내),,,"체외진단시약, 혈액백, HbA1c/혈당 측정기 등 다양한 진단기기와 분자진단시약 등 진단 의료 솔루션의 폭넓은 포트폴리오를 구축하고 있습니다.","진단시약 및 의료기기 시장에서 국내외 인증과 상용화, 분자진단기술 고도화, CE·FDA 등 각종 글로벌 특허 및 인증 확대에 주력하고 있습니다.","K301 DNA칩 제작 및 활용기술, E105 고속 대량 스크리닝기술, 1090 바이오진단시약, 5020 체외진단 등이 적용되고 있습니다.",
084650,KR7084650001,545114,랩지노믹스,,코스닥,2014-12-16,BM-05,진단/체외진단 기업,,,진단,N,관리종목,KRX 전종목 기본정보(2026-09-24) 소속부: 관리종목(소속부없음),주의: 관리종목 (2026-09-24 기준). KRX 전종목 기본정보(2026-09-24) 소속부: 관리종목(소속부없음),"유전자 검사(개인/임상), 분자진단 키트, 체외진단 서비스 등 광범위한 진단 라인업과 NGS(차세대염기서열분석)·PCR 기반 유전자 진단 및 질병 진단 포트폴리오를 갖추고 있습니다.","주요 체외진단 서비스와 키트는 국내외 임상 및 검사실 현장 도입, 식약처·CE 등 글로벌 인증, 신제품·신적응증 확대, 데이터 기반 맞춤 분자진단 서비스, 글로벌 시장 다변화·수출 확대 추진에 주력하고 있습니다.","K301 DNA칩 제작 및 활용기술, 1090 바이오진단시약 등이 적용됩니다.",
214610,KR7214610008,1049167,롤링스톤,미코바이오메드 / 더바이오메드(2025.3~) / 구 미코나노바이오시스,코스닥,2020-10-22,BM-05,진단/체외진단 기업,,,진단,N,관리종목,반기보고서 검토의견 거절 보도(종속회사 자료 미제공),주의: 관리종목 (2026-09-24 기준). 반기보고서 검토의견 거절 보도(종속회사 자료 미제공),"분자진단 키트, 체외진단용 의료기기, 분자진단 시약 등 다양한 질환 및 헬스케어 현장에 적용 가능한 신속진단기기와 시약 라인업을 갖추고 있습니다.","주요 분자진단 키트 및 의료기기는 임상시험·제품 인증(CE, FDA 등) 진행, 다양한 의료기관에 적용, 신제품 라인업·적응증 확대, 신속진단·품질 고도화, 글로벌 시장 진출에 역량 집중하고 있습니다.","K301 DNA칩 제작 및 활용기술, 5020 체외진단, 1090 바이오진단시약 등이 적용됩니다.",http://www.micobiomed.com
038290,KR7038290003,261373,마크로젠,,코스닥,2000-02-22,BM-05,진단/체외진단 기업,,,진단,N,특이사항 없음(확인 범위 내),,,"NGS(차세대 염기서열 분석), DNA 시퀀싱, Microarray(마이크로어레이) 등 유전체 진단 솔루션, 맞춤 진단·연구·임상 등 다양한 오믹스 기반 분석 플랫폼과 데이터 서비스를 제공합니다.","국내외 병원·클리닉, 연구기관에 대규모 유전체 분석/임상 데이터 공급, NGS 진단 제품 국내외 인허가 확보, 대규모 게놈 데이터베이스/AI 플랫폼 상용화, 글로벌 시장 확장, 신제품·신기술 상용화에 집중.","K301 DNA칩 제작 및 활용기술, 1090 바이오진단시약, E105 고속 대량 스크리닝기술 등이 적용됩니다.",
236340,KR7236340006,1023822,메디젠휴먼케어,,코넥스,2016-01-26,BM-05,진단/체외진단 기업,,,진단,N,특이사항 없음(확인 범위 내),,,"M-CHECK(유전질환 예측 유전체검사) 등 유전체 기반 질병 예측 진단 서비스, 빅데이터·AI 분석 기반 건강관리 솔루션 라인업을 구축하고 있습니다.","M-CHECK 등 유전체검사 서비스는 국내외 임상 적용·인증, 대규모 유전체 분석 데이터 축적, 신제품 확장(암 등 다양한 질환 확대 대응), 클리닉·병원 등 현장 서비스 확대, AI 기반 건강관리 플랫폼 및 글로벌 진단시장 확장에 힘쓰고 있습니다.","K301 DNA칩 제작 및 활용기술, 1090 바이오진단시약 등이 적용됩니다.",
206640,KR7206640005,1046708,바디텍메드,,코스닥,2014-12-29,BM-05,진단/체외진단 기업,,,진단,N,특이사항 없음(확인 범위 내),,,"ichroma 등 면역진단기기(POCT), 진단카트리지, 각종 진단시약 등 현장진단용 제품 라인업을 구축하고 있습니다.","진단기기와 면역진단시약의 국내외 임상·상용화 및 신제품 개발, POCT 기술의 특허 및 글로벌 인증 확대에 주력하고 있습니다.","K301 DNA칩 제작 및 활용기술, E105 고속 대량 스크리닝기술 등이 적용되고 있습니다.",
377740,KR7377740006,622787,바이오노트,,유가,2022-12-22,BM-05,진단/체외진단 기업,,BM-07,진단,N,특이사항 없음(확인 범위 내),,,"면역진단용 PCR, ELISA 진단키트, 동물용 신속진단 키트 등 다양한 체외진단 및 동물용 진단제품을 개발·생산하고 있습니다.",체외진단시약 신규 제품의 개발과 고속대량진단 시스템 도입 확대와 함께 동물 및 인간 진단용 다양한 신제품의 임상·상용화를 추진 중입니다.,"K301 DNA칩 제작 및 활용기술, E105 고속 대량 스크리닝기술 등이 적용되고 있습니다.",
064550,KR7064550007,326731,바이오니아,,코스닥,2005-12-29,BM-05,진단/체외진단 기업,,,진단,N,특이사항 없음(확인 범위 내),,,"합성유전자 생산, 맞춤형 올리고(프라이머, 프로브 등) 및 DNA/RNA 시약, PCR·RT-PCR·자동추출장비 등 유전자 분석 장비, 분자 진단 솔루션 등 다양한 연구기반 및 의료용 파이프라인을 전개합니다.","코로나19 팬데믹 당시 분자진단 키트(ExiStation 등)로 국내외 진단시장 대규모 공급 경험, 유전자 분석 및 합성 플랫폼 상용화 완료, 다양한 감염병/유전체 분석 제품 임상 승인 및 유럽·미주 인증(FDA, CE 인증 등) 확대에 주력.","A109 DNA 증폭기술, K301 DNA칩 제작 및 활용기술, 2030 연구·실험용 효소 및 시약류, 5000 기타 바이오의료기기 등이 적용됩니다.",
314930,KR7314930009,1117413,바이오다인,,코스닥,2021-03-17,BM-05,진단/체외진단 기업,,BM-04,진단,Y,특이사항 없음(확인 범위 내),,,"PATHPLORE RLBC System 등 고정밀 암진단 장비, 다양한 암 진단용 분자·면역 병리진단시약 등 병리진단 전반에 걸친 솔루션을 제공합니다.","주요 암진단 장비·시약은 국내외 임상 및 의료기관 적용, 다수의 인허가·품질인증(CE, FDA 등) 취득, 신제품 개발 및 시장 공급 확대, 정밀 병리진단 분야 선도, 글로벌 시장 진출과 라인업 확장에 집중하고 있습니다.","K301 DNA칩 제작 및 활용기술, 5020 체외진단, 1090 바이오진단시약 등이 적용됩니다.",
266470,KR7266470004,1130885,바이오인프라생명과학,,코넥스,2020-07-22,BM-05,진단/체외진단 기업,,,진단,N,특이사항 없음(확인 범위 내),,,"I-FINDER 바이오마커 진단 서비스, 유전체 검사, 맞춤형 정밀 진단 솔루션, 체외진단 검사 및 데이터 분석 서비스 등 다양한 암 진단 및 유전체 분석 서비스를 제공합니다.","주요 암 바이오마커 진단 서비스는 임상 현장 적용 및 국내외 인증, 대규모 임상 데이터 기반 지속적 제품 고도화, 맞춤형 신제품 개발과 글로벌 시장 확대를 추진하고 있습니다.","K301 DNA칩 제작 및 활용기술, 1090 바이오진단시약, E105 고속 대량 스크리닝기술 등이 적용됩니다.",
331920,KR7331920009,1114586,셀레믹스,,코스닥,2020-08-21,BM-05,진단/체외진단 기업,,BM-04,진단,Y,특이사항 없음(확인 범위 내),,,"NGS 타깃캡처 키트, 유전체 분석 시약, 핵산 진단서비스 등 유전체 분석과 진단을 위한 다양한 시약 및 솔루션을 개발 및 공급하고 있습니다.","NGS 용 시약과 진단키트의 상용화, 임상 및 연구 시장 진출, DNA칩과 증폭기술 등 유전체 분석 전반의 특허·인증과 글로벌 시장 확장에 주력하고 있습니다.","A109 DNA 증폭기술, K301 DNA칩 제작 및 활용기술 등이 포함되어 있습니다.",
352770,KR7352770002,1201970,셀레스트라,,코스닥,2020-12-04,BM-05,진단/체외진단 기업,,,진단,N,관리종목,KRX 전종목 기본정보(2026-09-24) 소속부: 관리종목(소속부없음),주의: 관리종목 (2026-09-24 기준). KRX 전종목 기본정보(2026-09-24) 소속부: 관리종목(소속부없음),"암·질환 조기진단 서비스, CTC·cfDNA 동시 검출 액체생검, 다중오믹스 진단시약/플랫폼 등 유전체 기반 진단 기술에 집중하고 있습니다.","유전체 기반 조기진단 파이프라인 확장과 다양한 액체생검 임상 연구, 진단키트 상용화 및 특허, 인증 획득을 적극적으로 진행 중입니다.","K301 DNA칩 제작 및 활용기술, E105 고속 대량 스크리닝기술 등이 적용되고 있습니다.",
950200,KR8840150005,1442115,소마젠,,코스닥,2020-07-13,BM-05,진단/체외진단 기업,,,진단,N,특이사항 없음(확인 범위 내),,,"차세대 염기서열 분석(NGS), 임상염기서열 분석(CES), DNA 시퀀싱, 다양한 유전체 정보 기반 진단 서비스, 맞춤 환자 유전체 분석 및 헬스케어 솔루션을 보유하고 있습니다.","주요 유전체 분석 서비스는 미국 내 임상 적용 및 의료기관 협력, 임상 및 연구 데이터 축적, 지속적인 신기술 적용 및 서비스 개선, 글로벌 시장 진출 확대에 집중하고 있습니다.","K301 DNA칩 제작 및 활용기술, 1090 바이오진단시약, E105 고속 대량 스크리닝기술 등이 적용됩니다.",
253840,KR7253840003,1063954,수젠텍,,코스닥,2019-05-28,BM-05,진단/체외진단 기업,,,진단,N,특이사항 없음(확인 범위 내),,,"다중면역블롯, 현장진단(POCT), 디지털 헬스케어 진단기기 및 질병별 진단키트를 개발·생산하고 있습니다.","각종 질병별 진단키트와 디지털 진단기기의 상용화, 임상 및 신제품 개발, 진단시약·기술 특허와 인증 확대에 주력하고 있습니다.","K301 DNA칩 제작 및 활용기술, E105 고속 대량 스크리닝기술 등이 적용되고 있습니다.",
217330,KR7217330000,1046391,싸이토젠,,코스닥,2018-11-22,BM-05,진단/체외진단 기업,,BM-04,진단,Y,특이사항 없음(확인 범위 내),,,"CTC 기반 암 액체생검(혈액 내 순환종양세포 분석), 암 진단/분석/모니터링 플랫폼, 다중 암종·환자 맞춤형 진단 키트 등 다양한 정밀 진단기술 라인업을 구축하고 있습니다.","CTC 기반 액체생검·암 진단키트는 국내외 임상실증 및 현장 활용, 식약처·글로벌 인증, 다양한 암종별 진단 적용, 신제품 라인업·적응증 확대와 데이터·AI 기반 분석 플랫폼 확장, 공공 및 민간병원 협력 임상 추진에 투자하고 있습니다.","K301 DNA칩 제작 및 활용기술, 1090 바이오진단시약 등이 적용됩니다.",
394800,KR7394800007,1506617,쓰리빌리언,,코스닥,2024-11-14,BM-05,진단/체외진단 기업,,,진단,N,특이사항 없음(확인 범위 내),,,"3B-게놈, 희귀유전질환 유전체 분석, 맞춤형 NGS 진단솔루션 등 다양한 유전체 기반 희귀질환 정밀진단 서비스와 연구용 분석 제품 라인업을 보유하고 있습니다.","주요 유전체 분석서비스는 병원·임상현장 적용, FDA·CE 등 품질·성능 인증, 대량 희귀질환 유전체데이터 및 변이 DB 구축, 신제품(고효율 패널/AI 분석 등) 연구개발, 글로벌 진단 파트너십 및 현장 데이터 피드백 체계 강화 중심으로 추진되고 있습니다.","K301 DNA칩 제작 및 활용기술, 1090 바이오진단시약, E105 고속 대량 스크리닝기술 등이 적용됩니다.",
096530,KR7096530001,788773,씨젠,,코스닥,2010-09-10,BM-05,진단/체외진단 기업,,,진단,N,특이사항 없음(확인 범위 내),,,"PCR 기반 분자진단키트, 자동화 분자진단 플랫폼 등 다양한 감염병 진단 솔루션과 체외진단기술 파이프라인을 보유하고 있습니다.","분자진단키트 및 자동화 진단 플랫폼의 글로벌 시장 상용화, 각종 감염성 질환 진단 솔루션의 임상 적용, 연구·특허·인증 확대에 꾸준히 집중하고 있습니다.","A109 DNA 증폭기술, K301 DNA칩 제작 및 활용기술, E105 고속 대량 스크리닝기술, 1090 바이오진단시약, 5020 체외진단 등이 적용되어 있습니다.",
246720,KR7246720007,1157235,아스타,,코스닥,2017-03-20,BM-05,진단/체외진단 기업,,BM-06,진단,N,관리종목,"투자주의환기 사유 추가(반기 검토의견 비적정, 2026-08-14)","주의: 관리종목 (2026-09-24 기준). 투자주의환기 사유 추가(반기 검토의견 비적정, 2026-08-14)","MALDI-TOF 질량분석 시스템, MicroIDSys(미생물 동정 시스템) 등 초정밀 질량분석기와 의료·산업용 진단 플랫폼을 개발하고 있습니다.","다양한 질량분석기 및 진단기기의 연구·개발, 임상 및 산업 현장 적용, 고도화된 분석기술의 상용화와 특허·인증 확대에 집중하고 있습니다.","K201 소자 제작기술, K301 DNA칩 제작 및 활용기술 등이 적용되고 있습니다.",
099190,KR7099190001,550994,아이센스,,코스닥,2013-01-30,BM-05,진단/체외진단 기업,,BM-06,진단,N,특이사항 없음(확인 범위 내),,,"혈당측정기(케어센스 시리즈), 혈당측정 스트립(검사지), 연속혈당측정 시스템(CGM, 케어센스 에어), 바이오센서 응용 현장진단 시스템, 혈액가스·전해질·HbA1c 분석기 등이 있습니다.","케어센스 에어 등 주요 제품은 국내외 식약처·CE 등 인증 및 글로벌 임상 도입, CGM 업그레이드 신제품 출시, 손끝채혈/보정 없는 신제품 편의성 평가, 모바일 앱 연동, 유럽·남미 등 신흥시장 진출 확대, 대규모 임상데이터 축적 및 기술 고도화, 2024년 기준 총 14개국 출시 목표로 글로벌 네트워크를 새롭게 구축하고 있습니다.","K201 소자 제작기술, 5000 기타 바이오의료기기 등이 적용됩니다.",
461030,KR7461030009,1497373,아이엠비디엑스,,코스닥,2024-04-03,BM-05,진단/체외진단 기업,,BM-04,진단,Y,특이사항 없음(확인 범위 내),,,"알파리퀴드ⓡ 100·HRR(액체생검 암유전체 진단), 혈액 기반 고정밀 암유전체 검사, 차세대 액체생검 기술 플랫폼, 다양한 암종 대상 바이오마커 기반 진단 제품 라인업을 갖추고 있습니다.","액체생검 기반 진단서비스는 국내외 다수 암환자 임상적용, 식약처 및 각종 성능·품질 인증 확보, 암유전체 진단패널 연구 고도화, 다양한 암종별 적응증 확대, 신제품 출시와 데이터 기반 기술 고도화, 글로벌 진단시장 진출 확대에 주력하고 있습니다.","K301 DNA칩 제작 및 활용기술, E105 고속 대량 스크리닝기술, 1090 바이오진단시약 등이 적용됩니다.",
137310,KR7137310009,854997,에스디바이오센서,,유가,2021-07-16,BM-05,진단/체외진단 기업,,,진단,N,특이사항 없음(확인 범위 내),,,"감염병 신속진단키트, 분자진단 PoCT(Point-of-Care Testing) 제품, 혈당측정기 등 다양한 진단기기·시약과 신속검사 솔루션을 폭넓게 보유하고 있습니다.","신속진단키트 및 분자진단 제품군은 글로벌 임상 및 의료현장 적용, 각국 인증 및 공공조달 공급, 신속 상용화 및 다양한 질환 전용 신제품 개발, 혁신 진단기술의 지속 업그레이드와 글로벌 진단시장 확장에 적극적으로 집중하고 있습니다.","K301 DNA칩 제작 및 활용기술, 5020 체외진단, 1090 바이오진단시약 등이 적용됩니다.",
950130,KR8840090003,956028,엑세스바이오,,코스닥,2013-05-30,BM-05,진단/체외진단 기업,,,진단,N,특이사항 없음(확인 범위 내),,,"말라리아, HIV 등 감염병 신속진단키트(RDT)와 분자/면역 진단기기 등 현장진단용 제품을 중심으로 글로벌 진단시장에 다양한 파이프라인을 구축하고 있습니다.","신속 현장진단키트 및 분자/면역진단기기의 상용화 및 글로벌 시장 진출, 관련 특허·인증과 신기술 기반 진단제품 연구개발에 주력하고 있습니다.","K301 DNA칩 제작 및 활용기술, E105 고속 대량 스크리닝기술, 1090 바이오진단시약, 5020 체외진단이 포함되어 있습니다.",
354200,KR7354200008,1397903,엔젠바이오,,코스닥,2020-12-10,BM-05,진단/체외진단 기업,,,진단,N,특이사항 없음(확인 범위 내),,,"NGS 기반 유전자 분석 시약(유방암/난소암 등 BRCA 진단제품, 고형암·혈액암·희귀질환 진단, HLA 정밀진단 등), 체외진단기기, 암 동반진단 솔루션, 액체생검·질병 예측 분석 서비스 등 종합 유전체 진단 포트폴리오를 보유하고 있습니다.","정밀진단·동반진단·NGS 진단제품 국내외 식약처·CE 등 인증 및 임상 적용, 암·희귀질환 등 다양한 보험수가, 감염병·액체생검·바이오마커 등 신제품 개발, 글로벌 진출 확대, DTC 유전자 검사 및 마이크로바이옴 서비스 상용화, 데이터·IT 융합 신제품 연구역량 강화 등에 집중하고 있습니다.","K301 DNA칩 제작 및 활용기술, 1090 바이오진단시약 등이 적용됩니다.",
036220,KR7036220002,260657,오상헬스케어,,코스닥,2024-03-13,BM-05,진단/체외진단 기업,,BM-06,진단,N,특이사항 없음(확인 범위 내),,,"생화학측정기, 면역진단기기, 분자진단기기, 다양한 진단시약 및 진단마커 등 진단기기와 시약 전 분야에 걸친 폭넓은 신제품과 라인업을 갖추고 있습니다.","주요 진단기기 및 시약 제품군은 다양한 임상시험·의료기관 현장 적용, 각국 인증(CE, FDA, ISO 등) 및 대규모 해외시장 진출, 신속 진단 신제품 상용화, 진단 정확도·신속성 강화 연구개발, 최신 분자·면역진단기술 도입에 집중하고 있습니다.","K301 DNA칩 제작 및 활용기술, 5020 체외진단, 1090 바이오진단시약 등이 적용됩니다.",
311960,KR7311960009,1290132,인터로이드,,코넥스,2022-11-29,BM-05,진단/체외진단 기업,,,진단,N,특이사항 없음(확인 범위 내),,,"KIND 주요제품 기준으로 건강기능식품, AI솔루션, 분자진단키트 중심의 의료기기·디지털헬스 솔루션을 보유한 기업입니다. 신약 임상 파이프라인보다는 제품 허가, 인증, 병원 도입, 소프트웨어/기기 고도화 현황을 추적하는 유형입니다.","의료기기/디지털헬스 기업으로, 전통적 Phase 1~3 임상단계보다는 식약처/해외 인허가, 제품 인증, 임상적 성능평가, 병원 레퍼런스 확인이 필요합니다.",M100 의료데이터·AI 분석기술,http://aithenutrigene.com
225220,KR7225220003,1062177,제놀루션,,코스닥,2020-07-24,BM-05,진단/체외진단 기업,,,진단,N,특이사항 없음(확인 범위 내),,,"핵산추출기기, 핵산추출시약, RNAi 관련 진단 및 연구 제품 등 분자진단 연구 및 실험에 필요한 다양한 제품을 개발·공급하고 있습니다.","핵산추출과 RNAi 관련 진단·연구 제품의 상용화, 빠른 스크리닝이 가능한 자동진단 기술 도입, 다양한 연구용 효소·시약의 개발 및 인증을 확대하고 있습니다.","A109 DNA 증폭기술, E105 고속 대량 스크리닝기술 등이 적용되고 있습니다.",
127120,KR7127120004,642541,제이에스링크,,코스닥,2011-12-26,BM-05,진단/체외진단 기업,,BM-04,진단,Y,특이사항 없음(확인 범위 내),,,"유전체(Genome) 분석, 개인 맞춤 유전자 정보 리포트, 건강 및 질병 예측, 연구·임상 데이터 기반 유전체 분석 플랫폼 구축 등 다양한 맞춤형 바이오서비스 제품군을 보유하고 있습니다.","병의원 및 임상 데이터 기반 서비스 제공, 맞춤 유전자 정보 플랫폼 신제품 고도화, 다양한 질환 예측·건강관리 데이터 연동, 국내외 인증 및 다기관 협업, 글로벌 맞춤바이오 플랫폼 확장에 역점을 두고 있습니다.","K301 DNA칩 제작 및 활용기술, 8000 기타 바이오서비스 등이 적용됩니다.",
229000,KR7229000005,1051472,젠큐릭스,,코스닥,2020-06-25,BM-05,진단/체외진단 기업,,,진단,N,특이사항 없음(확인 범위 내),,,"유방암 예후 및 폐암·대장암 동반진단 서비스와 키트 등 다양한 암 유전자 진단·동반진단 제품군을 개발, 상용화하고 있습니다.","각종 암 진단 및 동반진단 키트의 임상 개발과 상용화, DNA칩 및 진단기술 고도화, 특허와 인증 확대에 집중하고 있습니다.","K301 DNA칩 제작 및 활용기술, E104 DNA칩 개발기술 등이 적용되고 있습니다.",
228760,KR7228760005,1108248,지노믹트리,,코스닥,2019-03-27,BM-05,진단/체외진단 기업,,,진단,N,특이사항 없음(확인 범위 내),,,"EarlyTect 대장암 진단(체외분자진단), 다양한 암 조기진단 제품, DNA칩 및 바이오마커 기반 조기암 진단 솔루션, 대량 스크리닝 진단 등 조기질환 관리 신제품 포트폴리오를 구축하고 있습니다.","EarlyTect 등 분자진단제품은 국내 건강보험 등재·상용화, 다수 병원 및 국가 암검진 프로그램 적용, 글로벌 품질·성능 인증 획득, E105 기반 대량 스크리닝 제품 연구·출시, 신규 암종·질환 진단 플랫폼 고도화, 대규모 임상데이터 및 기술특허 쌓으며 해외시장 진출 확대에 주력하고 있습니다.","K301 DNA칩 제작 및 활용기술, E105 고속 대량 스크리닝기술, 1090 바이오진단시약 등이 적용됩니다.",
389030,KR7389030008,1494154,지니너스,,코스닥,2021-11-08,BM-05,진단/체외진단 기업,,,진단,N,특이사항 없음(확인 범위 내),,,"NGS(차세대 염기서열 분석) 기반 조직·액체생검 동반진단(암·희귀질환 등), 단일세포 분석제품 및 유전체 진단(코호트·임상 연구 등), 맞춤형 분석데이터 솔루션 및 서비스를 폭넓게 제공합니다.","NGS 기반 동반진단 및 액체생검 서비스 임상 도입·인증(CE, FDA 등), 암환자 진단·적응증 확대, 코호트 연구·대규모 유전체 데이터 분석, 단일세포 분석·신제품 출시에 주력, 글로벌 임상 데이터 공유 및 맞춤형 진단 플랫폼 고도화에도 힘쓰고 있습니다.","K301 DNA칩 제작 및 활용기술, E105 고속 대량 스크리닝기술, 1090 바이오진단시약 등이 적용됩니다.",
340450,KR7340450006,1432598,지씨지놈,,코스닥,2025-06-11,BM-05,진단/체외진단 기업,,,진단,N,특이사항 없음(확인 범위 내),,,"NIPT(비침습 산전검사), 암 유전체 패널, 희귀질환 진단 패널, 유전체 데이터 기반 건강검진 등 다양한 정밀 진단 및 예측서비스를 제공합니다.","주요 검사 서비스(NIPT, 암·희귀질환 패널 등)는 국내외 임상 및 현장 적용 완료, 각종 품질·성능 인증 보유, 고속 대량 스크리닝 플로우 표준 구축, 신제품 유전자검사 개발, 건강보험·공공기관 공급 확대 및 글로벌 진단시장 진출 역량 강화를 추진하고 있습니다.","K301 DNA칩 제작 및 활용기술, 1090 바이오진단시약, E105 고속 대량 스크리닝기술 등이 적용됩니다.",
109820,KR7109820001,552992,진매트릭스,,코스닥,2009-11-06,BM-05,진단/체외진단 기업,,,진단,N,특이사항 없음(확인 범위 내),,,"B형간염, C형간염, 자궁경부암 바이러스(HPV) 유전형 진단 등 감염병 특화 체외진단 솔루션 및 정밀분자진단 제품/시약 라인업을 보유하고 있습니다.","B형간염·C형간염·HPV 등 체외진단제품 임상 적용 및 확대, 글로벌 인증 및 다국가 병의원 공급, 맞춤형 분석 키트·솔루션 신제품 개발 및 시장 적용 확대, 신기술·신제품 라인업 고도화에 집중하고 있습니다.","K301 DNA칩 제작 및 활용기술, 1090 바이오진단시약 등이 적용됩니다.",
363250,KR7363250002,1437858,진시스템,,코스닥,2021-05-26,BM-05,진단/체외진단 기업,,,진단,N,특이사항 없음(확인 범위 내),,,"High multiplex(고다중) 신속진단기, 바이오칩 활용 분자·면역진단기기, 다중진단시약 등 다양한 질환과 현장 진단을 위한 의료 솔루션을 보유하고 있습니다.","주요 진단기기 및 진단시약은 임상검증 및 의료현장 테스트, 글로벌 인증(CE, FDA, GMP 등) 취득, 다중질환 신속진단 솔루션 라인업 강화, 시장 요구 기반 제품 개발 및 해외시장 진출 확대에 주력하고 있습니다.","K301 DNA칩 제작 및 활용기술, 5020 체외진단, 1090 바이오진단시약 등이 적용됩니다.",
402420,KR7402420004,1507722,켈스,,코넥스,2021-11-30,BM-05,진단/체외진단 기업,,,진단,N,특이사항 없음(확인 범위 내),,,"고민감도 체외진단기기, 현장진단 시스템 등 다양한 질환에 대응 가능한 Ion Concentration 기반의 체외진단 제품과 플랫폼을 구축하고 있습니다.","주요 체외진단 플랫폼은 임상시험·검증 및 의료현장 테스트 진행, 국내외 시장 진출을 위한 신제품 라인업 및 인증(CE, FDA 등) 확보, 진단 정확도 및 신속성 강화 기술개발, 다중 질환 진단 솔루션 확대에 중심을 두고 있습니다.","K301 DNA칩 제작 및 활용기술, 5020 체외진단, 1090 바이오진단시약 등이 적용됩니다.",
317690,KR7317690006,1311286,퀀타매트릭스,,코스닥,2020-12-09,BM-05,진단/체외진단 기업,,,진단,N,특이사항 없음(확인 범위 내),,,"신속 항균제감수성검사(AST) 시스템, 혈액감염 진단시스템 등 감염질환 진단 솔루션과 각종 진단키트 라인업을 보유하고 있습니다.","주요 AST 및 혈액감염 진단시스템은 임상시험 및 의료기관 실사용 테스트, 다양한 규제·품질 인증(CE, FDA 등) 획득, 국내외 시장 진출, 신제품 고도화 및 적응증 확대, 빅데이터·AI 기반 진단 정확도 향상 등에 투자하고 있습니다.","K301 DNA칩 제작 및 활용기술, 5020 체외진단, 1090 바이오진단시약 등이 적용됩니다.",
336040,KR7336040001,1118139,타스컴,,코넥스,2019-12-02,BM-05,진단/체외진단 기업,,,진단,N,특이사항 없음(확인 범위 내),,,"당뇨관리 의료기기(SimplexTAS 등 혈당계/펜니들/POCT 솔루션), 세포치료제(줄기세포 기반 당뇨병 치료용 세포치료제), 혈당 측정 솔루션, 만성질환 관리용 현장진단 기기 중심의 통합 플랫폼을 구축하고 있습니다.","현장진단기기 SimplexTAS 상용화, 유럽 등 해외수출, 당뇨병 세포치료제 전임상 및 임상 1/2상 준비, 각종 의료기기 성능/품질 인증, 줄기세포·진단장비 융합 신제품 개발, 글로벌 시장 공략과 맞춤형 차세대 솔루션 확장 중심으로 추진하고 있습니다.","K201 소자 제작기술, 5000 기타 바이오의료기기 등이 적용됩니다.",
303360,KR7303360002,1267958,프로티아,,코스닥,2023-06-16,BM-05,진단/체외진단 기업,,,진단,N,특이사항 없음(확인 범위 내),,,"알레르기 진단키트, 면역진단 PoCT(Point-of-Care Testing) 제품, 체외진단 시약 등 다양한 현장·신속 검사용 진단기기 및 시약 라인업을 구축하고 있습니다.","각종 PoCT 기기 및 진단시약은 임상시험을 통한 성능 검증, 국내외 병원 납품·의료현장 적용 경험, CE·FDA·ISO 등 글로벌 인증 취득 및 수출 확대, 신속 신제품 출시, 다중질환 진단 플랫폼 개발 등으로 경쟁력을 강화하고 있습니다.","K301 DNA칩 제작 및 활용기술, 5020 체외진단, 1090 바이오진단시약 등이 적용됩니다.",
335810,KR7335810008,1137295,프리시젼바이오,,코스닥,2020-12-22,BM-05,진단/체외진단 기업,,,진단,N,특이사항 없음(확인 범위 내),,,"면역진단기, 알레르기 진단키트, PoCT(Point-of-Care Testing) 분석기 등 현장 맞춤형 혈액·면역 진단기기 및 시약 라인업을 갖추고 있습니다.","주요 진단기기·시약은 임상시험 및 의료현장 적용, 글로벌 인증(CE, FDA, GMP 등)·다국가 시장 공급, 신제품 개발 및 신속 제품 상용화, 현장진단 솔루션 확장에 집중하고 있습니다.","K301 DNA칩 제작 및 활용기술, 5020 체외진단, 1090 바이오진단시약 등이 적용됩니다.",
241820,KR7241820000,1051092,피씨엘,,코스닥,2017-02-23,BM-05,진단/체외진단 기업,,,진단,N,관리종목,KRX 전종목 기본정보(2026-09-24) 소속부: 관리종목(소속부없음),주의: 관리종목 (2026-09-24 기준). KRX 전종목 기본정보(2026-09-24) 소속부: 관리종목(소속부없음),"멀티플렉스(다중) 체외진단 키트, 다양한 진단용 면역시약 및 플랫폼 등 체외진단 다중면역진단을 위한 첨단 제품을 개발하고 있습니다.","다중면역진단 플랫폼 및 체외진단 키트의 임상 및 상용화 확대, 신제품 개발과 관련된 기술 특허·인증을 지속적으로 확보하고 있습니다.","K301 DNA칩 제작 및 활용기술, E105 고속 대량 스크리닝기술 등이 적용되고 있습니다.",
304840,KR7304840002,1118281,피플바이오,,코스닥,2020-10-19,BM-05,진단/체외진단 기업,,,진단,N,특이사항 없음(확인 범위 내),,,알츠하이머병 조기진단(베타-아밀로이드 검사) 및 다양한 신경질환 바이오마커 진단키트 개발과 상용화에 주력하고 있습니다.,"베타-아밀로이드 조기진단 기술 임상개발 및 상용화, 다양한 신경질환 진단키트의 임상 연구와 인증 확대, DNA칩 등 진단기술 고도화에 집중하고 있습니다.","K301 DNA칩 제작 및 활용기술, E105 고속 대량 스크리닝기술 등이 적용되고 있습니다.",
205470,KR7205470008,1042979,휴마시스,,코스닥,2014-12-01,BM-05,진단/체외진단 기업,,BM-04,진단,Y,특이사항 없음(확인 범위 내),,,"신속진단키트(코로나 포함), 다양한 감염병 면역진단키트·기기, POCT 플랫폼 등 신속·현장진단 솔루션 개발 및 공급에 주력하고 있습니다.","신속 면역진단키트·기기의 상용화, 다양한 감염병·질환 진단시약의 임상 및 국내외 인증, 신기술 기반 신제품의 지속적 개발 및 특허 확대에 주력하고 있습니다.","K301 DNA칩 제작 및 활용기술, E105 고속 대량 스크리닝기술, 1090 바이오진단시약, 5020 체외진단 등이 적용되고 있습니다.",
032620,KR7032620007,220057,GC메디아이,,코스닥,1997-05-02,BM-06,의료기기/바이오장비,06-B 디지털헬스·의료IT,,의료기기·디지털헬스,N,특이사항 없음(확인 범위 내),,,,,,
067630,KR7067630004,365590,HLB생명과학,,코스닥,2008-11-25,BM-06,의료기기/바이오장비,06-A 의료기기,BM-01,의료기기·디지털헬스,N,투자주의환기종목,KRX 전종목 기본정보(2026-09-24) 소속부: 투자주의환기종목(소속부없음),주의: 투자주의환기종목 (2026-09-24 기준). KRX 전종목 기본정보(2026-09-24) 소속부: 투자주의환기종목(소속부없음),"항암 등 혁신 신약 개발과 에너지 신사업을 주요 파이프라인으로 보유하고 있으며, 다양한 치료제 분야 연구를 통해 제품 포트폴리오를 확장하고 있습니다.","혁신 신약 파이프라인의 임상 및 연구개발, 신규 치료제와 에너지 신사업의 연계, 국내외 R&D, 제품화 및 글로벌 인증과 특허 확대에 주력하고 있습니다.",F103 기타 생산기술이 적용되고 있습니다.,
246960,KR7246960009,1110182,SCL사이언스,,코스닥,2019-02-01,BM-06,의료기기/바이오장비,06-A 의료기기,,의료기기·디지털헬스,N,특이사항 없음(확인 범위 내),,,"의료용 지혈제(홍합접착 원리), 의료진단 솔루션, 건강관리 빅데이터 기반 디지털 헬스케어 플랫폼 등 다양한 의료기기 및 소재를 연구·개발하고 있습니다.","신규 생체재료와 의료용 지혈제의 상용화, 의료진단 솔루션의 임상 및 인증 절차, 헬스케어 데이터 기반 다양한 애플리케이션 확장에 적극적입니다.","D301 신규 생체재료 개발기술, K201 소자 제작기술 등이 적용되고 있습니다.",
244880,KR7244880001,1117422,나눔테크,,코넥스,2016-06-01,BM-06,의료기기/바이오장비,06-A 의료기기,,의료기기·디지털헬스,N,특이사항 없음(확인 범위 내),,,"자동심장충격기(AED), 골밀도 진단기 등 다양한 응급의료·진단기기 라인업을 구축하고 있으며, 현장 적용성 및 신속 진단 솔루션을 제공합니다.","주요 응급·진단 의료기기는 현장 및 병원 적용 및 효과 검증, 국내외 인허가 및 인증 취득, 시장 다변화·수출 확대, 사용자 피드백 반영 제품 업그레이드, 국내외 맞춤형 라인업 확장에 힘쓰고 있습니다.","K201 소자 제작기술, 5000 기타 바이오의료기기 등이 적용됩니다.",
389650,KR7389650003,1385050,넥스트바이오메디컬,,코스닥,2024-08-20,BM-06,의료기기/바이오장비,06-A 의료기기,,의료기기·디지털헬스,N,특이사항 없음(확인 범위 내),,,"내시경용 지혈제, 혈관색전 미립구, 조직접착제 등 중재시술·내시경시술용 기능성 의료기기, 각종 생체재료 기반 신기술, 맞춤형 카테터·기구류 중심으로 의료현장용 다기능 제품을 보유하고 있습니다.","주요 내시경용 지혈재, 혈관색전 미립구 등은 대학병원 임상시험, 식약처 승인 및 상용화, 다양한 시술치료 적응증 신제품 개발, CE·FDA·GMP 등 품질 인증, 현장 적용 데이터·사용성테스트, 맞춤형 신제품 임상설계 및 수출용 라인업 확대에 집중하고 있습니다.","K201 소자 제작기술, 5000 기타 바이오의료기기 등이 적용됩니다.",
290660,KR7290660000,1246034,다이나믹솔루션,네오펙트,코스닥,2018-11-28,BM-06,의료기기/바이오장비,06-A 의료기기,,의료기기·디지털헬스,N,특이사항 없음(확인 범위 내),,,"스마트글러브, BCI리햅, 디지털 재활훈련솔루션 등 신경계/근골격계 환자 재활을 위한 첨단 디지털 솔루션과 의료장비 라인업을 보유하고 있습니다.","주요 재활훈련기기 및 솔루션은 국내·외 임상 현장 도입, 디지털 치료효과 검증, 글로벌 인증·보험 적용 확대, 미국·유럽 등 시장 수출 및 원격·AI 재활서비스 확장, 혁신 BCI·VR 신제품 개발, 환자별 맞춤 재활데이터 연구에 중점적으로 투자합니다.","K201 소자 제작기술, 5000 기타 바이오의료기기 등이 적용됩니다.",http://www.neofect.com
120240,KR7120240007,250997,대정화금,,코스닥,2010-12-20,BM-06,의료기기/바이오장비,06-C 연구장비·시약,BM-02,의료기기·디지털헬스,N,특이사항 없음(확인 범위 내),,,"원료의약품·의약품 중간체·시약 제조. 개별 후보물질, 제품 허가, 인허가/도입 레퍼런스는 DART와 회사 IR, 식약처 자료 기준으로 2차 구조화가 필요합니다.","신약개발사는 후보물질·적응증·임상단계를, 의료기기/디지털헬스 기업은 제품 인허가·인증·병원 도입 레퍼런스를 별도 추적합니다.",F100 후보물질·플랫폼 기술,http://www.daejung.kr
131220,KR7131220006,608316,대한과학,,코스닥,2011-10-11,BM-06,의료기기/바이오장비,06-C 연구장비·시약,,의료기기·디지털헬스,N,특이사항 없음(확인 범위 내),,,"KIND 주요제품 기준으로 의료, 정밀 및 연구실험기기 제조 및 유통를 중심으로 한 의약품·바이오헬스 제품/개발 후보군을 보유한 것으로 분류됩니다. 개별 후보물질명, 적응증, 임상단계는 DART 사업보고서 및 회사 IR 자료를 통한 2차 검수가 필요합니다.","상장법인목록에서는 임상단계가 별도 제공되지 않으므로, 현재는 '의료, 정밀 및 연구실험기기 제조 및 유통' 관련 사업·제품 보유 기업으로 1차 태깅했습니다. 임상 파이프라인 여부는 DART 연구개발활동, 임상시험정보, 회사 공시 기준으로 추가 구조화가 필요합니다.",L100 연구장비·유통서비스,http://www.daihansci.co.kr
299170,KR7299170001,1318261,더블유에스아이,,코스닥,2018-09-21,BM-06,의료기기/바이오장비,06-D 의료기기 유통,,의료기기·디지털헬스,N,특이사항 없음(확인 범위 내),,,"KIND 주요제품 기준으로 의약품, 의료기기 도소매 중심의 의료기기·디지털헬스 솔루션을 보유한 기업입니다. 신약 임상 파이프라인보다는 제품 허가, 인증, 병원 도입, 소프트웨어/기기 고도화 현황을 추적하는 유형입니다.","의료기기/디지털헬스 기업으로, 전통적 Phase 1~3 임상단계보다는 식약처/해외 인허가, 제품 인증, 임상적 성능평가, 병원 레퍼런스 확인이 필요합니다.",K400 의료기기·진단기술,http://wsi-healthcare.com/
261200,KR7261200000,1187494,덴티스,,코스닥,2017-06-26,BM-06,의료기기/바이오장비,06-A 의료기기,,의료기기·디지털헬스,N,특이사항 없음(확인 범위 내),,,"치과용 임플란트, 3D프린터, 디지털 치과 솔루션 및 수술가이드 등 디지털 기반 치과진료와 시술의 효율성을 높이는 첨단 제품 라인업을 갖추고 있습니다.","임플란트 및 3D프린터 주요 제품은 국내외 임상 데이터와 품질·안전 인증(CE, FDA, KGMP 등) 보유, 디지털 솔루션 및 치과용 신제품 확대, 다국적 시장 수출, 디지털 치과시스템 고도화와 현장 피드백 기반 신제품 개발에 역량을 집중하고 있습니다.","D301 신규 생체재료 개발기술, 5000 기타 바이오의료기기 등이 적용됩니다.",
145720,KR7145720009,526599,덴티움,,유가,2017-03-15,BM-06,의료기기/바이오장비,06-A 의료기기,,의료기기·디지털헬스,N,특이사항 없음(확인 범위 내),,,"치과임플란트, 디지털 치과장비, CAD/CAM 장비 등 치과진료 전주기에 적용되는 통합형 디지털솔루션과 첨단 임플란트 제품 라인업을 구축하고 있습니다.","치과임플란트 및 디지털장비는 글로벌 임상 및 현장 적용, FDA·CE·ISO 등 각국 인증 확보, 원스톱 디지털치과 구축, 신제품·적응증 확대, 디지털 치료플랫폼 개발, 수출시장 다변화 등 진료효율 혁신과 글로벌 시장 확대에 주력하고 있습니다.","D301 신규 생체재료 개발기술, 5000 기타 바이오의료기기 등이 적용됩니다.",
240550,KR7240550004,1073261,동방메디컬,,코스닥,2025-02-13,BM-06,의료기기/바이오장비,06-A 의료기기,,의료기기·디지털헬스,N,특이사항 없음(확인 범위 내),,,"미용/의료용 필러(히알루론산계 등), 각종 한방침(일회용·멸균침), 약침주입기 등 한의·정형 의료기구, 물리치료·재활 보조기, 기초·특수 의료용구, K201 기반 고기능 바이오센서·소자 기기 라인업을 확보.","필러/한방침 등 주력 제품은 대형병원·한의원·치과 등 임상 및 사용경험 다수 확보, 신제품(지속성 필러, 안전침, 통증경감 기구 등) 임상 시험 및 인증, 한방/의료기기 통합 서비스 런칭, 제품군 해외 수출(동남아·유럽 등), 연구소·임상 네트워크 통해 신제품/신소재 개발도 활발히 추진중입니다.","K201 소자 제작기술, 5000 기타 바이오의료기기 등이 적용됩니다.",
263690,KR7263690000,966168,디알젬,,코스닥,2018-11-22,BM-06,의료기기/바이오장비,06-A 의료기기,,의료기기·디지털헬스,N,특이사항 없음(확인 범위 내),,,"다양한 진단용 X-ray 시스템, X-ray generator(발생기) 등 병원·클리닉·응급현장용 디지털 영상진단 솔루션을 폭넓게 보유하고 있습니다.","주력 X-ray 제품군은 국내외 의료기관에서 다수 상용화 및 임상 도입, 각종 품질·성능 인증 완료, 글로벌 시장 수출(아시아·중동·미주 등 100여개국), 신제품·신기술 개발 및 원격진단 서비스 연구 등 글로벌 의료영상시장에서 성장세를 이어가고 있습니다.","K201 소자 제작기술, 5000 기타 바이오의료기기 등이 적용됩니다.",
214680,KR7214680001,1062867,디알텍,,코스닥,2015-04-20,BM-06,의료기기/바이오장비,06-A 의료기기,,의료기기·디지털헬스,N,특이사항 없음(확인 범위 내),,,"X-ray Detector(IGZO 기반 flat panel 등), X-ray 시스템(EXTRON, EXPD LLD 등), 디지털 유방암 진단 시스템(AIDIA), DR 시스템, 프리미엄 C-arm, 의료영상 소프트웨어로 폭넓은 진단 솔루션 라인업을 보유하고 있습니다.","20여년 이상 의료영상장비 기술 축적으로 국내외 수많은 의료기관 적용, 글로벌 의료장비 인증·수출, 최신 AI·고해상도 영상소프트웨어 개발 및 신제품 지속 업그레이드, 북미·유럽 등 의료영상시장 공략에 주력하고 있습니다.","K201 소자 제작기술, 5000 기타 바이오의료기기 등이 적용됩니다.",
039840,KR7039840004,115931,디오,,코스닥,2000-06-29,BM-06,의료기기/바이오장비,06-A 의료기기,,의료기기·디지털헬스,N,특이사항 없음(확인 범위 내),,,"치과용 임플란트, 3D프린터, 구강스캐너, CAD/CAM 자동포장장비, 소프트웨어, 디지털 진료시스템 등 토탈 디지털 덴탈 라인업과 디지털 치과 치료 프로세스를 제공합니다.","구강스캐너·3D프린터 등 주요 제품군은 국내외 치과·기공소에서 상용화 및 FDA·CE 등 글로벌 인증 확보, 디지털 제조환경 전환사업 적극 참여, 치과용 디지털솔루션 신제품 확대·글로벌 시장 다변화에 집중하고 있습니다.","K201 소자 제작기술, 5000 기타 바이오의료기기 등이 적용됩니다.",
315640,KR7315640003,1344831,딥노이드,,코스닥,2021-08-17,BM-06,의료기기/바이오장비,06-B 디지털헬스·의료IT,BM-04,의료기기·디지털헬스,N,특이사항 없음(확인 범위 내),,,"의료 AI 플랫폼 및 임상의사결정 지원 소프트웨어. 개별 후보물질, 제품 허가, 인허가/도입 레퍼런스는 DART와 회사 IR, 식약처 자료 기준으로 2차 구조화가 필요합니다.","신약개발사는 후보물질·적응증·임상단계를, 의료기기/디지털헬스 기업은 제품 인허가·인증·병원 도입 레퍼런스를 별도 추적합니다.",K400 의료기기·디지털헬스,http://www.deepnoid.com
462510,KR7462510009,1504211,라메디텍,,코스닥,2024-06-17,BM-06,의료기기/바이오장비,06-A 의료기기,,의료기기·디지털헬스,N,특이사항 없음(확인 범위 내),,,"고성능 레이저 의료기기, 미용기기, 다양한 임상/미용 분야에 적용 가능한 레이저 솔루션을 개발·보유하고 있습니다.","레이저 의료기기·미용기기 제품군은 임상 안전성·효과성 검증 및 다수의 의료기관/미용클리닉 납품, 국내외 인증(CE, FDA, GMP 등) 획득 및 상용화, 새로운 적응증 발굴과 글로벌 시장 진출을 위한 제품 라인업 확장에 집중하고 있습니다.","K201 소자 제작기술, 5000 기타 바이오의료기기 등이 적용됩니다.",
214260,KR7214260002,1058101,라파스,,코스닥,2019-11-11,BM-06,의료기기/바이오장비,06-A 의료기기,,의료기기·디지털헬스,N,특이사항 없음(확인 범위 내),,,"KIND 주요제품 기준으로 마이크로니들 패치 제품(의약품패치, 의료기기패치, 미용패치 등) 중심의 의료기기·디지털헬스 솔루션을 보유한 기업입니다. 신약 임상 파이프라인보다는 제품 허가, 인증, 병원 도입, 소프트웨어/기기 고도화 현황을 추적하는 유형입니다.","의료기기/디지털헬스 기업으로, 전통적 Phase 1~3 임상단계보다는 식약처/해외 인허가, 제품 인증, 임상적 성능평가, 병원 레퍼런스 확인이 필요합니다.",K400 의료기기·진단기술,http://www.raphas.com
387690,KR7387690001,1501764,레메디,,코스닥,2026-07-13,BM-06,의료기기/바이오장비,06-A 의료기기,,의료기기·디지털헬스,N,특이사항 없음(확인 범위 내),,,,,,
365660,KR7365660000,1424261,레몬헬스케어,,코스닥,2026-07-06,BM-06,의료기기/바이오장비,06-B 디지털헬스·의료IT,,의료기기·디지털헬스,N,특이사항 없음(확인 범위 내),,,,,,
228670,KR7228670006,828761,레이,,코스닥,2019-08-08,BM-06,의료기기/바이오장비,06-A 의료기기,,의료기기·디지털헬스,N,특이사항 없음(확인 범위 내),,,"CT·X-ray 등 디지털 진단장비, 3D프린터/구강스캐너 기반 치과·의료영상 솔루션, AI 진단/치료 소프트웨어·디지털 치료플랫폼, 3D 프린팅 재료 등 다양한 의료 ICT 융합 제품을 보유하고 있습니다.","치과용 3D CT, X-ray 등 영상장비는 국내외 의료기관에서 임상 적용·인증, AI 기반 진단소프트웨어 신제품 상용화, 3D 프린터 및 디지털 치료 플랫폼 라인업 확대, 글로벌 시장공략·현지 법인 설립, 디지털 치과 신제품 연구개발 및 AI·3D 융합 신기술 상용화에 지속 투자 중입니다.","K201 소자 제작기술, 5000 기타 바이오의료기기 등이 적용됩니다.",
228850,KR7228850004,899459,레이언스,,코스닥,2016-04-11,BM-06,의료기기/바이오장비,06-A 의료기기,,의료기기·디지털헬스,N,특이사항 없음(확인 범위 내),,,"의료용 X-ray Detector, CMOS 센서, 디지털 I/O 센서 등 영상진단·계측용 첨단 센서 소자 라인업을 보유하고 있습니다.","병원·진단장치 제조사 글로벌 공급(110여개국 이상), 의료기기 OEM·ODM 협력, 품질·성능 글로벌 인증 다수 취득(CE, FDA 등), 신규 진단·영상센서 신제품 확장, AI·영상분석 연계 신기술 개발에 집중하고 있습니다.","K201 소자 제작기술, 5000 기타 바이오의료기기 등이 적용됩니다.",
199550,KR7199550005,1161432,레이저옵텍,,코스닥,2024-02-01,BM-06,의료기기/바이오장비,06-A 의료기기,,의료기기·디지털헬스,N,특이사항 없음(확인 범위 내),,,"피부미용 레이저기기, 안과용 레이저, 치료용 레이저 등 다양한 피부미용 및 진료·치료 분야에 적용되는 첨단 레이저 장비와 솔루션을 제공합니다.","피부미용, 안과, 치료용 레이저 제품군은 임상 현장 테스트 및 의료기관 적용, 다양한 적응증에서의 안전성·효과성 입증, 글로벌 인증(CE, FDA, GMP 등) 및 수출과 시장 다변화, 신기술 융합 신제품 개발에 힘쓰고 있습니다.","K201 소자 제작기술, 5000 기타 바이오의료기기 등이 적용됩니다.",
376900,KR7376900007,1335143,로킷헬스케어,,코스닥,2025-05-12,BM-06,의료기기/바이오장비,06-A 의료기기,,의료기기·디지털헬스,N,특이사항 없음(확인 범위 내),,,,,,
328130,KR7328130000,1397620,루닛,,코스닥,2022-07-21,BM-06,의료기기/바이오장비,06-B 디지털헬스·의료IT,,의료기기·디지털헬스,N,특이사항 없음(확인 범위 내),,,,,,
253610,KR7253610000,1262023,루트락,,코넥스,2020-12-24,BM-06,의료기기/바이오장비,06-D 의료기기 유통,,의료기기·디지털헬스,N,특이사항 없음(확인 범위 내),,,"KIND 주요제품 기준으로 인공슬관절, 척추 임플란트(의료기기 도·소매) 중심의 의료기기·디지털헬스 솔루션을 보유한 기업입니다. 신약 임상 파이프라인보다는 제품 허가, 인증, 병원 도입, 소프트웨어/기기 고도화 현황을 추적하는 유형입니다.","의료기기/디지털헬스 기업으로, 전통적 Phase 1~3 임상단계보다는 식약처/해외 인허가, 제품 인증, 임상적 성능평가, 병원 레퍼런스 확인이 필요합니다.",K400 의료기기·진단기술,http://rootloc.com/
302550,KR7302550009,1275665,리메드,,코스닥,2019-12-06,BM-06,의료기기/바이오장비,06-A 의료기기,,의료기기·디지털헬스,N,특이사항 없음(확인 범위 내),,,"rTMS(경두개 자기자극기, 반복적 자기장 뇌질환 치료기), 다양한 자기장치 의료기기(신경·근육 치료 등) 및 관련 치료 소프트웨어 플랫폼을 포함한 다각적 의료 솔루션을 제공합니다.","주요 자기장 치료기(rTMS 등)는 국내외 다수 임상시험과 의료기관 사용 근거 확보, 식약처 및 글로벌 인증·허가, 국내외 시장 확대, 신제품(치매·비만 등) 임상연구 수행, 뇌질환 외 신경계·만성 통증 등 치료영역 확장 및 플랫폼화에 투자하고 있습니다.","K201 소자 제작기술, 5000 기타 바이오의료기기 등이 적용됩니다.",
491000,KR7491000006,1385005,리브스메드,,코스닥,2025-12-24,BM-06,의료기기/바이오장비,06-A 의료기기,,의료기기·디지털헬스,N,특이사항 없음(확인 범위 내),,,"다관절 복강경 수술기구 ArtiSential 등 제조. 개별 후보물질, 제품 허가, 인허가/도입 레퍼런스는 DART와 회사 IR, 식약처 자료 기준으로 2차 구조화가 필요합니다.","신약개발사는 후보물질·적응증·임상단계를, 의료기기/디지털헬스 기업은 제품 인허가·인증·병원 도입 레퍼런스를 별도 추적합니다.",K400 의료기기·디지털헬스,http://www.livsmed.com
394420,KR7394420004,1685677,리센스메디컬,,코스닥,2026-03-31,BM-06,의료기기/바이오장비,06-A 의료기기,,의료기기·디지털헬스,N,특이사항 없음(확인 범위 내),,,"피부 및 안구 냉각마취 의료기기, 경피약물전달 장치. 개별 후보물질, 제품 허가, 인허가/도입 레퍼런스는 DART와 회사 IR, 식약처 자료 기준으로 2차 구조화가 필요합니다.","신약개발사는 후보물질·적응증·임상단계를, 의료기기/디지털헬스 기업은 제품 인허가·인증·병원 도입 레퍼런스를 별도 추적합니다.",K400 의료기기·디지털헬스,http://recensmedical.co.kr/
305090,KR7305090003,1267967,마이크로디지탈,,코스닥,2019-06-05,BM-06,의료기기/바이오장비,06-C 연구장비·시약,,의료기기·디지털헬스,N,투자주의환기종목,"투자주의환기종목 지정(반기 검토의견 비적정, 2026-08-31)","주의: 투자주의환기종목 (2026-09-24 기준). 투자주의환기종목 지정(반기 검토의견 비적정, 2026-08-31)","바이오/의료 분석기기, 자동화 진단시스템, 정밀 데이터 분석 및 실험 자동화 솔루션 등 다양한 생명공학·의료 현장용 분석 장비 플랫폼을 갖추고 있습니다.","주요 자동화 분석기·진단시스템은 실험실 및 의료기관 적용, 데이터 정확성·신뢰성 임상 검증, 각종 품질(CE 등)·성능 인증, 신제품 업그레이드, 국내외 시장 확대에 힘쓰고 있습니다.","K201 소자 제작기술, 6030 다기능 및 기타 분석기기 등이 적용됩니다.",
448780,KR7448780007,1206717,마이크로엔엑스,,코넥스,2022-12-21,BM-06,의료기기/바이오장비,06-A 의료기기,,의료기기·디지털헬스,N,특이사항 없음(확인 범위 내),,,"의료용 전동기(수술·진단용, 치과용 전기모터 핸드피스 등), 다양한 수술·진단기기 통합 전동모터 플랫폼, 정밀 구동기술을 활용한 복합 의료장비 등을 보유하고 있습니다.","주력 의료전동기 및 핸드피스 제품군은 국내외 치과 및 의료기관에 폭넓게 납품되고 있으며, 임상 및 현장 적용 테스트를 통한 안전성·정밀성 검증, 기술특례상장 및 글로벌 시장 수출 확대, 지속적 제품 고도화·신제품 개발에 힘쓰고 있습니다.","K201 소자 제작기술, 5000 기타 바이오의료기기 등이 적용됩니다.",
200580,KR7200580009,1018617,메디쎄이,,코넥스,2015-10-20,BM-06,의료기기/바이오장비,06-A 의료기기,,의료기기·디지털헬스,N,특이사항 없음(확인 범위 내),,,"척추임플란트(환자 맞춤형 3D프린팅 제품, 추간체 유합재, 경추·흉요추 시스템 등), 금속 외상·골절 고정 임플란트, 신경외과용 임플란트, 수술기구 등 전신 척추 및 외상 치료 제품을 통합적으로 제공합니다.","국내외 대학병원 및 의료현장 광범위 적용, 의료기기 30개국 이상 수출, 글로벌 인증체계(미국 FDA·CE 등) 확보, 신기술 기반 맞춤형 신제품 연속 출시, 해외 현지화 전략 등 수출 주도형 실적 성장 및 코스닥 이전상장 준비가 진행 중입니다.","D301 신규 생체재료 개발기술, 5000 기타 바이오의료기기 등이 적용됩니다.",
041920,KR7041920000,273439,메디아나,,코스닥,2014-10-07,BM-06,의료기기/바이오장비,06-A 의료기기,,의료기기·디지털헬스,N,특이사항 없음(확인 범위 내),,,"환자감시장치(M40, M50S, M32 등), 자동심장충격기(AED), 환자용 모니터, 중앙집중감시장치 등 다양한 환자진단·감시 및 생체신호분석 시스템을 보유하고 있으며, 국내외 주요 병원, 응급실, 수술실 등 폭넓은 임상현장에 적용되고 있습니다.","주요 환자감시장치·AED는 국내외 병원·응급기관 임상 데이터 및 인증(CE, FDA 등) 보유, KIMES 등 주요 전시회 출품, AI·소프트웨어 연계 신제품, 글로벌 시장 수출 및 라인업 확장에 투자하며 최신 의료 환경의 전문화·자동화 솔루션을 지속 강화하고 있습니다.","K201 소자 제작기술, 5000 기타 바이오의료기기 등이 적용됩니다.",
0088M0,KR70088M0003,1780608,메쥬,,코스닥,2026-03-26,BM-06,의료기기/바이오장비,06-A 의료기기,,의료기기·디지털헬스,N,특이사항 없음(확인 범위 내),,,"웨어러블 패치형 환자 감시장치 등 디지털 헬스케어. 개별 후보물질, 제품 허가, 인허가/도입 레퍼런스는 DART와 회사 IR, 식약처 자료 기준으로 2차 구조화가 필요합니다.","신약개발사는 후보물질·적응증·임상단계를, 의료기기/디지털헬스 기업은 제품 인허가·인증·병원 도입 레퍼런스를 별도 추적합니다.",K400 의료기기·디지털헬스,
059210,KR7059210005,317681,메타바이오메드,,코스닥,2008-04-15,BM-06,의료기기/바이오장비,06-A 의료기기,,의료기기·디지털헬스,N,특이사항 없음(확인 범위 내),,,"생체분해성 봉합사, 치과용 근관충전재, 임플란트 고정용 소재 등 첨단 의료기기 및 치과용 바이오 소재 파이프라인을 폭넓게 보유하고 있습니다.","봉합사, 근관충전재 등은 국내외 임상을 통해 안전성과 효능 인증 획득, FDA·CE 등 글로벌 품질 규격·허가 획득, 중국‧미주 등 해외 시장 진출·수출 경험 풍부합니다. 지속적으로 조직재생, 치과·정형외과 소재 R&D 및 제품 리뉴얼, 규제대응 및 혁신형 신제품 임상시험 확대에 역량을 집중하고 있습니다.","D301 신규 생체재료 개발기술, 1110 바이오소재 의약품 등이 적용됩니다.",
118000,KR7118000009,791209,메타케어,,유가,2009-12-30,BM-06,의료기기/바이오장비,06-D 의료기기 유통,,의료기기·디지털헬스,N,특이사항 없음(확인 범위 내),,,"KIND 주요제품 기준으로 의약품, 의료소모품, 의료기기 도매 중심의 의료기기·디지털헬스 솔루션을 보유한 기업입니다. 신약 임상 파이프라인보다는 제품 허가, 인증, 병원 도입, 소프트웨어/기기 고도화 현황을 추적하는 유형입니다.","의료기기/디지털헬스 기업으로, 전통적 Phase 1~3 임상단계보다는 식약처/해외 인허가, 제품 인증, 임상적 성능평가, 병원 레퍼런스 확인이 필요합니다.",K400 의료기기·진단기술,http://www.meta-care.co.kr
058110,KR7058110008,270113,멕아이씨에스,,코스닥,2015-12-14,BM-06,의료기기/바이오장비,06-A 의료기기,,의료기기·디지털헬스,N,특이사항 없음(확인 범위 내),,,"인공호흡기, 환자감시장치 등 중환자 및 응급 의료현장 중심의 생명유지장비 다양한 제품과 통합 관리 솔루션을 구축하고 있습니다.","인공호흡기·감시장치 등 제품은 국내외 병원·ICU 임상 근거, 글로벌 인증, 신제품 개발 및 업그레이드, 자동·지능형 시스템 개발, 미국·유럽 등 주요 시장 수출, 코로나19 등 팬데믹 대응을 통한 품질·생산 신뢰성 쌓아가고 있습니다.","K201 소자 제작기술, 5000 기타 바이오의료기기 등이 적용됩니다.",
489460,KR7489460006,1657197,바이오비쥬,,코스닥,2025-05-20,BM-06,의료기기/바이오장비,06-A 의료기기,BM-09,의료기기·디지털헬스,N,특이사항 없음(확인 범위 내),,,"전통적 신약 임상 파이프라인보다는 화장품·피부과학 소재, 필러/스킨부스터, 제품 인허가·브랜드·매출 구성을 추적합니다.",의약품 임상 Phase 기반 기업이 아니므로 신약개발 Peer 비교에서 제외하고 바이오뷰티 섹터로 별도 관리합니다.,C900 바이오뷰티·피부과학소재,http://www.biobijou.co.kr/
199290,KR7199290008,669450,바이오프로테크,,코넥스,2016-12-08,BM-06,의료기기/바이오장비,06-A 의료기기,,의료기기·디지털헬스,N,특이사항 없음(확인 범위 내),,,"심전도 측정 전극, 환자 모니터링 전극, 의료용 생체신호 계측 소모품 등 다양한 환자 진단과 모니터링 솔루션 제품군을 보유하고 있습니다.","주요 전극 및 모니터링 제품은 국내외 임상 및 의료기관에 폭넓게 적용되며, 각종 품질·성능 인증 확보, 현장 모니터링 피드백 반영 신제품 업그레이드, 국내외 시장 수출 확대, 신제품·기술 개발 역량 고도화에 주력하고 있습니다.","K201 소자 제작기술, 5000 기타 바이오의료기기 등이 적용됩니다.",
099430,KR7099430001,636656,바이오플러스,,코스닥,2021-09-27,BM-06,의료기기/바이오장비,06-A 의료기기,,의료기기·디지털헬스,N,특이사항 없음(확인 범위 내),,,"히알루론산(HA) 더말필러, 관절용 유착방지제, 인체 이식용 바이오소재 등 다양한 고기능성 생체재료 제품을 연구·생산하고 있습니다.","신기술 기반의 고기능성 HA 필러와 인체이식 소재 등 첨단 생체소재의 임상 연구, 인증 취득, 제품 상용화와 관련 특허를 지속적으로 확보하고 있습니다.",D301 신규 생체재료 개발기술 등이 적용되고 있습니다.,
043150,KR7043150002,264255,바텍,,코스닥,2006-09-29,BM-06,의료기기/바이오장비,06-A 의료기기,,의료기기·디지털헬스,N,특이사항 없음(확인 범위 내),,,"치과용 디지털 X-ray, 3D CT 진단장비, 구강스캐너 등 디지털 치과 진단 및 치료 지원을 위한 토털 솔루션 라인업을 구축하고 있습니다.","주요 치과영상진단기기는 글로벌 임상·의료시장 상용화, CE·FDA 등 국제 인증, 디지털덴탈 시장 맞춤 개발, 첨단 구강 진단/치료 솔루션의 현장 적용 확대, 신제품 및 시장 다변화에 주력하고 있습니다.","K201 소자 제작기술, 5000 기타 바이오의료기기 등이 적용됩니다.",
338220,KR7338220007,1344202,뷰노,,코스닥,2021-02-26,BM-06,의료기기/바이오장비,06-B 디지털헬스·의료IT,,의료기기·디지털헬스,N,특이사항 없음(확인 범위 내),,,,,,
100120,KR7100120005,609324,뷰웍스,,코스닥,2009-04-10,BM-06,의료기기/바이오장비,06-A 의료기기,,의료기기·디지털헬스,N,특이사항 없음(확인 범위 내),,,"X-ray Detector, 의료영상 시스템(DR, CT 등) 및 이와 연계된 영상처리 솔루션, 디지털 영상장비 라인업을 보유하고 있습니다.","주요 X-ray Detector 및 영상시스템은 국내외 병원/의료기관 상용화 및 인증(CE, FDA 등) 확보, 글로벌 시장 공급, 혁신 영상기술 신제품라인 개발·출시, 의료영상 데이터 고도화 및 스마트 영상처리 솔루션 확대에 중심을 두고 있습니다.","K201 소자 제작기술, 5000 기타 바이오의료기기 등이 적용됩니다.",
419540,KR7419540000,1506848,비스토스,,코스닥,2022-10-18,BM-06,의료기기/바이오장비,06-A 의료기기,,의료기기·디지털헬스,N,특이사항 없음(확인 범위 내),,,"태아감시장치, 심음측정기, 신생아 황달치료기 등 산모-신생아 의료 환경에 최적화된 진단·치료용 의료기기 라인업을 구성하고 있습니다.","주요 제품은 국내외 병원, 산부인과, 신생아실에서 임상 적용 및 사용성 검증, CE·FDA·GMP 등 의료기기 인증 취득, 해외시장 수출 확장, 임상 데이터 기반 신제품 개발, 사용자 피드백 반영 제품 업그레이드에 주력하고 있습니다.","K201 소자 제작기술, 5000 기타 바이오의료기기 등이 적용됩니다.",
032850,KR7032850000,231707,비트컴퓨터,,코스닥,1997-07-04,BM-06,의료기기/바이오장비,06-B 디지털헬스·의료IT,BM-04,의료기기·디지털헬스,N,특이사항 없음(확인 범위 내),,,"병원용 의료정보시스템(HIS) 및 디지털헬스 소프트웨어. 개별 후보물질, 제품 허가, 인허가/도입 레퍼런스는 DART와 회사 IR, 식약처 자료 기준으로 2차 구조화가 필요합니다.","신약개발사는 후보물질·적응증·임상단계를, 의료기기/디지털헬스 기업은 제품 인허가·인증·병원 도입 레퍼런스를 별도 추적합니다.",K400 의료기기·디지털헬스,http://www.bit.co.kr
044480,KR7044480002,173449,빌리언스,,코스닥,2001-01-11,BM-06,의료기기/바이오장비,06-A 의료기기,,의료기기·디지털헬스,N,특이사항 없음(확인 범위 내),,,"KIND 주요제품 기준으로 콘돔,고무골무,의료용 장갑 관련 바이오헬스 인접 제품/서비스를 보유한 후보입니다. BUYO 485개 universe를 맞추기 위한 러프 포함 후보로, 실제 제약·바이오 직접성은 추가 검수 필요합니다.","KIND 기준 임상·파이프라인 정보는 확인되지 않았습니다. 포함 여부는 사업보고서의 사업부문, 주요제품, R&D 현황을 확인한 뒤 확정하는 것이 적절합니다.",Z999 기타·검수필요,http://www.unidusok.com
038070,KR7038070009,373447,서린바이오,,코스닥,2005-10-25,BM-06,의료기기/바이오장비,06-C 연구장비·시약,,의료기기·디지털헬스,N,특이사항 없음(확인 범위 내),,,"KIND 주요제품 기준으로 생명과학연구기기및시약를 중심으로 한 의약품·바이오헬스 제품/개발 후보군을 보유한 것으로 분류됩니다. 개별 후보물질명, 적응증, 임상단계는 DART 사업보고서 및 회사 IR 자료를 통한 2차 검수가 필요합니다.","상장법인목록에서는 임상단계가 별도 제공되지 않으므로, 현재는 '생명과학연구기기및시약' 관련 사업·제품 보유 기업으로 1차 태깅했습니다. 임상 파이프라인 여부는 DART 연구개발활동, 임상시험정보, 회사 공시 기준으로 추가 구조화가 필요합니다.",F102 합성·원료의약품 기술,http://www.seoulin.co.kr
100700,KR7100700004,362201,세운메디칼,,코스닥,2008-09-30,BM-06,의료기기/바이오장비,06-A 의료기기,,의료기기·디지털헬스,N,특이사항 없음(확인 범위 내),,,"체액배출기, 도뇨관, 각종 의료용 튜브류 등 기초 및 특수 의료기기 제품군을 중심으로 의료현장에 반드시 필요한 필수 소모성 기기 생산에 집중하고 있습니다.","의료용 배액관, 도뇨관 등은 임상 적용을 마친 상태로 국내외 병원과 의료기관에서 널리 사용 중입니다. 신제품의 경우 실제 임상 의료진 피드백을 반영해 개선판을 출시하고 있으며, 품질인증(KGMP, CE, FDA 등)과 수출을 위한 글로벌 인증 확대에 주력하고 있습니다.",K201 소자 제작기술 등이 적용되어 있습니다.,
258830,KR7258830009,959229,세종메디칼,,코스닥,2018-05-29,BM-06,의료기기/바이오장비,06-A 의료기기,,의료기기·디지털헬스,N,관리종목,KRX 전종목 기본정보(2026-09-24) 소속부: 관리종목(소속부없음),주의: 관리종목 (2026-09-24 기준). KRX 전종목 기본정보(2026-09-24) 소속부: 관리종목(소속부없음),"복강경투관침(Trocar), 장기적출주머니(Lab bag), 봉합기(Lab Loop) 등 복강경수술 주요 기기 중심, 다종 일회용 기구 및 시술용 의료기기, 미세침습기기, 로봇 수술기기 등 다양한 제품군을 보유하고 있습니다.","주요 제품군은 국내외 임상 사용, 글로벌 규제인증 확보, 다국적 기업 OEM 공급 확대, 비만·로봇 등 진출, 일회용·글로벌화에 기반한 수출 확장, 진단기기 자회사 통한 사업 다각화도 진행 중입니다.","K201 소자 제작기술, 5000 기타 바이오의료기기 등이 적용됩니다.",
049180,KR7049180003,310156,셀루메드,,코스닥,2002-05-23,BM-06,의료기기/바이오장비,06-A 의료기기,BM-01,의료기기·디지털헬스,N,투자주의환기종목,KRX 전종목 기본정보(2026-09-24) 소속부: 투자주의환기종목(소속부없음),주의: 투자주의환기종목 (2026-09-24 기준). KRX 전종목 기본정보(2026-09-24) 소속부: 투자주의환기종목(소속부없음),"인체조직 재생·대체용 의료기기, 관절·정형외과용 인공관절, 조직재생유도형 합성 생체소재(골형성단백질 bBMP 등), 첨단 mRNA 백신 개발 등 의료기기와 바이오 신기술 분야에서 파이프라인을 다각화하고 있습니다.","주력 이식재 및 인공관절 제품은 임상 및 CE/FDA 등 인증 상품으로 국내외에서 상용화, 첨단 바이오소재/골형성단백질 등 신규 의료기기·소재의 임상 및 인증, 정형외과 및 재생의학용 mRNA 백신 신제품 연구개발 등 파이프라인 확대와 국제 특허·기술수출 확대 중입니다.","D301 신규 생체재료 개발기술, 1110 바이오소재 의약품, 5000 기타 바이오의료기기 등이 적용됩니다.",
208370,KR7208370007,1047451,셀바스헬스케어,,코스닥,2014-12-17,BM-06,의료기기/바이오장비,06-A 의료기기,,의료기기·디지털헬스,N,특이사항 없음(확인 범위 내),,,"아큐닉 체성분분석기, 전자동 혈압계(BP600 등), 신장계, 점자정보단말기 등 디지털 기반 신체측정 및 건강관리 장비, 클라우드 연동 셀프케어·임상관리 솔루션, 노인·만성질환 관리형 AI 플랫폼 등 대형 제품라인 구축.","체성분분석기·혈압계 등은 국내외 인증·임상적 신뢰성 입증, KIMES 등 국내외 전시회 신제품 출시, 삼성서울병원 등 주요 기관 도입, AI 기반 진단·분석 솔루션 확대, 혁신 의료데이터·서비스 사업 및 글로벌 시장 수출 다변화에 집중하고 있습니다.","K201 소자 제작기술, 5000 기타 바이오의료기기 등이 적용됩니다.",
386380,KR7386380000,1586923,스카이랩스,,코스닥,2026-09-04,BM-06,의료기기/바이오장비,06-A 의료기기,,의료기기·디지털헬스,N,특이사항 없음(확인 범위 내),,,,,,
048870,KR7048870000,475985,시너지이노베이션,,코스닥,2004-08-13,BM-06,의료기기/바이오장비,06-A 의료기기,BM-05,의료기기·디지털헬스,N,특이사항 없음(확인 범위 내),,,"의료용 카메라 모듈(진단장비, 내시경 등), 산업용 광학 모듈, 응용 프로세서, 정밀 광학부품 기반 의료·진단·산업적용 영상솔루션 제품 라인업을 보유합니다.","주요 카메라 모듈 및 프로세서는 의료기기 OEM/ODM 생산, 국내·외 병원 및 산업현장 적용, CE 등 각종 글로벌 인증·납품, 영상진단 및 검출 신제품의 연구개발 및 시장 적용 확대, 고신뢰성 정밀 광학 솔루션 고도화에 집중합니다.","K201 소자 제작기술, 5000 기타 바이오의료기기 등이 적용됩니다.",
056090,KR7056090004,346610,시지메드텍,,코스닥,2015-11-12,BM-06,의료기기/바이오장비,06-A 의료기기,,의료기기·디지털헬스,N,특이사항 없음(확인 범위 내),,,"정형외과 보정의료기기, 척추 및 신체 보조기, 척추 임플란트, 3D 프린팅 맞춤형 임플란트, 생체흡수성 골고정재, 외상 및 골절 치료기 등 정형외과 및 재생의료 제품 포트폴리오를 구축하고 있습니다.","미국 FDA 등 국제 규제 인증 취득 및 국내외 대형 병원 임상 적용, 3D 프린트 맞춤형 제품 확대, 재생의료 융합 신제품 출시, 일회용·환자맞춤 척추·정형외 임플란트 글로벌 시장 진출, 규제·품질관리 시스템 고도화에 역량을 집중하고 있습니다.","D301 신규 생체재료 개발기술, 5000 기타 바이오의료기기 등이 적용됩니다.",
004080,KR7004080008,173795,신흥,,유가,1991-02-08,BM-06,의료기기/바이오장비,06-D 의료기기 유통,,의료기기·디지털헬스,N,특이사항 없음(확인 범위 내),,,"KIND 주요제품 기준으로 치과용기자재(방사선장치,전기진단장치),주사침 도소매,제조/부동산 임대를 중심으로 한 의약품·바이오헬스 제품/개발 후보군을 보유한 것으로 분류됩니다. 개별 후보물질명, 적응증, 임상단계는 DART 사업보고서 및 회사 IR 자료를 통한 2차 검수가 필요합니다.","상장법인목록에서는 임상단계가 별도 제공되지 않으므로, 현재는 '치과용기자재(방사선장치,전기진단장치),주사침 도소매,제조/부동산 임대' 관련 사업·제품 보유 기업으로 1차 태깅했습니다. 임상 파이프라인 여부는 DART 연구개발활동, 임상시험정보, 회사 공시 기준으로 추가 구조화가 필요합니다.",L100 연구장비·유통서비스,http://www.shinhung.co.kr
458870,KR7458870003,1514227,씨어스,씨어스테크놀로지,코스닥,2024-06-19,BM-06,의료기기/바이오장비,06-A 의료기기,,의료기기·디지털헬스,N,특이사항 없음(확인 범위 내),,,"심전도검사 솔루션, 입원환자 모니터링 시스템 등 환자 관리 효율화와 진단정확도를 높이기 위한 첨단 센서 및 의료 소프트웨어 플랫폼을 보유하고 있습니다.","주요 심전도 및 환자 모니터링 기기는 임상 현장 테스트 및 의료기관 적용 사례를 확대 중이며, 의료 데이터 활용성 검증과 기술적 신뢰성 확보, 지속적 기능 고도화, 규제인증 취득(CE, GMP 등), 맞춤형 신제품 개발 및 시장진출 확대에 주력하고 있습니다.","K104 센서시스템 설계기술, 5000 기타 바이오의료기기 등이 적용됩니다.",http://seerstech.com
115480,KR7115480006,681249,씨유메디칼,,코스닥,2011-12-15,BM-06,의료기기/바이오장비,06-A 의료기기,,의료기기·디지털헬스,N,특이사항 없음(확인 범위 내),,,"심장제세동기(AED, CU-SP1 PLUS, CU-SPRC 등 모델), 응급 구조키트·보관함, 소모품(성인·소아 패드, 배터리 등) 등 응급의료기기 중심 라인업을 갖추고 있습니다.","주요 AED 제품(국내외 인증 획득, 응급현장 도입, 학교·공공기관·산업체·병원 등 다양한 분야 적용), 응급구조장비 제공 및 유지보수 체계 확립, 지속적 제품 고도화·신모델 개발, 시장 확대 및 글로벌 수출에도 적극적으로 진출하고 있습니다.","K201 소자 제작기술, 5000 기타 바이오의료기기 등이 적용됩니다.",
450950,KR7450950001,1590528,아스테라시스,,코스닥,2025-01-24,BM-06,의료기기/바이오장비,06-A 의료기기,,의료기기·디지털헬스,N,특이사항 없음(확인 범위 내),,,"피부 미용 의료기기(레이저/고주파/초음파 기기 등), 미용/성형·피부과 시술용 기기, 홈케어 미용장비, K201 기반 첨단 피부진단장치, 의료·미용 융합 진단센서 등 각종 미용 기기 라인업을 구축하고 있습니다.","주력 의료미용기기는 피부과·성형외과 등 실사용 데이터 확보, 임상효과 검증, 신규 고효율 미용기기 임상테스트 및 식약처·국제인증, 해외 수출(동남아·중동·유럽 등), 신제품 R&D 및 피부진단 융합플랫폼 사업화, AI·스마트헬스 사업 등도 확장","K201 소자 제작기술, 5000 기타 바이오의료기기 등이 적용됩니다.",
460470,KR7460470008,1678312,아이빔테크놀로지,,코스닥,2024-08-06,BM-06,의료기기/바이오장비,06-C 연구장비·시약,BM-08,의료기기·디지털헬스,N,특이사항 없음(확인 범위 내),,,"생체현미경(동물실험·조직분석용), 정량이미징 시스템, 효능·독성분석·약물동태 등 다양한 비임상·임상 분석용 기기와 연구자문 CRO 서비스를 포괄적으로 제공합니다.","주요 생체현미경 및 이미징 시스템은 연구기관·대학 병원·바이오기업 등 다양한 고객 대상으로 현장 적용·사용성 테스트를 거쳤으며, 지속적인 기술 고도화, 여러 공동연구 및 맞춤형 서비스 개발, 품질 인증(CE, GMP 등) 및 글로벌 시장 진출을 확대하고 있습니다.","K201 소자 제작기술, 6030 다기능 및 기타 분석기기 등이 적용됩니다.",
456570,KR7456570001,1579020,아이엠지티,,코넥스,2023-07-19,BM-06,의료기기/바이오장비,06-A 의료기기,,의료기기·디지털헬스,N,특이사항 없음(확인 범위 내),,,집중 집속 초음파를 이용한 치료용 의료기기(Focused Ultrasound) 개발 및 상용화를 주력으로 하고 있습니다.,"치료용 집속초음파 시스템 관련 제품 개발과 제조, 임상 적용을 위한 시스템 설계와 인증을 진행하며, 센서·시스템 등 다양한 핵심 부품의 자체 설계 기술도 갖추고 있습니다.","K201 소자 제작기술, K104 센서시스템 설계기술 등이 적용되고 있습니다.",
447690,KR7447690009,1680131,아이오바이오,,코넥스,2022-12-28,BM-06,의료기기/바이오장비,06-A 의료기기,,의료기기·디지털헬스,N,특이사항 없음(확인 범위 내),,,"구강 질환 조기진단용 정량광형광 진단장비 및 분석 소프트웨어, 바이오형광 기반 치과용 의료기기(큐레이펜, 큐레이캠 프로 등), 인공지능 영상 해석 플랫폼, 치과·헬스케어 시장 연계 신제품 라인업을 갖추고 있습니다.","주요 진단장비는 국내외 임상시험 및 의료기기 인허가(미국 FDA, 일본·러시아·중국 인증 등) 완료, 건강보험 수가 적용(국내), 치과기관 실사용·임상근거 축적, 글로벌 시장 수출 확대, 신제품 다국가 인증 및 플랫폼 고도화 등에 중점적으로 투자·개발 중입니다.","K201 소자 제작기술, 5000 기타 바이오의료기기 등이 적용됩니다.",
0007C0,KR70007C0003,1829819,아크릴,,코스닥,2025-12-16,BM-06,의료기기/바이오장비,06-B 디지털헬스·의료IT,BM-04,의료기기·디지털헬스,N,특이사항 없음(확인 범위 내),,,"의료 특화 AI·임상의사결정 지원 소프트웨어. 개별 후보물질, 제품 허가, 인허가/도입 레퍼런스는 DART와 회사 IR, 식약처 자료 기준으로 2차 구조화가 필요합니다.","신약개발사는 후보물질·적응증·임상단계를, 의료기기/디지털헬스 기업은 제품 인허가·인증·병원 도입 레퍼런스를 별도 추적합니다.",K400 의료기기·디지털헬스,http://www.acryl.ai/
043100,KR7043100007,220109,알파AI,알파녹스,코스닥,2000-08-08,BM-06,의료기기/바이오장비,06-A 의료기기,,의료기기·디지털헬스,N,관리종목,KRX 전종목 기본정보(2026-09-24) 소속부: 관리종목(소속부없음),주의: 관리종목 (2026-09-24 기준). KRX 전종목 기본정보(2026-09-24) 소속부: 관리종목(소속부없음),"가정용 온열치료기, 임플란트·외과용 수술기구, 체외진단기기, 의료기기용 온열매트 등 첨단 의료 및 헬스케어 전반을 아우르는 제품 라인업과 항산화 분야 및 체온과학 응용제품을 보유하고 있습니다.","모든 주요 제품(온열치료기, 임플란트 등)은 국내외 임상 데이터와 CE, FDA 등 글로벌 인증 및 수출 근거를 확보, 병·의원 및 실버케어 시장 진출 확대, 신사업 및 디지털·항산화 등 신제품군 개발 및 사업 다각화에 역점을 두고 있습니다.","K201 소자 제작기술, 5000 기타 바이오의료기기 등이 적용됩니다.",
390110,KR7390110005,1507810,애니메디솔루션,,코넥스,2022-12-21,BM-06,의료기기/바이오장비,06-A 의료기기,,의료기기·디지털헬스,N,특이사항 없음(확인 범위 내),,,"맞춤형 수술 시뮬레이터, 수술가이드, 3D프린팅 보형물, AI 기반 의료 영상 분석 솔루션, 디지털 수술 계획 소프트웨어 등 환자 맞춤형 수술 솔루션 라인업을 보유하고 있습니다.","맞춤형 수술 시뮬레이터·가이드·보형물은 3,000건 이상 임상 및 병원 공급, 신의료기술 등재 및 보험 적용, 국내외 의료기관·학회 협력, 글로벌 인증(CE 등), 다양한 수술전문 제품 출시 및 임상 데이터 기반 신제품 개발을 지속하고 있습니다.","K201 소자 제작기술, 5000 기타 바이오의료기기 등이 적용됩니다.",
238120,KR7238120000,1073678,얼라인드,,코스닥,2016-11-03,BM-06,의료기기/바이오장비,06-C 연구장비·시약,,의료기기·디지털헬스,N,특이사항 없음(확인 범위 내),,,"자동세포카운팅 장비, 세포이미징시스템 등 생물학·의료 실험실 효율화 및 자동화를 위한 다양한 분석 및 계수 플랫폼을 갖추고 있습니다.","자동세포카운팅·이미징 장비는 다양한 국내외 연구소 및 병원에 공급·실사용 경험, 정확성·효과성 검증 임상 및 현장 피드백 반영 개발, 각종 품질·기술 인증 확보, 실험실 자동화 확대와 글로벌 시장 진출에 집중하고 있습니다.","K201 소자 제작기술, 6030 다기능 및 기타 분석기기 등이 적용됩니다.",
398120,KR7398120006,1179866,에스지헬스케어,,코스닥,2024-12-19,BM-06,의료기기/바이오장비,06-A 의료기기,,의료기기·디지털헬스,N,특이사항 없음(확인 범위 내),,,"의료용 X-ray, 디지털 X-ray(흉부·치과·정형 등), CT(컴퓨터단층촬영기), DR(디지털영상진단기) 등 엑스선 기반의 첨단 영상진단기기, 기관 맞춤형 진단 플랫폼과 영상분석 솔루션까지 포괄합니다.","대표 영상진단기기(의료용 X-ray 등) CE·FDA·식약처 인증, 국내외 영상의학회·병원 임상평가, 신제품 CT/DR 상용화 및 네트워크 공급, 혁신 진단소자 응용 제품과 AI·SW 연동 신솔루션 개발에 맞춘 임상·인증 확대, 해외 공급 체인 강화에도 집중합니다.","K201 소자 제작기술, 5000 기타 바이오의료기기 등이 적용.",
373110,KR7373110006,1492217,엑셀세라퓨틱스,,코스닥,2024-07-15,BM-06,의료기기/바이오장비,06-C 연구장비·시약,BM-03,의료기기·디지털헬스,N,특이사항 없음(확인 범위 내),,,"무혈청 화학조성 배양배지(CellCor) 및 Cell-based media, 대량배양시스템 등 세포·유전자치료제용 배양배지 및 배양시스템을 개발·제조하고 있습니다.","세계 유일의 무혈청 화학조성 배지 개발, 글로벌 시장으로 진출 중이며 배양시스템, 연구·생산장비, 세포배양공학 기술 등 관련 특허와 인증을 다수 확보하고 있습니다.","G205 배지 개발 및 최적화기술, G201 동물 세포배양공학기술, 6020 세포 분석·배양 장비, 6040 연구 및 생산장비 등이 포함됩니다.",
290650,KR7290650001,1181515,엘앤씨바이오,,코스닥,2018-11-01,BM-06,의료기기/바이오장비,06-A 의료기기,,의료기기·디지털헬스,N,특이사항 없음(확인 범위 내),,,"무세포진피이식재, 인체조직모델, 바이오융합화장품 등 인체조직재생·재건 및 바이오융합 제품 개발에 주력하고 있습니다.","신규 생체재료와 조직재생 기술의 임상화, 특허 및 다양한 바이오소재 제품 상용화, 국내외 인증 확대에 성공하며 지속적으로 신제품을 개발하고 있습니다.",D301 신규 생체재료 개발기술 등이 적용되고 있습니다.,
156100,KR7156100000,918222,엘앤케이바이오,,코스닥,2016-11-30,BM-06,의료기기/바이오장비,06-A 의료기기,,의료기기·디지털헬스,N,특이사항 없음(확인 범위 내),,,"척추 임플란트, 척추 고정기구를 중심으로 척추질환 치료를 위한 다양한 임플란트 및 보조기기 제품 라인업을 구축하고 있습니다.","주요 척추 임플란트 및 고정기구는 국내외 병원 임상 도입 및 사용경험 보유, 다양한 임상 시험 기반 데이터 축적, 각종 품질·성능 인증 취득, 미국 등 글로벌 시장 공급·수출 확장, 신제품 개발 및 신기술 적용에도 집중하고 있습니다.","D301 신규 생체재료 개발기술, 5000 기타 바이오의료기기 등이 적용됩니다.",
179290,KR7179290002,531829,엠아이텍,,코스닥,2018-11-29,BM-06,의료기기/바이오장비,06-A 의료기기,,의료기기·디지털헬스,N,특이사항 없음(확인 범위 내),,,"비혈관 스텐트(담도, 소화기, 요로 등), 체외충격파 쇄석기(신장·요로 결석 분해), 혈당측정기 등 다양한 중재진단 및 치료 기기 라인업을 보유하고 있습니다.","주요 스텐트·쇄석기 및 혈당측정기는 국내외 임상현장 도입, 제품별 인허가/품질 인증(CE, FDA 등), 혁신 신제품 개발, 사용성·성능 데이터 축적, 해외시장 수출 및 라인업 확장에 집중하고 있습니다.","K201 소자 제작기술, 5000 기타 바이오의료기기 등이 적용됩니다.",
212310,KR7212310007,1085442,오건에코텍,,코넥스,2016-07-26,BM-06,의료기기/바이오장비,06-A 의료기기,,의료기기·디지털헬스,N,특이사항 없음(확인 범위 내),,,"척추임플란트, 재건용 금속 또는 복합재료 임플란트 등 정형외과·피부 재건용 의료기기 라인업을 구축하고 있습니다.","척추·재건 임플란트 제품은 국내외 의료기관 도입 및 임상 경험 확보, 다수 품질·성능 인증 취득, 국내외 의료시장 및 신제품 세분 시장 진출 확대, 소재·디자인 혁신 신제품 업그레이드, 글로벌 진출 역량 강화에 중점을 두고 있습니다.","D301 신규 생체재료 개발기술, 5000 기타 바이오의료기기 등이 적용됩니다.",
332190,KR7332190008,1860010,오션스바이오,,코넥스,2025-01-14,BM-06,의료기기/바이오장비,06-A 의료기기,,의료기기·디지털헬스,N,특이사항 없음(확인 범위 내),,,"전자자극 기반 치료기(전자약) 등 웨어러블·비침습 디지털치료 의료기기 라인업을 중심으로, 만성통증 치료, 신경계·근골격계 재활 등 디지털 치료솔루션 개발에 주력하고 있습니다.","대표 전자약 제품(치료기 등)은 임상적 유효성 평가와 인체적용시험(CRO/병원 협력)을 거쳐, 식약처 및 CE, FDA 등 인증에 진입하거나 취득 중임. 디지털치료 신제품의 지속적 임상시험(통증 관리, 신경재활, 특정 만성질환)와 해외시장 진출·규제 대응, OEM·MOCK-UP 공급 및 신기능 탑재 업그레이드에도 역점을 둡니다.","K201 소자 제작기술, 5000 기타 바이오의료기기 등이 적용됩니다.",
226400,KR7226400000,1082348,오스테오닉,,코스닥,2018-02-22,BM-06,의료기기/바이오장비,06-A 의료기기,,의료기기·디지털헬스,N,특이사항 없음(확인 범위 내),,,"금속 임플란트(두개·구강악안면, 외상, 치과, 관절보존 등), 생체복합재료 기반 임플란트, 골접합용 재건 및 미용 임플란트, 다양한 정형외과용 의료기기 라인업을 보유하고 있습니다.","주요 제품은 국내외 임상 및 적용 확대, 정밀 가공·생체적합성 강화 뼈접합 임플란트 시리즈, 글로벌 기업과 기술협업·OEM, 선진국 신시장 진출, 금속·생분해성 복합소재 융합 신제품 지속 개발과 시장확장에 역량을 집중하고 있습니다.","D301 신규 생체재료 개발기술, 5000 기타 바이오의료기기 등이 적용됩니다.",
307280,KR7307280008,1326224,원바이오젠,,코스닥,2018-12-05,BM-06,의료기기/바이오장비,06-A 의료기기,,의료기기·디지털헬스,N,특이사항 없음(확인 범위 내),,,"폴리우레탄 폼드레싱, 하이드로콜로이드 드레싱, 메디솝 등 의료기기·화장품 제품을 핵심 파이프라인으로 개발·상용화하고 있습니다.","다양한 폼/하이드로콜로이드 기반 창상재의 임상 연구 및 상용화, 기능성 신소재·피복재 개발과 관련 특허 및 국내외 인증을 꾸준히 확대하고 있습니다.",D301 신규 생체재료 개발기술 등이 적용되고 있습니다.,
336570,KR7336570007,1407909,원텍,,코스닥,2019-12-19,BM-06,의료기기/바이오장비,06-A 의료기기,,의료기기·디지털헬스,N,특이사항 없음(확인 범위 내),,,"피부미용 레이저, IPL(Intense Pulsed Light), 안과 및 수술용 레이저 등 다양한 피부/미용/치료 분야에 적용되는 의료기기·솔루션을 보유하고 있습니다.","주요 제품군은 국내외 피부과·병원 등에서 폭넓게 임상 적용·인증 완료, 다양한 적응증에서 효능 입증, 미국·중동 등 글로벌 인허가·수출 확대, 디지털 헬스케어·홈케어 등 신시장 진출, 지속적인 제품 고도화·신제품 라인업 확장에 주력하고 있습니다.","K201 소자 제작기술, 5000 기타 바이오의료기기 등이 적용됩니다.",
337840,KR7337840003,1396931,유엑스엔,,코넥스,2019-11-28,BM-06,의료기기/바이오장비,06-A 의료기기,BM-04,의료기기·디지털헬스,N,특이사항 없음(확인 범위 내),,,"혈당센서, 혈당측정기, 웨어러블 바이오센서, 무효소 방식(나노다공성 백금 전극) 기반 연속혈당측정기(CGMS) 등 당뇨·대사질환 관리용 헬스케어 장비와 플랫폼 중심으로 제품 라인업을 보유하고 있습니다.","주요 연속혈당측정기는 임상 데이터 확보 중, 무효소형 센서기술 및 웨어러블 의료기기 국내외 인증 추진, 글로벌 기술제휴·시장확대, IoT/디지털 융합 신제품 업그레이드, 혈당측정기 및 바이오센서 다양한 고도화 프로젝트에 집중하고 있습니다.","K201 소자 제작기술, 5000 기타 바이오의료기기 등이 적용됩니다.",
294090,KR7294090006,1274310,이오플로우,,코스닥,2020-09-14,BM-06,의료기기/바이오장비,06-A 의료기기,,의료기기·디지털헬스,N,"관리종목, 거래정지","거래정지(2025-03-21~, 감사의견 거절). 상장적격성 실질심사 대상(2026-06-30 공시)","주의: 관리종목, 거래정지 (2026-09-24 기준). 거래정지(2025-03-21~, 감사의견 거절). 상장적격성 실질심사 대상(2026-06-30 공시)","웨어러블 인슐린 펌프 EOPatch, 당뇨(혈당)관리 및 데이터 연동 플랫폼 등 스마트 당뇨관리용 혁신 의료기기 라인업을 전개하고 있습니다.","EOPatch 등 웨어러블 인슐린펌프는 국내외 임상시험 및 사용인증, 각종 의료기관 및 환자에 채택, 보험급여 적용, 글로벌 시장 진출 및 맞춤형 제품고도화, IoT·모바일 연동 신기술 개발을 중점적으로 수행하고 있습니다.","K201 소자 제작기술, 5000 기타 바이오의료기기 등이 적용됩니다.",
099750,KR7099750002,490090,이지케어텍,,코스닥,2019-03-22,BM-06,의료기기/바이오장비,06-B 디지털헬스·의료IT,,의료기기·디지털헬스,N,특이사항 없음(확인 범위 내),,,"KIND 주요제품 기준으로 의료정보시스템 중심의 의료기기·디지털헬스 솔루션을 보유한 기업입니다. 신약 임상 파이프라인보다는 제품 허가, 인증, 병원 도입, 소프트웨어/기기 고도화 현황을 추적하는 유형입니다.","의료기기/디지털헬스 기업으로, 전통적 Phase 1~3 임상단계보다는 식약처/해외 인허가, 제품 인증, 임상적 성능평가, 병원 레퍼런스 확인이 필요합니다.",M100 의료데이터·AI 분석기술,http://www.ezcaretech.com
041830,KR7041830001,269922,인바디,,코스닥,2000-12-14,BM-06,의료기기/바이오장비,06-A 의료기기,,의료기기·디지털헬스,N,특이사항 없음(확인 범위 내),,,"인바디 시리즈(메디컬/가정용 체성분분석기), 무수은 혈압계, 건강측정기, 수분·근육·지방 등 체성분 데이터 연동 솔루션, 웨어러블 및 모바일 연동 건강관리 플랫폼 등을 보유하고 있습니다.","주요 체성분분석기·혈압계는 국내외 의료기관·헬스장·가정 상용화, FDA·CE 등 인증, 임상/학술 논문 다수, 신제품 라인업 확장 및 모바일·클라우드 서비스 고도화, 글로벌 시장 교육·지원 역량 강화에 집중하고 있습니다.","K201 소자 제작기술, 5000 기타 바이오의료기기 등이 적용됩니다.",
119610,KR7119610004,604426,인터로조,,코스닥,2010-07-28,BM-06,의료기기/바이오장비,06-A 의료기기,BM-04,의료기기·디지털헬스,N,특이사항 없음(확인 범위 내),,,"소프트·하드 콘택트렌즈(시력교정, 미용, 치료, 난시·노안·블루라이트 차단용 등), 의료용 광학소재, 신제품 스마트렌즈(디지털 헬스케어 융합), 기능성 미용렌즈 등 다양한 제품 포트폴리오를 구축하고 있습니다.","주요 콘택트렌즈 제품은 국내외 인증(CE 등) 및 시장 점유 확대, 스마트 콘택트렌즈 기반 바이오센서 플랫폼 연구, 눈물 포도당 분석 등 진단형 신제품 개발, 글로벌 30여개국 이상 수출 및 대형 유통채널 확보, 사용자 맞춤형/고성능 렌즈 라인업 지속 강화, 생산 설비 확대 및 효율화, 신기술 도입에 역량 집중하고 있습니다.","K201 소자 제작기술, 5000 기타 바이오의료기기 등이 적용됩니다.",
071200,KR7071200000,435969,인피니트헬스케어,,코스닥,2010-05-26,BM-06,의료기기/바이오장비,06-B 디지털헬스·의료IT,,의료기기·디지털헬스,N,특이사항 없음(확인 범위 내),,,"KIND 주요제품 기준으로 의료영상저장전송시스템(PACS) 중심의 의료기기·디지털헬스 솔루션을 보유한 기업입니다. 신약 임상 파이프라인보다는 제품 허가, 인증, 병원 도입, 소프트웨어/기기 고도화 현황을 추적하는 유형입니다.","의료기기/디지털헬스 기업으로, 전통적 Phase 1~3 임상단계보다는 식약처/해외 인허가, 제품 인증, 임상적 성능평가, 병원 레퍼런스 확인이 필요합니다.",K400 의료기기·진단기술,http://infinitt.com
068330,KR7068330000,385415,일신바이오,,코스닥,2007-12-26,BM-06,의료기기/바이오장비,06-C 연구장비·시약,,의료기기·디지털헬스,N,특이사항 없음(확인 범위 내),,,"KIND 주요제품 기준으로 초저온냉동고및동결건조기 관련 바이오헬스 인접 제품/서비스를 보유한 후보입니다. BUYO 485개 universe를 맞추기 위한 러프 포함 후보로, 실제 제약·바이오 직접성은 추가 검수 필요합니다.","KIND 기준 임상·파이프라인 정보는 확인되지 않았습니다. 포함 여부는 사업보고서의 사업부문, 주요제품, R&D 현황을 확인한 뒤 확정하는 것이 적절합니다.",Z999 기타·검수필요,
122310,KR7122310006,799539,제노레이,,코스닥,2018-05-28,BM-06,의료기기/바이오장비,06-A 의료기기,,의료기기·디지털헬스,N,특이사항 없음(확인 범위 내),,,"진단용 X-ray(C-Arm, 유방암 진단기), Dental Imaging(치과용 CT, 파노라마 등), 정형외과·신경외과·산부인과용 영상 시스템 등 다양한 임상 분야에 적용되는 진단영상 의료기기의 다수 라인업을 보유하고 있습니다.","제품들은 국내외 주요 의료기관-치과에서 인증·상용화, 미국 FDA·유럽 CE·일본 등 100여건 이상의 글로벌 인증, 유방암·정형·신경영상 등 다분야 임상/시장 확대, AI·3차원 영상 신기술 융합에도 박차를 가하고 있습니다.","K201 소자 제작기술, 5000 기타 바이오의료기기 등이 적용됩니다.",
066830,KR7066830001,393618,제노텍,,코넥스,2016-07-18,BM-06,의료기기/바이오장비,06-C 연구장비·시약,BM-05,의료기기·디지털헬스,N,특이사항 없음(확인 범위 내),,,"KIND 주요제품 기준으로 원료의약품, 합성유전자, 체외진단 분석기용 시약를 중심으로 한 의약품·바이오헬스 제품/개발 후보군을 보유한 것으로 분류됩니다. 개별 후보물질명, 적응증, 임상단계는 DART 사업보고서 및 회사 IR 자료를 통한 2차 검수가 필요합니다.","상장법인목록에서는 임상단계가 별도 제공되지 않으므로, 현재는 '원료의약품, 합성유전자, 체외진단 분석기용 시약' 관련 사업·제품 보유 기업으로 1차 태깅했습니다. 임상 파이프라인 여부는 DART 연구개발활동, 임상시험정보, 회사 공시 기준으로 추가 구조화가 필요합니다.",F100 후보물질 발굴·개발기술,http://www.genotech.co.kr
322510,KR7322510009,1153293,제이엘케이,,코스닥,2019-12-11,BM-06,의료기기/바이오장비,06-B 디지털헬스·의료IT,,의료기기·디지털헬스,N,특이사항 없음(확인 범위 내),,,"KIND 주요제품 기준으로 인공지능 기반 의료영상 진단 플랫폼, 인공지능 기반 산업용 X-ray 판독시스템 중심의 의료기기·디지털헬스 솔루션을 보유한 기업입니다. 신약 임상 파이프라인보다는 제품 허가, 인증, 병원 도입, 소프트웨어/기기 고도화 현황을 추적하는 유형입니다.","의료기기/디지털헬스 기업으로, 전통적 Phase 1~3 임상단계보다는 식약처/해외 인허가, 제품 인증, 임상적 성능평가, 병원 레퍼런스 확인이 필요합니다.",K400 의료기기·진단기술,http://jlkgroup.com
0010V0,KR70010V0005,185301,제이피아이헬스케어,,코스닥,2025-08-21,BM-06,의료기기/바이오장비,06-A 의료기기,,의료기기·디지털헬스,N,특이사항 없음(확인 범위 내),,,"KIND 주요제품 기준으로 X-ray Grid, 의료영상기기 등 중심의 의료기기·디지털헬스 솔루션을 보유한 기업입니다. 신약 임상 파이프라인보다는 제품 허가, 인증, 병원 도입, 소프트웨어/기기 고도화 현황을 추적하는 유형입니다.","의료기기/디지털헬스 기업으로, 전통적 Phase 1~3 임상단계보다는 식약처/해외 인허가, 제품 인증, 임상적 성능평가, 병원 레퍼런스 확인이 필요합니다.",K400 의료기기·진단기술,http://www.jpi-korea.com
216080,KR7216080002,1222867,제테마,,코스닥,2019-11-14,BM-06,의료기기/바이오장비,06-A 의료기기,BM-02,의료기기·디지털헬스,N,특이사항 없음(확인 범위 내),,,"히알루론산(HA) 필러, 조직수복용 생체재료, 다양한 미용 및 의료기기 개발·생산을 핵심 파이프라인으로 보유하고 있습니다.","신규 생체재료 개발 기술을 적용한 HA 필러, 조직수복 재료 및 미용의료기기 등 다양한 제품의 연구·임상·상용화 및 규제 인증에 집중하고 있습니다.",D301 신규 생체재료 개발기술 등이 적용되고 있습니다.,
263700,KR7263700007,1187148,케어랩스,,코스닥,2018-03-28,BM-06,의료기기/바이오장비,06-B 디지털헬스·의료IT,,의료기기·디지털헬스,N,특이사항 없음(확인 범위 내),,,"헬스케어 미디어 플랫폼(굿닥, 바비톡 등), 디지털 헬스케어 마케팅 서비스, 병의원·약국 IT 솔루션, 건강정보 데이터마이닝 등 다양한 헬스케어 서비스와 IT 기술을 융합한 플랫폼을 보유합니다.","헬스케어 플랫폼 및 미디어 서비스 확대, 의료·건강 정보 데이터마이닝 R&D, IT기반 스마트 헬스케어 솔루션 개발, 기존 미디어·병의원·약국 플랫폼 서비스 업그레이드, 디지털 의료마케팅 신제품 개발, B2B·B2C 시장 확장, 사업 고도화 및 데이터 관리 역량 강화를 집중하고 있습니다.","E402 데이터마이닝 시스템 개발기술, 8000 기타 바이오서비스 등이 적용됩니다.",
038530,KR7038530002,255105,케이바이오랩스,,코스닥,2000-06-09,BM-06,의료기기/바이오장비,06-C 연구장비·시약,,의료기기·디지털헬스,N,특이사항 없음(확인 범위 내),,,"KIND 주요제품 기준으로 실험용 시약, 과학기자재 등을 중심으로 한 의약품·바이오헬스 제품/개발 후보군을 보유한 것으로 분류됩니다. 개별 후보물질명, 적응증, 임상단계는 DART 사업보고서 및 회사 IR 자료를 통한 2차 검수가 필요합니다.","상장법인목록에서는 임상단계가 별도 제공되지 않으므로, 현재는 '실험용 시약, 과학기자재 등' 관련 사업·제품 보유 기업으로 1차 태깅했습니다. 임상 파이프라인 여부는 DART 연구개발활동, 임상시험정보, 회사 공시 기준으로 추가 구조화가 필요합니다.",F102 합성·원료의약품 기술,http://www.kbiocompany.com
104540,KR7104540000,541437,코렌텍,,코스닥,2013-03-05,BM-06,의료기기/바이오장비,06-A 의료기기,,의료기기·디지털헬스,N,특이사항 없음(확인 범위 내),,,"인공고관절(BENCOX), 인공슬관절(LOSPA, EXULT Knee), 인공견관절 등 다양한 부위 인공관절 및 척추 고정기구, 3D프린팅 인공관절, 환자맞춤형 임플란트 등 정형외과용 토털 솔루션을 제공합니다.","국내외 임상·품질 인증(미국·유럽·러시아 등 20여개국 수출), 글로벌 제품군 생산 및 다양화, 최신 3D프린팅 공정 적용, 러시아 등 신규 해외시장 대형 공급계약, UCR 타입 무릎관절 등 신제품 미국 FDA 승인, 환자맞춤형 치료 옵션 확대, 첨단 인공관절 시장 선도에 주력하고 있습니다.","D301 신규 생체재료 개발기술, 5000 기타 바이오의료기기 등이 적용됩니다.",
439960,KR7439960006,1802928,코스모로보틱스,,코스닥,2026-05-11,BM-06,의료기기/바이오장비,06-A 의료기기,,의료기기·디지털헬스,N,특이사항 없음(확인 범위 내),,,"재활 치료용 웨어러블 로봇 제조. 개별 후보물질, 제품 허가, 인허가/도입 레퍼런스는 DART와 회사 IR, 식약처 자료 기준으로 2차 구조화가 필요합니다.","신약개발사는 후보물질·적응증·임상단계를, 의료기기/디지털헬스 기업은 제품 인허가·인증·병원 도입 레퍼런스를 별도 추적합니다.",K400 의료기기·디지털헬스,http://www.cosmo-robotics.com
384470,KR7384470001,1512575,코어라인소프트,,코스닥,2023-09-18,BM-06,의료기기/바이오장비,06-B 디지털헬스·의료IT,,의료기기·디지털헬스,N,특이사항 없음(확인 범위 내),,,"KIND 주요제품 기준으로 의료영상 진단보조 솔루션 중심의 의료기기·디지털헬스 솔루션을 보유한 기업입니다. 신약 임상 파이프라인보다는 제품 허가, 인증, 병원 도입, 소프트웨어/기기 고도화 현황을 추적하는 유형입니다.","의료기기/디지털헬스 기업으로, 전통적 Phase 1~3 임상단계보다는 식약처/해외 인허가, 제품 인증, 임상적 성능평가, 병원 레퍼런스 확인이 필요합니다.",K400 의료기기·진단기술,http://www.corelinesoft.com
494120,KR7494120009,1786958,큐리오시스,,코스닥,2025-11-13,BM-06,의료기기/바이오장비,06-C 연구장비·시약,,의료기기·디지털헬스,N,특이사항 없음(확인 범위 내),,,,,,
445680,KR7445680002,1498974,큐리옥스바이오시스템즈,,코스닥,2023-08-10,BM-06,의료기기/바이오장비,06-C 연구장비·시약,BM-02,의료기기·디지털헬스,N,특이사항 없음(확인 범위 내),,,"세포 전처리 자동화기기, 바이오실험기기 등 실험실 자동화 및 실험 효율 강화를 위한 다양한 장비·솔루션을 제공합니다.","주요 자동화 기기는 연구실 및 바이오산업 분야에서 실사용 피드백 수렴, 신뢰성·효율성 검증, 연구기관 납품, 지속적 기술업그레이드, 글로벌 품질인증(CE, GMP 등) 확보 및 해외시장 진출 확대에 집중하고 있습니다.","K201 소자 제작기술, 6010 유전자/단백질/펩타이드 분석·합성·생산 기기 등이 적용됩니다.",
214150,KR7214150005,1061327,클래시스,,코스닥,2015-04-03,BM-06,의료기기/바이오장비,06-A 의료기기,,의료기기·디지털헬스,N,특이사항 없음(확인 범위 내),,,"피부탄력·리프팅(HIFU) 의료기기, 고주파(RF) 치료기, 주름·색소치료·지방감소 등 다양한 에스테틱 레이저, 글로벌 병·의원 및 에스테틱 시장용 의료솔루션, 소모품 및 홈케어 라인업 등 폭넓은 미용의료제품 포트폴리오를 보유합니다.","주요 미용·의료기기(슈링크, 사이저 등)는 국내외 FDA·CE 인증 및 병·의원 임상 활용, 다양한 적응증별 신제품 개발, 효능 및 안전성 임상데이터 축적, 신기술·신제품(홈케어 등) 글로벌 상용화 및 시장 확장에 집중하고 있습니다.","K201 소자 제작기술, 5000 기타 바이오의료기기 등이 적용됩니다.",
475960,KR7475960001,1573336,토모큐브,,코스닥,2024-11-07,BM-06,의료기기/바이오장비,06-C 연구장비·시약,,의료기기·디지털헬스,N,특이사항 없음(확인 범위 내),,,"3D 홀로토모그래피 현미경(HT-X1, HT-2H 등), 고속·비침습 실시간 세포영상, 생체 세포/조직 무표지 관찰 분석, 진단·의료연구·신약 개발용 첨단 광학분석 시스템을 다수 보유합니다.","신제품 HT-X1 등은 미국, 유럽 등 글로벌 헬스케어 연구기관/제약사 공급, 대형 대학병원/연구소 임상 공동검증, 병리·암·신약 세포효능평가 연구에 활용 확대, 소프트웨어 기능 특허와 AI기술 고도화로 혁신제품 지속 출시, 고객 맞춤 시스템 구축 및 글로벌 시장 수출·OEM 확대, 다기능 분석/진단 솔루션 확대에도 집중.","K201 소자 제작기술, 5000 기타 바이오의료기기, 6030 다기능 및 기타 분석기기 등이 적용됩니다.",
246710,KR7246710008,1109937,티앤알바이오팹,,코스닥,2018-11-28,BM-06,의료기기/바이오장비,06-A 의료기기,BM-01,의료기기·디지털헬스,N,특이사항 없음(확인 범위 내),,,"3D 바이오프린팅 의료기기, 생분해성 하이브리드 인공지지체, 오가노이드, 세포치료 소재 등 다양한 첨단 바이오 및 의료기기 파이프라인을 보유하고 있습니다.","3D 바이오프린팅 의료기기의 연구·임상 및 생체적합성·동물세포배양 등 핵심기술 개발, 관련 특허, 인증과 제품 상용화 역량을 꾸준히 확대하고 있습니다.","D304 생체 적합성 소재 개발기술, G201 동물 세포배양공학기술 등이 적용되고 있습니다.",
340570,KR7340570001,608440,티앤엘,,코스닥,2020-11-20,BM-06,의료기기/바이오장비,06-A 의료기기,,의료기기·디지털헬스,N,특이사항 없음(확인 범위 내),,,"창상치료재(드레싱), 정형외과용 고정재, 생체소재 등 정형외과와 창상재생 분야에 특화된 다양한 바이오소재·의료기기를 개발하고 있습니다.","창상재생 및 정형외과 재료 신제품 임상과 상용화, 신규 생체재료와 기능성 지지체 개발 관련 특허와 인증을 지속적으로 확보하고 있습니다.","D301 신규 생체재료 개발기술, D303 기능성 지지체 개발기술 등이 적용되고 있습니다.",
214450,KR7214450009,970453,파마리서치,,코스닥,2015-07-24,BM-06,의료기기/바이오장비,06-A 의료기기,BM-09,의료기기·디지털헬스,N,특이사항 없음(확인 범위 내),,,"PDRN/PN 기반 조직재생 바이오소재, 콘쥬란 등 재생의약 및 의료기기, 각종 에스테틱 의약품 등 다양한 재생의학 및 미용 솔루션을 보유하고 있습니다.","재생의약 및 조직재생 소재의 임상 연구, 상용화, 의료기기 인증과 특허를 통한 신제품 라인업 확대, 첨단 조직치료와 에스테틱 분야 R&D 강화에 힘쓰고 있습니다.","D301 신규 생체재료 개발기술, D303 기능성 지지체 개발기술, 1110 바이오소재 의약품 등이 적용되고 있습니다.",
387570,KR7387570005,1455410,파인메딕스,,코스닥,2024-12-26,BM-06,의료기기/바이오장비,06-A 의료기기,,의료기기·디지털헬스,N,특이사항 없음(확인 범위 내),,,"내시경 인젝터, 스네어, 조직채취용 포셉·나이프 등 주로 상부/하부위장관 내시경 시술기구, 신생 혈관 절제·조직생검 보조기구, 맞춤형 시술용 악세서리 및 일회용 의료기기 라인업에 집중합니다.","병원 및 임상중심 의료진 협력 기반 실사용 평가, CE/MDR/식약처 등 의료기기 인증 완료 품목 다수, 신규 소화기 내시경용 신제품 임상·제품화, 맞춤형/고기능 시술기구 라인업 개발, OEM·글로벌 브랜드 의료기구 공급 및 특허·인증 확장, 제품업그레이드 및 고객사 피드백 원스톱 대응력에 집중합니다.","K201 소자 제작기술, 5000 기타 바이오의료기기 등이 적용.",
405000,KR7405000001,1575839,플라즈맵,,코스닥,2022-10-21,BM-06,의료기기/바이오장비,06-A 의료기기,,의료기기·디지털헬스,N,특이사항 없음(확인 범위 내),,,"저온플라즈마 멸균기(의료기기 및 기구 멸균), 임플란트 표면처리기(생체적합성 강화), 피부자극치료기 등 다양한 멸균·재생·치료용 기기 라인업을 보유하고 있습니다.","주요 멸균기 및 치료기기는 의료기관 임상 적용, 안전성·효능 데이터 축적, 각종 규제·품질 인증 취득(CE, FDA, GMP 등), 글로벌 시장 진출, 멸균 신기술 기반 신제품 고도화, 수출 확장에 집중하고 있습니다.","K201 소자 제작기술, 5000 기타 바이오의료기기 등이 적용됩니다.",
460940,KR7460940000,1419205,피앤에스로보틱스,,코스닥,2024-07-31,BM-06,의료기기/바이오장비,06-A 의료기기,,의료기기·디지털헬스,N,특이사항 없음(확인 범위 내),,,"보행재활로봇 시스템, 의료로봇 등 다양한 재활·의료 환경에 적용할 수 있는 기능성 로봇장비 및 지원 시스템을 갖추고 있습니다.","주요 보행재활로봇 및 의료용 로봇 시스템은 의료기관 임상 테스트, 사용자 적합성 평가, 현장 데이터 수집 기반 성능 고도화, 관련 규제 적합성·기술 인증 추진, 제품 라인업 및 수출 경쟁력 강화를 위해 지속적으로 개발이 이뤄지고 있습니다.","K201 소자 제작기술, 5000 기타 바이오의료기기 등이 적용됩니다.",
006140,KR7006140008,155735,피제이전자,,코스닥,1993-12-07,BM-06,의료기기/바이오장비,06-A 의료기기,,의료기기·디지털헬스,N,특이사항 없음(확인 범위 내),,,"의료기기용 전자부품(PCB, SMT·SMD), EMS 의료기기 생산, 초음파 영상진단장치(GE·시멘스 등 글로벌 제조), 산업용·로봇제어기, 자동차 전장부품, 보안기기 등 다양한 전자제품 EMS 위탁 제조 및 개발 서비스.","GE, SIEMENS 등 글로벌 의료기기메이커 초음파진단기 전문 생산, 국내외 병원·시장 납품, 산업용 로봇·자동차 전장까지 품목 다각화, SMT기반 자동화 생산/품질 고도화, 의료기기 부품·완제품 신모델 OEM/ODM, 국내외 신규 시장 확대와 다품목 서비스 확대에 중점을 두고 있습니다.","K201 소자 제작기술, 5000 기타 바이오의료기기 등이 적용됩니다.",
450330,KR7450330006,1663569,하스,,코스닥,2024-07-03,BM-06,의료기기/바이오장비,06-A 의료기기,,의료기기·디지털헬스,N,특이사항 없음(확인 범위 내),,,"인공치아용 리튬 이소실리케이트 및 글라스-세라믹 블록, 크라운 등 첨단 치과용 바이오세라믹 소재의 개발과 글로벌 시장 수출에 주력하고 있습니다.","치과용 바이오세라믹 소재 분야에서 신규 생체재료 개발과 기능성 지지체 개발 등 핵심기술을 다수 확보하고 있으며, 국내외 인증을 다수 획득하였습니다.","D301 신규 생체재료 개발기술, D303 기능성 지지체 개발기술 등이 적용되고 있습니다.",
149980,KR7149980005,977641,하이로닉,,코스닥,2014-12-17,BM-06,의료기기/바이오장비,06-A 의료기기,,의료기기·디지털헬스,N,특이사항 없음(확인 범위 내),,,"HIFU 리프팅(Doublo, V-RO), 냉각지방분해, 비절개 모발이식기기(PicoHI 등), 레이저 기반 치료기, 병의원용/개인용 미용기기, 다양한 에너지 융합 미용 신제품 라인업을 보유하고 있습니다.","HIFU·레이저 등 주요 제품은 국내외 임상 신뢰성 및 다수 글로벌 인증 확보, 시술 적응증 확대, 냉각지방분해·비절개 모발이식 등 신제품 라인강화·수출확대, RF+HIFU 복합 신제품 등 혁신형 의료미용기기 개발 및 글로벌시장 진출에 주력하고 있습니다.","K201 소자 제작기술, 5000 기타 바이오의료기기 등이 적용됩니다.",
256840,KR7256840000,1179617,한국비엔씨,,코스닥,2016-12-28,BM-06,의료기기/바이오장비,06-A 의료기기,,의료기기·디지털헬스,N,특이사항 없음(확인 범위 내),,,미용 및 의료 분야에 사용되는 필러 등 다양한 생체재료 및 의료물질 개발에 주력하고 있습니다.,"의료용 필러 및 기타 바이오소재의 임상 개발, 제품화 및 관련 특허·인증 획득, 신기술 적용 제품군 확장에 힘쓰고 있습니다.",D301 신규 생체재료 개발기술이 적용되고 있습니다.,
219750,KR7219750007,1031229,한국비티비,,코스닥,2018-09-21,BM-06,의료기기/바이오장비,06-A 의료기기,,의료기기·디지털헬스,N,특이사항 없음(확인 범위 내),,,"각종 의료기기(OEM/ODM), 미용기기, 진단기기, 건강·의료지원용 디바이스 등 고객 맞춤형 연구개발 및 생산 시스템을 갖추고 있습니다.","주력 의료·미용기기는 국내외 대형 업체/브랜드와의 OEM/ODM 공급계약, 각종 글로벌 품질·안전 인증, 다양한 헬스케어 및 미용기기 시장 진출, 신제품 및 신기술 개발을 통한 경쟁력 강화, 빠른 시장대응 및 제품 포트폴리오 확장에 집중하고 있습니다.","K201 소자 제작기술, 5000 기타 바이오의료기기 등이 적용됩니다.",
042520,KR7042520007,349060,한스바이오메드,,코스닥,2009-10-09,BM-06,의료기기/바이오장비,06-A 의료기기,,의료기기·디지털헬스,N,특이사항 없음(확인 범위 내),,,"인체조직 이식재, 실리콘 보형물(인공유방 등), 미용 리프팅 실 등 다양한 재건·미용 의료기기 및 바이오이식재 제품 개발에 집중하고 있습니다.","인체조직 이식재 및 의료용 보형물의 임상 및 상용화, 미용 의료기기 신제품 개발과 국내외 특허·인증 확대에 힘쓰고 있습니다.","D301 신규 생체재료 개발기술, 1110 바이오소재 의약품 등이 적용되고 있습니다.",
200670,KR7200670008,614478,휴메딕스,,코스닥,2014-12-26,BM-06,의료기기/바이오장비,06-A 의료기기,BM-02,의료기기·디지털헬스,N,특이사항 없음(확인 범위 내),,,"히알루론산 필러, 골관절염 주사제, 의료기기 및 미용·주사제 등 다양한 바이오소재 및 의약품을 주력 제품으로 보유하고 있습니다.","히알루론산 필러 및 골관절염 치료제의 국내외 임상 및 규제 인증, 신제품 개발과 혁신 생체재료 기술을 접목한 다양한 의료기기·바이오 소재 상용화에 힘쓰고 있습니다.","D301 신규 생체재료 개발기술, 1000 기타 바이오의약품, 1110 바이오소재 의약품 등이 적용되고 있습니다.",
065510,KR7065510000,398668,휴비츠,,코스닥,2003-10-31,BM-06,의료기기/바이오장비,06-A 의료기기,,의료기기·디지털헬스,N,특이사항 없음(확인 범위 내),,,"자동검안기(HRK 시리즈), 자동렌즈미터(HLM 시리즈), 각막측정기 등 다양한 안과 진단·교정용 의료·광학기기 라인업을 갖추고 있습니다.","주요 자동검안기/렌즈미터/측정기기는 국내외 의료기관 및 안경원 임상·실사용, CE·FDA 등 국제 인증 취득, 신제품 기술 고도화와 맞춤형 진단 솔루션 확대, 글로벌 수출 기반 강화에 집중하고 있습니다.","K201 소자 제작기술, 5000 기타 바이오의료기기 등이 적용됩니다.",
002140,KR7002140002,102751,고려산업,,유가,1991-01-14,BM-07,동물용 바이오/의약 기업,07-C 사료·사료첨가제,,동물헬스·사료,N,특이사항 없음(확인 범위 내),,,,,,
036480,KR7036480002,177320,대성미생물,,코스닥,2000-04-04,BM-07,동물용 바이오/의약 기업,07-A 동물의약품·백신,,동물헬스·사료,N,특이사항 없음(확인 범위 내),,,"동물용 항생제(축산·양계·반려동물), 예방백신(가축·조류 등), 미생물 기반 장내환경 개선제, 동물용 사료첨가제 등 다양한 동물질병 예방 및 건강관리 제품군으로 동물헬스케어 파이프라인을 다각화하고 있습니다.","주력 백신·항생제 및 미생물제제는 축산·양계 농장 등 실증 임상에 적용, 식약처·농림축산식품부 허가 및 GSP/GMP 인증 다수 보유, 꾸준한 신제품(항생제 대체제, 첨가제) 임상, 해외 수출용 신제품 및 특허 확대, 농장 현장 실증 데이터와 품질·안전성 인증도 강조합니다.","1120 동물용 바이오의약품, H207 동물사료 생산 이용기술 등이 적용됩니다.",
003310,KR7003310000,112457,대주산업,,코스닥,1992-08-01,BM-07,동물용 바이오/의약 기업,07-C 사료·사료첨가제,,동물헬스·사료,N,특이사항 없음(확인 범위 내),,,전통적 신약 임상 파이프라인 추적 대상이 아닙니다. 관련 사업이 있더라도 사료·식품·소재·농생명 또는 화이트바이오 관점의 사업부문/매출 비중을 확인해야 합니다.,임상 Phase 1~3 기반 파이프라인 기업이 아니므로 신약개발 Peer 비교에서 제외합니다.,X900 인접산업·핵심Peer제외,http://www.daejooinc.com
233250,KR7233250000,1035942,메디안디노스틱,,코넥스,2017-06-26,BM-07,동물용 바이오/의약 기업,07-B 동물진단,BM-05,동물헬스·사료,N,특이사항 없음(확인 범위 내),,,"동물 질병 체외진단키트 및 동물용 진단시약, 진단용 바이오 의약품 등 다양한 동물 건강 진단 제품을 생산·공급하고 있습니다.","동물 질병 체외진단 키트 및 진단시약 개발·상용화, 진단기술 관련 특허와 인증 확보, 동물 건강 분야 진단 기술 확장에 주력하고 있습니다.","K301 DNA칩 제작 및 활용기술, H207 동물사료 생산이용기술 등이 적용되고 있습니다.",
218150,KR7218150001,1071944,미래생명자원,,코스닥,2015-06-18,BM-07,동물용 바이오/의약 기업,07-C 사료·사료첨가제,,동물헬스·사료,N,특이사항 없음(확인 범위 내),,,전통적 신약 임상 파이프라인 추적 대상이 아닙니다. 관련 사업이 있더라도 사료·식품·소재·농생명 또는 화이트바이오 관점의 사업부문/매출 비중을 확인해야 합니다.,임상 Phase 1~3 기반 파이프라인 기업이 아니므로 신약개발 Peer 비교에서 제외합니다.,X900 인접산업·핵심Peer제외,http://www.milaebio.com
136490,KR7136490000,855093,선진,,유가,2011-02-16,BM-07,동물용 바이오/의약 기업,07-C 사료·사료첨가제,,동물헬스·사료,N,특이사항 없음(확인 범위 내),,,전통적 신약 임상 파이프라인 추적 대상이 아닙니다. 관련 사업이 있더라도 사료·식품·소재·농생명 또는 화이트바이오 관점의 사업부문/매출 비중을 확인해야 합니다.,임상 Phase 1~3 기반 파이프라인 기업이 아니므로 신약개발 Peer 비교에서 제외합니다.,X900 인접산업·핵심Peer제외,
060590,KR7060590007,362292,씨티씨바이오,,코스닥,2002-02-21,BM-07,동물용 바이오/의약 기업,07-A 동물의약품·백신,,동물헬스·사료,N,특이사항 없음(확인 범위 내),,,"동물용 생균제(프로바이오틱스), 효소제(소화·흡수 개선), 항생제 대체용 마이크로바이옴 첨가제, 면역증강·질병예방용 사료첨가제 등 축산·양계·수산 전반을 아우르는 고기능성 원료 제품군을 구축하고 있습니다.","주요 생균제·효소제 등은 축산·양계 농장 등 현장임상 및 식약처 등 공인 기관 검증을 마쳐 상용화 중이며, 항생제 대체제, 신규 효소제품(축산·애완동물용) 임상과 국내외 품질·안전성 인증, 해외 특허와 현지화 R&D에도 적극적입니다.","H207 동물사료 생산 이용기술, 3050 사료첨가제, 1120 동물용 바이오의약품 등이 적용되어 있습니다.",
179530,KR7179530001,1022902,애드바이오텍,,코스닥,2022-01-24,BM-07,동물용 바이오/의약 기업,07-A 동물의약품·백신,,동물헬스·사료,N,특이사항 없음(확인 범위 내),,,"동물용 항생제, 사료첨가제, 영양제, 보조사료, 단미사료 등 다양한 동물용 의약품과 사료제품을 개발·유통하고 있습니다.","동물의약·사료 부문 다수 제품의 개발·상용화 경험과 동물영양·신약·첨가제 등 지속적인 연구와 특허, 인증을 통해 제품군을 확대해가고 있습니다.","H207 동물사료 생산 이용기술, 3050 사료첨가제 등이 적용되고 있습니다.",
368970,KR7368970000,1491607,오에스피,,코스닥,2022-10-14,BM-07,동물용 바이오/의약 기업,07-C 사료·사료첨가제,,동물헬스·사료,N,관리종목,KRX 전종목 기본정보(2026-09-24) 소속부: 관리종목(소속부없음),주의: 관리종목 (2026-09-24 기준). KRX 전종목 기본정보(2026-09-24) 소속부: 관리종목(소속부없음),전통적 신약 임상 파이프라인 추적 대상이 아닙니다. 관련 사업이 있더라도 사료·식품·소재·농생명 또는 화이트바이오 관점의 사업부문/매출 비중을 확인해야 합니다.,임상 Phase 1~3 기반 파이프라인 기업이 아니므로 신약개발 Peer 비교에서 제외합니다.,X900 인접산업·핵심Peer제외,
153710,KR7153710009,971726,옵티팜,,코스닥,2018-10-26,BM-07,동물용 바이오/의약 기업,07-C 사료·사료첨가제,BM-01,동물헬스·사료,N,특이사항 없음(확인 범위 내),,,"동물질병 체외진단키트, 동물용백신, 다양한 동물용의약품에 대한 개발·생산을 집중적으로 추진하고 있습니다.","동물질병 감별체외진단과 백신, 의약품 신규 개발 및 임상, 다양한 동물용 진단·치료 솔루션의 사업화와 관련 특허·인증 확대에 적극적입니다.","K301 DNA칩 제작 및 활용기술, H207 동물사료 생산 이용기술, 5020 체외진단 등이 적용되고 있습니다.",
006980,KR7006980007,142661,우성,,유가,1988-10-10,BM-07,동물용 바이오/의약 기업,07-C 사료·사료첨가제,,동물헬스·사료,N,특이사항 없음(확인 범위 내),,,,,,
018620,KR7018620005,103547,우진비앤지,,코스닥,2008-05-20,BM-07,동물용 바이오/의약 기업,07-A 동물의약품·백신,,동물헬스·사료,N,특이사항 없음(확인 범위 내),,,"동물용 항병원성제품(항균·항바이러스), 미생물제제(유산균/효소 등), 동물 사료첨가 미생물·효소제와 현장 실험에 근거한 맞춤형 동물 의약품 신제품 등 건강관리 솔루션을 폭넓게 개발합니다.","주요 동물용의약품 및 미생물제제는 현장 축산 등에서 충분한 임상 적용성과 안전성 데이터를 확립하였으며, 신기술 제품 출시를 위해 GSP/GMP 품질 인증, 국내외 특허와 수출 인증 확보에 꾸준히 주력하고 있습니다.","H207 동물사료 생산 이용기술, 1120 동물용 바이오의약품 등이 적용되어 있습니다.",
044960,KR7044960003,145473,이글벳,,코스닥,2000-11-16,BM-07,동물용 바이오/의약 기업,07-A 동물의약품·백신,,동물헬스·사료,N,특이사항 없음(확인 범위 내),,,,,,
353810,KR7353810005,1480568,이지바이오,,코스닥,2020-06-05,BM-07,동물용 바이오/의약 기업,07-C 사료·사료첨가제,,동물헬스·사료,N,특이사항 없음(확인 범위 내),,,전통적 신약 임상 파이프라인 추적 대상이 아닙니다. 관련 사업이 있더라도 사료·식품·소재·농생명 또는 화이트바이오 관점의 사업부문/매출 비중을 확인해야 합니다.,임상 Phase 1~3 기반 파이프라인 기업이 아니므로 신약개발 Peer 비교에서 제외합니다.,X900 인접산업·핵심Peer제외,http://www.easybio.co.kr/
072020,KR7072020001,415327,중앙백신,,코스닥,2003-10-31,BM-07,동물용 바이오/의약 기업,07-A 동물의약품·백신,,동물헬스·사료,N,특이사항 없음(확인 범위 내),,,"가축/반려동물용 백신(바이러스·세균성 질병예방), 동물용 항생제·치료제, 성장촉진제·면역증강제 등 동물 건강 전반을 위한다양한 의약 및 보건 솔루션을 구축했습니다.","주요 동물용 백신 및 의약품은 국내외 임상을 거쳐 상용화되어 있으며, 신제품 백신 개발, 글로벌 인증(GMP, GSP, OIE 등), 다수 특허 및 해외등록, 임상·현장시험 확대, 맞춤형 백신 신제품 상용화에 힘쓰고 있습니다.","H207 동물사료 생산 이용기술, 1120 동물용 바이오의약품 등이 적용됩니다.",
086060,KR7086060001,491053,진바이오텍,,코스닥,2006-04-28,BM-07,동물용 바이오/의약 기업,07-C 사료·사료첨가제,,동물헬스·사료,N,특이사항 없음(확인 범위 내),,,"KIND 주요제품 기준으로 펩소이젠(식물성단백질),바이오스타치(가공전분),나투포멘(친환경생균제),락토케어(항생제대체형미생물제제)등를 중심으로 한 의약품·바이오헬스 제품/개발 후보군을 보유한 것으로 분류됩니다. 개별 후보물질명, 적응증, 임상단계는 DART 사업보고서 및 회사 IR 자료를 통한 2차 검수가 필요합니다.","상장법인목록에서는 임상단계가 별도 제공되지 않으므로, 현재는 '펩소이젠(식물성단백질),바이오스타치(가공전분),나투포멘(친환경생균제),락토케어(항생제대체형미생물제제)등' 관련 사업·제품 보유 기업으로 1차 태깅했습니다. 임상 파이프라인 여부는 DART 연구개발활동, 임상시험정보, 회사 공시 기준으로 추가 구조화가 필요합니다.",F100 후보물질 발굴·개발기술,http://www.genebiotech.co.kr
025880,KR7025880006,101752,케이씨피드,,코스닥,1995-07-07,BM-07,동물용 바이오/의약 기업,07-C 사료·사료첨가제,,동물헬스·사료,N,특이사항 없음(확인 범위 내),,,신약·임상 파이프라인 없음. 사료·사료첨가제·식품/소재 사업 중심으로 별도 섹터 관리.,제약 임상단계 해당 없음.,G301 농생명/사료바이오,http://www.kcfeed.co.kr
041960,KR7041960006,187415,코미팜,,코스닥,2001-10-30,BM-07,동물용 바이오/의약 기업,07-A 동물의약품·백신,BM-01,동물헬스·사료,N,특이사항 없음(확인 범위 내),,,"동물용 의약품(항생제, 기생충약, 백신 등), 바이오 신약(암, 면역질환 등 혁신신약 후보), 건강기능식품(면역증강, 항염 등), 병원사업(임상 적용 신사업), 동물사료 첨가제까지 다양한 융합형 사업 라인업을 보유합니다.","동물용 주요 의약품·백신은 다수 국내외 현장 적용 및 상용화, 바이오 신약(혁신 항암제 등) 후보물질 임상 시험 및 응용, 기능성 건강식품 개발·상용화, 병원 연계 신약 임상, 신제품 OEM/ODM 생산 및 해외 수출 등 사업다각화와 품목확장 적극 진행 중입니다.","1120 동물용 바이오의약품, 1000 기타 바이오의약품, H207 동물사료 생산 이용기술, F103 기타 생산기술 등 적용.",
036580,KR7036580009,260408,팜스코,,유가,1999-10-25,BM-07,동물용 바이오/의약 기업,07-C 사료·사료첨가제,,동물헬스·사료,N,특이사항 없음(확인 범위 내),,,,,,
027710,KR7027710003,192499,팜스토리,,코스닥,1996-07-06,BM-07,동물용 바이오/의약 기업,07-C 사료·사료첨가제,,동물헬스·사료,N,특이사항 없음(확인 범위 내),,,전통적 신약 임상 파이프라인 추적 대상이 아닙니다. 관련 사업이 있더라도 사료·식품·소재·농생명 또는 화이트바이오 관점의 사업부문/매출 비중을 확인해야 합니다.,임상 Phase 1~3 기반 파이프라인 기업이 아니므로 신약개발 Peer 비교에서 제외합니다.,X900 인접산업·핵심Peer제외,http://www.dodrambnf.co.kr
222670,KR7222670002,1063237,플럼라인생명과학,,코넥스,2015-07-28,BM-07,동물용 바이오/의약 기업,07-A 동물의약품·백신,BM-01,동물헬스·사료,N,특이사항 없음(확인 범위 내),,,"반려견 전용 DNA면역항암제(PLS-D5000 등), 노화 치료제 ‘리뉴독’, 다양한 유전자 치료제, 동물 백신 등 동물 치료용 바이오 신약 라인업을 갖추고 있습니다.","암 치료제(PDL-D5000)는 임상시험 진행 및 글로벌 시장 타깃, 리뉴독은 2025년 국내 출시 및 상용화, 다양한 세포·유전자 치료제 연구 및 외부 기관과 활발한 공동 임상연구 수행.","1120 동물용 바이오의약품, H207 동물사료 생산 이용기술 등 사용.",
005860,KR7005860002,162911,한일사료,,코스닥,1994-11-07,BM-07,동물용 바이오/의약 기업,07-C 사료·사료첨가제,,동물헬스·사료,N,특이사항 없음(확인 범위 내),,,전통적 신약 임상 파이프라인 추적 대상이 아닙니다. 관련 사업이 있더라도 사료·식품·소재·농생명 또는 화이트바이오 관점의 사업부문/매출 비중을 확인해야 합니다.,임상 Phase 1~3 기반 파이프라인 기업이 아니므로 신약개발 Peer 비교에서 제외합니다.,X900 인접산업·핵심Peer제외,http://www.hanilfeed.com
016790,KR7016790008,164618,현대사료,,코스닥,2018-06-01,BM-07,동물용 바이오/의약 기업,07-C 사료·사료첨가제,,동물헬스·사료,N,관리종목,KRX 전종목 기본정보(2026-09-24) 소속부: 관리종목(소속부없음),주의: 관리종목 (2026-09-24 기준). KRX 전종목 기본정보(2026-09-24) 소속부: 관리종목(소속부없음),전통적 신약 임상 파이프라인 추적 대상이 아닙니다. 관련 사업이 있더라도 사료·식품·소재·농생명 또는 화이트바이오 관점의 사업부문/매출 비중을 확인해야 합니다.,임상 Phase 1~3 기반 파이프라인 기업이 아니므로 신약개발 Peer 비교에서 제외합니다.,X900 인접산업·핵심Peer제외,http://www.hdfeed.co.kr
278650,KR7278650007,1189438,HLB바이오스텝,,코스닥,2019-11-27,BM-08,CRO/임상연구서비스,,,CRO,N,특이사항 없음(확인 범위 내),,,"비임상 실험(약리평가, 유효성 평가 등), 다양한 신약 후보물질/생물학적제제의 전임상 실험, 신약연구 지원 CRO서비스 플랫폼 등 신약개발을 아우르는 전문 비임상 서비스 라인업 구축.","주요 비임상 CRO서비스 국내외 바이오·제약사와 활발한 협력중, 선진화 실험설비·글로벌 품질관리 시스템 도입, 신약개발 전주기 R&D지원 역량 지속 강화, 신기술 도입 및 서비스 라인업 확대, 글로벌 시장 진출 및 전문 CRO 확보에 주력합니다.","L504 비임상 시험기술, 8030 임상·비임상 R&D 서비스 등이 적용됩니다.",
223250,KR7223250002,916826,드림씨아이에스,,코스닥,2020-05-22,BM-08,CRO/임상연구서비스,,,CRO,N,특이사항 없음(확인 범위 내),,,"임상시험(신약개발 임상1~4상 대행), 시판후조사(rPMS, 임상데이터 관리), 임상시험 지원 서비스, 다양한 치료영역 및 제약·바이오 기업 대상 맞춤형 임상 및 컨설팅 서비스 플랫폼을 보유합니다.","다수의 국내외 제약 및 바이오기업 임상1~4상 및 시판후조사 수행, 데이터관리 자동화, 신약개발 및 허가 지원 프로젝트, 각종 임상 시험 품질/신뢰성 인증(글로벌, GCP 등), 임상시험 역량 강화 및 신시장 확장, 사업 포트폴리오 다각화에 힘쓰고 있습니다.","L504 비임상 시험기술, 8030 임상·비임상 R&D 서비스 등이 적용됩니다.",
383930,KR7383930005,1437432,디티앤씨알오,,코스닥,2022-11-11,BM-08,CRO/임상연구서비스,,,CRO,N,특이사항 없음(확인 범위 내),,,"비임상시험(독성·안전성·효능평가), 임상시험(1~3상 수행, 프로토콜 설계·모니터링 등), 연구지원(프로젝트 매니지먼트), 컨설팅 등 신약개발 및 의약품 인허가 전 과정에 걸친 서비스 라인업을 보유합니다.","비임상-임상시험 서비스 전 주기(시험설계~수행~보고) 제공, 주요 바이오신약 및 허가 임상 파트너로 다수 신약의 국내외 비임상/임상시험 사례 확보, 국내외 품질인증(GLP, GCP 등) 및 데이터 신뢰성 검증, 지속적인 서비스 업그레이드·신기술 지원 강화에 역점을 두고 있습니다.","L504 비임상 시험기술, 8030 임상·비임상 R&D 서비스 등이 적용됩니다.",
199730,KR7199730003,1110058,바이오인프라,,코스닥,2023-03-02,BM-08,CRO/임상연구서비스,,,CRO,N,관리종목,KRX 전종목 기본정보(2026-09-24) 소속부: 관리종목(소속부없음),주의: 관리종목 (2026-09-24 기준). KRX 전종목 기본정보(2026-09-24) 소속부: 관리종목(소속부없음),"제네릭 및 개량신약 생물학적동등성시험, 1상 임상시험(신약·복합제 등 안전성/약동학), 임상·비임상 검체분석, 데이터 자동화 솔루션 등 신약개발·임상 인허가 중심 서비스 라인 구축(시험검사센터, 전자동 분석 플랫폼 등).","1상 임상·생동성시험 및 다양한 신약 검체분석 수행, 검체분석 자동화 시스템 개발/도입(2023~2024년), 신약 서비스(바이오의약품 분석, 합성신약 DMPK, 글로벌 시장 진출), 시험검사센터 및 인프라 투자, 신규 R&D 서비스 확장 및 데이터/IT 경쟁력 강화에 집중.","L504 비임상 시험기술, 8030 임상·비임상 R&D 서비스 등.",
086040,KR7086040003,447502,바이오톡스텍,,코스닥,2007-09-21,BM-08,CRO/임상연구서비스,,,CRO,N,특이사항 없음(확인 범위 내),,,"신약 비임상 효능평가, 독성평가, 안전성 및 유효성 시험 등 신약개발 초기 단계 연구지원, 다양한 신약 및 바이오의약품/화합물 효능‧독성 비임상 서비스 제공.","국내외 제약/바이오기업 신약 비임상 CRO 프로젝트 다수, 독립 연구기관 및 글로벌 협력, GLP 등 품질관리인증 및 서비스 확장, 신약 후보물질 정밀 시험 설계/지원 경험, 신기술 및 자동화 시험 시스템 개발에 집중.","L504 비임상 시험기술, 8030 임상·비임상 R&D 서비스 등 적용.",
246250,KR7246250005,1112700,에스엘에스바이오,,코스닥,2023-10-20,BM-08,CRO/임상연구서비스,,BM-05,CRO,N,관리종목,KRX 전종목 기본정보(2026-09-24) 소속부: 관리종목(소속부없음),주의: 관리종목 (2026-09-24 기준). KRX 전종목 기본정보(2026-09-24) 소속부: 관리종목(소속부없음),"신약개발지원(비임상·임상시험 서비스), 체외진단기기 품질분석 및 개발 지원, 바이오 분석·진단컨설팅, R&D 서비스, 분자진단·AI 분석프로젝트 등 다양한 바이오 현장 및 제약 R&D 솔루션을 제공합니다.","주요 바이오 분석 및 신약개발/진단기기 지원 서비스는 제약·바이오·진단산업 현장서 실사용, 비임상·임상시험 다수, 국내외 GMP·GLP 등 품질인증 취득, 신제품 개발 협업, 글로벌 진출·공공기관 프로젝트 확대, 차세대 분석플랫폼 및 비임상/임상지원에 집중하고 있습니다.","L504 비임상 시험기술, K301 DNA칩 제작 및 활용기술, 8020 바이오 분석‧진단 서비스 등이 적용됩니다.",
002630,KR7002630002,141626,오리엔트바이오,,유가,1976-12-28,BM-08,CRO/임상연구서비스,,BM-01,CRO,Y,특이사항 없음(확인 범위 내),,,"SPF 생쥐(마우스), 랫드, 기니피그, 비글견 등 다양한 실험동물 생산·공급, 종양·면역·독성·신경 등의 맞춤형 동물/모델 개발, 시험연구용 장비(실험케이지, 세포분석, 배양장비 등), 연구원 현장 맞춤서비스까지 포괄적 파이프라인을 구축하고 있습니다.","실험동물 및 장비 다수 대형제약사·연구기관 납품/공급(국내외), 신모델 동물 신품종 개발 및 상용화, 바이오/제약 R&D에 필수 동물 및 연구용 장비 사업 확장, 국제품질(AAALAC 등), 신규 실험동물 모델 임상 연구·특허·해외시장 진출, 연구컨설팅 및 고객 분석서비스 강화도 동시 추진합니다.","7030 실험동물, H205 실험동물 개발 및 생산기술, 6020 세포 분석·배양 장비 등이 적용됩니다.",
216400,KR7216400002,537221,인바이츠바이오코아,,코넥스,2015-06-29,BM-08,CRO/임상연구서비스,,BM-05,CRO,N,특이사항 없음(확인 범위 내),,,"임상시험수탁(CRO), 바이오마커·생동성시험·분석, 신약 전임상부터 임상, 유전체 분석/검사 서비스, 진단키트, DNA칩 등 통합 진단 및 분석사업 수행.","2024년 기준, 60건 이상의 생동 임상시험 실적, 국내 최대 임상 CRO 플랫폼 구축, 크리스탈지노믹스 등 신약개발 회사와 협업 강화, 유전체 분석 서비스 확대.","8030 임상·비임상 R&D 서비스, L504 비임상 시험기술, 1090 바이오진단시약, K301 DNA칩 제작 및 활용기술 등 적용.",
215380,KR7215380007,1065013,콜마바이오텍,우정바이오,코스닥,2015-05-18,BM-08,CRO/임상연구서비스,,,CRO,N,특이사항 없음(확인 범위 내),,,"동물실험 및 효능평가, 분석센터, 안전성센터, CRO 서비스, 동물실험 시설 대여/공유(VivaShare), 유전자변형 마우스 및 맞춤 질환모델 개발·공급, 전임상/임상 R&D 서비스, 생명과학 인프라(사육장비·관리) 제공.","대형 신약클러스터 및 글로벌 CRO 네트워크, 다양한 바이오/제약기업·병원 파트너 협업, 임상-비임상 연계 연구 지원, 항암·뇌질환 등 다양한 신약개발 모델 제공, 신약 개발 원스톱 솔루션, 오픈이노베이션 공동연구 등 지속 성과 창출.","8030 임상·비임상 R&D 서비스, L504 비임상 시험기술 등 적용.",
456190,KR7456190008,1205514,큐라켐,,코넥스,2023-05-18,BM-08,CRO/임상연구서비스,,BM-01,CRO,Y,특이사항 없음(확인 범위 내),,,"방사성동위원소 표지화합물 합성, 신약 소재 개발, 바이오의약품 및 연구용 효소·시약류 생산 등 신약 R&D와 생산을 폭넓게 수행하고 있습니다.","방사성동위원소 표지화합물 및 연구용 효소·시약류 생산 공정 및 공급, 고속 스크리닝 기술 등 관련 제품 개발·응용 연구 및 특허·인증 실적을 확대 중에 있습니다.","G301 효소 반응공학기술, E105 고속 대량 스크리닝기술 등이 적용되고 있습니다.",
215570,KR7215570003,1034730,크로넥스,,코넥스,2015-12-28,BM-08,CRO/임상연구서비스,,,CRO,N,특이사항 없음(확인 범위 내),,,"CRO 서비스(임상·비임상 시험 대행, 맞춤 연구설계 등), 미니피그 등 실험동물 개발·공급(유전자 변형 등), 다양한 연구지원 서비스와 동물실험 플랫폼을 구축하고 있습니다.","다수 제약·바이오 기업 CRO 프로젝트 수행, 미니피그 등 실험동물 국내외 공급 확대, 동물모델 적용 신약개발 임상/비임상 데이터 축적, 글로벌 인증 및 연구시설 확충, 신약개발 연구파이프라인과 맞춤서비스 업그레이드에 주력하고 있습니다.","L504 비임상 시험기술, 8030 임상·비임상 R&D 서비스, 7030 실험동물, H205 실험동물 개발 및 생산기술 등이 적용됩니다.",
347740,KR7347740003,1290381,피엔케이피부임상연구센타,,코스닥,2020-09-09,BM-08,CRO/임상연구서비스,,BM-06,CRO,N,특이사항 없음(확인 범위 내),,,"피부 임상시험(인체적용시험, 안전성 평가 등), 화장품·의료기기 효능평가 서비스, 맞춤형 임상디자인, 효능 입증·데이터 리포트 제공 등 다각적 피부임상 연구개발 플랫폼을 구축하고 있습니다.","화장품·의료기기 임상평가 현장 적용, 글로벌 인증(HRIPT 등) 및 안전성 데이터 구축, 국내외 대형 화장품사·의료기업 임상대행 경험, 신규 효능·안전성 평가기법 개발, 임상시험 자동화 시스템 및 데이터 관리 고도화, 해외 역량확대·시장진출에 주력합니다.","L504 비임상 시험기술, 8030 임상·비임상 R&D 서비스 등이 적용됩니다.",
083660,KR7083660001,406037,CSA 코스믹,,코스닥,2006-07-25,BM-09,마이크로바이옴/기능성소재,09-D 화장품·바이오뷰티,,화장품,N,특이사항 없음(확인 범위 내),,,,,,
376270,KR7376270005,1480708,HEM파마,에이치이엠파마,코스닥,2024-11-05,BM-09,마이크로바이옴/기능성소재,09-B 마이크로바이옴·프로바이오틱스,BM-01,건기식·바이오소재,N,특이사항 없음(확인 범위 내),,,"장내 미생물 분석, 개인 맞춤형 솔루션 제공, 대사체 분석서비스, 프로바이오틱스 개발 등 건강기능식품 및 마이크로바이옴 기반 디지털헬스·영양관리 서비스 라인업을 보유하고 있습니다.","장내 미생물 및 대사체 분석기술 임상 도입, 건강기능식품 기능·안전성 임상실험, 프로바이오틱 소재 개발 및 국내외 인증 취득, 소비자 맞춤형 분석·상담 서비스 확대, 신규 시장 창출 위한 데이터 플랫폼, 글로벌 헬스케어 기업 제휴 추진에 중점을 두고 있습니다.","H603 식품 오염물 검출 및 관리기술, H304 프로바이오틱 개발 기술, 3010 건강기능식품, 8000 기타 바이오서비스 등이 적용됩니다.",http://www.hempharma.bio
187420,KR7187420005,983916,HLB제넥스,,코스닥,2015-05-29,BM-09,마이크로바이옴/기능성소재,09-C 바이오소재·효소,BM-02,건기식·바이오소재,N,특이사항 없음(확인 범위 내),,,"맞춤형 효소, 마이크로바이옴 효소 제품, 다양한 산업용 효소 제품의 연구개발 및 공급을 주요 파이프라인으로 하고 있습니다.","다양한 맞춤형·산업용 효소 제품의 연구 및 상용화, 마이크로바이옴 기반 신제품 확장, 기술특허 및 효소반응기술의 고도화에 집중하고 있습니다.","F101 1차 대사산물 생산기술, G301 효소 반응공학기술 등이 적용되고 있습니다.",
051900,KR7051900009,356370,LG생활건강,,유가,2001-04-25,BM-09,마이크로바이옴/기능성소재,09-D 화장품·바이오뷰티,,화장품,N,특이사항 없음(확인 범위 내),,,"전통적 신약 임상 파이프라인보다는 화장품·피부과학 소재, 필러/스킨부스터, 제품 인허가·브랜드·매출 구성을 추적합니다.",의약품 임상 Phase 기반 기업이 아니므로 신약개발 Peer 비교에서 제외하고 바이오뷰티 섹터로 별도 관리합니다.,C900 바이오뷰티·피부과학소재,http://www.lghnh.com
086220,KR7086220001,523176,광동헬스바이오,,코넥스,2015-07-09,BM-09,마이크로바이옴/기능성소재,09-A 건강기능식품,,건기식·바이오소재,N,특이사항 없음(확인 범위 내),,,"전통적 신약 임상 파이프라인보다는 기능성 원료, 프로바이오틱스, 마이크로바이옴 소재, 제품 포트폴리오와 매출 구성을 추적합니다.",의약품 임상 Phase 기반 기업이 아니므로 신약개발 Peer 비교에서 제외하고 건기식/마이크로바이옴 섹터로 별도 관리합니다.,H304 프로바이오틱스·기능성소재,http://www.kdhealthbio.com
168330,KR7168330009,923792,내츄럴엔도텍,,코스닥,2013-10-31,BM-09,마이크로바이옴/기능성소재,09-A 건강기능식품,BM-02,건기식·바이오소재,N,투자주의환기종목,KRX 전종목 기본정보(2026-09-24) 소속부: 투자주의환기종목(소속부없음),주의: 투자주의환기종목 (2026-09-24 기준). KRX 전종목 기본정보(2026-09-24) 소속부: 투자주의환기종목(소속부없음),"백수오 복합추출물(여성 건강기능식품, 국내최초 생리활성 인증), 여성호르몬 건강기능식품, 식물추출 기반 건강소재 및 신제품군, 다양한 기능성 식품 및 헬스케어 제품 포트폴리오를 구축하고 있습니다.","주력 백수오·여성 건강기능식품은 임상 및 현장 적용, 다양한 임상데이터와 기능성 입증, 국내외 건강기능식품 인증·수출 확대, 신제품 라인업 확장과 신소재 개발, 기능성 식품 및 의약품 원료시장으로 사업범위 확장에 집중하고 있습니다.","H602 기능성 식품소재 생산기술, 3010 건강기능식품 등이 적용됩니다.",
092730,KR7092730001,551920,네오팜,,코스닥,2007-01-30,BM-09,마이크로바이옴/기능성소재,09-D 화장품·바이오뷰티,,화장품,N,특이사항 없음(확인 범위 내),,,,,,
317860,KR7317860005,1328170,노드메이슨,,코넥스,2019-12-06,BM-09,마이크로바이옴/기능성소재,09-D 화장품·바이오뷰티,,화장품,N,특이사항 없음(확인 범위 내),,,"전통적 신약 임상 파이프라인보다는 화장품·피부과학 소재, 필러/스킨부스터, 제품 인허가·브랜드·매출 구성을 추적합니다.",의약품 임상 Phase 기반 기업이 아니므로 신약개발 Peer 비교에서 제외하고 바이오뷰티 섹터로 별도 관리합니다.,C900 바이오뷰티·피부과학소재,http://www.huxley.co.kr
194700,KR7194700001,811372,노바렉스,,코스닥,2018-11-14,BM-09,마이크로바이옴/기능성소재,09-A 건강기능식품,,건기식·바이오소재,N,특이사항 없음(확인 범위 내),,,"전통적 신약 임상 파이프라인보다는 기능성 원료, 프로바이오틱스, 마이크로바이옴 소재, 제품 포트폴리오와 매출 구성을 추적합니다.",의약품 임상 Phase 기반 기업이 아니므로 신약개발 Peer 비교에서 제외하고 건기식/마이크로바이옴 섹터로 별도 관리합니다.,H304 프로바이오틱스·기능성소재,http://www.novarex.co.kr
123840,KR7123840001,809429,뉴온,,코스닥,2010-10-05,BM-09,마이크로바이옴/기능성소재,09-A 건강기능식품,,건기식·바이오소재,N,투자주의환기종목,KRX 전종목 기본정보(2026-09-24) 소속부: 투자주의환기종목(소속부없음),주의: 투자주의환기종목 (2026-09-24 기준). KRX 전종목 기본정보(2026-09-24) 소속부: 투자주의환기종목(소속부없음),"전통적 신약 임상 파이프라인보다는 기능성 원료, 프로바이오틱스, 마이크로바이옴 소재, 제품 포트폴리오와 매출 구성을 추적합니다.",의약품 임상 Phase 기반 기업이 아니므로 신약개발 Peer 비교에서 제외하고 건기식/마이크로바이옴 섹터로 별도 관리합니다.,H304 프로바이오틱스·기능성소재,http://www.vacuum-coater.com
270870,KR7270870009,1214248,뉴트리,,코스닥,2018-12-13,BM-09,마이크로바이옴/기능성소재,09-A 건강기능식품,,건기식·바이오소재,N,특이사항 없음(확인 범위 내),,,"전통적 신약 임상 파이프라인보다는 기능성 원료, 프로바이오틱스, 마이크로바이옴 소재, 제품 포트폴리오와 매출 구성을 추적합니다.",의약품 임상 Phase 기반 기업이 아니므로 신약개발 Peer 비교에서 제외하고 건기식/마이크로바이옴 섹터로 별도 관리합니다.,H304 프로바이오틱스·기능성소재,http://www.newtree.co.kr
483650,KR7483650008,1649204,달바글로벌,,유가,2025-05-22,BM-09,마이크로바이옴/기능성소재,09-D 화장품·바이오뷰티,,화장품,N,특이사항 없음(확인 범위 내),,,"전통적 신약 임상 파이프라인보다는 화장품·피부과학 소재, 필러/스킨부스터, 제품 인허가·브랜드·매출 구성을 추적합니다.",의약품 임상 Phase 기반 기업이 아니므로 신약개발 Peer 비교에서 제외하고 바이오뷰티 섹터로 별도 관리합니다.,C900 바이오뷰티·피부과학소재,http://dalbaglobal.com
178600,KR7178600003,910202,대동고려삼,,코넥스,2013-12-20,BM-09,마이크로바이옴/기능성소재,09-A 건강기능식품,,건기식·바이오소재,N,특이사항 없음(확인 범위 내),,,"전통적 신약 임상 파이프라인보다는 기능성 원료, 프로바이오틱스, 마이크로바이옴 소재, 제품 포트폴리오와 매출 구성을 추적합니다.",의약품 임상 Phase 기반 기업이 아니므로 신약개발 Peer 비교에서 제외하고 건기식/마이크로바이옴 섹터로 별도 관리합니다.,H304 프로바이오틱스·기능성소재,http://www.ddkorea.co.kr
078140,KR7078140001,442826,대봉엘에스,,코스닥,2005-12-23,BM-09,마이크로바이옴/기능성소재,09-D 화장품·바이오뷰티,BM-02,화장품,N,특이사항 없음(확인 범위 내),,,"의약품 원료(원료의약품, 합성·천연 소재), 화장품 원료(동물·식물 유래 신소재, 기능성 첨가제, 피부생리활성소재 등), 건강기능식품 원료(비타민, 항산화소재, 개별인정형 기능성소재 등)에 집중하여 기능성 신소재와 OEM/ODM까지 폭넓은 파이프라인을 확보하고 있습니다.","건강기능식품·화장품 신소재 다수 식약처 개별인정/기능성 인증 획득, 의약품 원료의 GMP/글로벌 품질 인증·주요 제약사 공급, 신신제품 효능평가·안전성 검증, 해외현지 시험생산·수출 확대, 기술특허와 상표권 등록도 활발히 진행 중입니다.","H602 기능성 식품소재 생산기술, 3010 건강기능식품, 2030 연구·실험용 효소 및 시약류 등이 적용됩니다.",
016100,KR7016100000,180263,리더스코스메틱,,코스닥,2003-01-15,BM-09,마이크로바이옴/기능성소재,09-D 화장품·바이오뷰티,,화장품,N,특이사항 없음(확인 범위 내),,,,,,
439090,KR7439090002,1136977,마녀공장,,코스닥,2023-06-08,BM-09,마이크로바이옴/기능성소재,09-D 화장품·바이오뷰티,,화장품,N,특이사항 없음(확인 범위 내),,,"전통적 신약 임상 파이프라인보다는 화장품·피부과학 소재, 필러/스킨부스터, 제품 인허가·브랜드·매출 구성을 추적합니다.",의약품 임상 Phase 기반 기업이 아니므로 신약개발 Peer 비교에서 제외하고 바이오뷰티 섹터로 별도 관리합니다.,C900 바이오뷰티·피부과학소재,http://www.manyo.co.kr
251120,KR7251120002,1160974,바이오에프디엔씨,,코스닥,2022-02-21,BM-09,마이크로바이옴/기능성소재,09-C 바이오소재·효소,,건기식·바이오소재,N,특이사항 없음(확인 범위 내),,,"식물세포 배양 기반 바이오소재를 활용하여 기능성 식품, 화장품, 의약품 원료 등 다양한 분야로 파이프라인을 확장하고 있습니다.","기능성 소재 개발 및 대량생산 기술력 확보로 다양한 건강기능식품 및 소재의 상용화와 관련 특허, 인증 확대에 힘쓰고 있습니다.","H602 기능성 식품소재 생산기술, H701 대사활성 증진 생물소재 스크리닝기술 등이 적용되고 있습니다.",
289170,KR7289170003,1352575,바이오텐,,코넥스,2023-10-13,BM-09,마이크로바이옴/기능성소재,09-A 건강기능식품,BM-07,건기식·바이오소재,N,특이사항 없음(확인 범위 내),,,전통적 신약 임상 파이프라인 추적 대상이 아닙니다. 관련 사업이 있더라도 사료·식품·소재·농생명 또는 화이트바이오 관점의 사업부문/매출 비중을 확인해야 합니다.,임상 Phase 1~3 기반 파이프라인 기업이 아니므로 신약개발 Peer 비교에서 제외합니다.,X900 인접산업·핵심Peer제외,http://www.bioten.co.kr
406820,KR7406820001,1147487,뷰티스킨,,코스닥,2023-07-24,BM-09,마이크로바이옴/기능성소재,09-D 화장품·바이오뷰티,,화장품,N,특이사항 없음(확인 범위 내),,,,,,
018290,KR7018290007,150165,브이티,,코스닥,1994-09-07,BM-09,마이크로바이옴/기능성소재,09-D 화장품·바이오뷰티,,화장품,N,특이사항 없음(확인 범위 내),,,,,,
065170,KR7065170003,384717,비엘팜텍,,코스닥,2002-11-19,BM-09,마이크로바이옴/기능성소재,09-A 건강기능식품,,건기식·바이오소재,N,투자주의환기종목,KRX 전종목 기본정보(2026-09-24) 소속부: 투자주의환기종목(소속부없음),주의: 투자주의환기종목 (2026-09-24 기준). KRX 전종목 기본정보(2026-09-24) 소속부: 투자주의환기종목(소속부없음),,,,
238200,KR7238200000,1109070,비피도,,코스닥,2018-12-26,BM-09,마이크로바이옴/기능성소재,09-B 마이크로바이옴·프로바이오틱스,,건기식·바이오소재,N,특이사항 없음(확인 범위 내),,,"전통적 신약 임상 파이프라인보다는 기능성 원료, 프로바이오틱스, 마이크로바이옴 소재, 제품 포트폴리오와 매출 구성을 추적합니다.",의약품 임상 Phase 기반 기업이 아니므로 신약개발 Peer 비교에서 제외하고 건기식/마이크로바이옴 섹터로 별도 관리합니다.,H304 프로바이오틱스·기능성소재,http://bifido.com
451250,KR7451250005,1283974,삐아,,코스닥,2024-04-25,BM-09,마이크로바이옴/기능성소재,09-D 화장품·바이오뷰티,,화장품,N,특이사항 없음(확인 범위 내),,,,,,
223310,KR7223310004,1075126,사토시홀딩스,,코스닥,2015-12-24,BM-09,마이크로바이옴/기능성소재,09-A 건강기능식품,,건기식·바이오소재,N,투자주의환기종목,"투자주의환기종목 지정(반기 검토의견 비적정, 2026-08-14)","주의: 투자주의환기종목 (2026-09-24 기준). 투자주의환기종목 지정(반기 검토의견 비적정, 2026-08-14)","KIND 주요제품 기준으로 건강기능식품 관련 기능성 소재·건기식·동물/농생명 바이오헬스 제품군을 보유한 기업입니다. 신약 파이프라인보다는 원료, 기능성, 인증, 유통채널, OEM/ODM 여부가 핵심 추적 항목입니다.","신약 임상단계 정보은 KIND 기준으로 확인되지 않았습니다. 건강기능식품·소재·동물헬스 유형은 개별인정형 원료, 기능성 평가, 제품 인증 및 사업보고서상 연구개발 항목 중심으로 추가 확인이 필요합니다.",H304 프로바이오틱·기능성소재 기술,http://satoshi.holdings
008490,KR7008490005,131692,서흥,,유가,1990-03-27,BM-09,마이크로바이옴/기능성소재,09-A 건강기능식품,,건기식·바이오소재,N,특이사항 없음(확인 범위 내),,,"전통적 신약 임상 파이프라인보다는 기능성 원료, 프로바이오틱스, 마이크로바이옴 소재, 제품 포트폴리오와 매출 구성을 추적합니다.",의약품 임상 Phase 기반 기업이 아니므로 신약개발 Peer 비교에서 제외하고 건기식/마이크로바이옴 섹터로 별도 관리합니다.,H304 프로바이오틱스·기능성소재,http://www.suheung.com
357550,KR7357550003,921916,석경에이티,,코스닥,2020-12-23,BM-09,마이크로바이옴/기능성소재,09-C 바이오소재·효소,,건기식·바이오소재,N,특이사항 없음(확인 범위 내),,,"KIND 주요제품 기준으로 바이오 및 전기전자 나노 소재 관련 기능성 소재·건기식·동물/농생명 바이오헬스 제품군을 보유한 기업입니다. 신약 파이프라인보다는 원료, 기능성, 인증, 유통채널, OEM/ODM 여부가 핵심 추적 항목입니다.","신약 임상단계 정보은 KIND 기준으로 확인되지 않았습니다. 건강기능식품·소재·동물헬스 유형은 개별인정형 원료, 기능성 평가, 제품 인증 및 사업보고서상 연구개발 항목 중심으로 추가 확인이 필요합니다.",H200 기능성소재·제형기술,http://www.sukgyung.com
086710,KR7086710001,132202,선진뷰티사이언스,,코스닥,2021-01-27,BM-09,마이크로바이옴/기능성소재,09-D 화장품·바이오뷰티,,화장품,N,특이사항 없음(확인 범위 내),,,"전통적 신약 임상 파이프라인보다는 화장품·피부과학 소재, 필러/스킨부스터, 제품 인허가·브랜드·매출 구성을 추적합니다.",의약품 임상 Phase 기반 기업이 아니므로 신약개발 Peer 비교에서 제외하고 바이오뷰티 섹터로 별도 관리합니다.,C900 바이오뷰티·피부과학소재,http://sunjinbs.co.kr
471820,KR7471820001,1448544,셀로맥스사이언스,,코스닥,2024-12-13,BM-09,마이크로바이옴/기능성소재,09-A 건강기능식품,,건기식·바이오소재,N,특이사항 없음(확인 범위 내),,,"전통적 신약 임상 파이프라인보다는 기능성 원료, 프로바이오틱스, 마이크로바이옴 소재, 제품 포트폴리오와 매출 구성을 추적합니다.",의약품 임상 Phase 기반 기업이 아니므로 신약개발 Peer 비교에서 제외하고 건기식/마이크로바이옴 섹터로 별도 관리합니다.,H304 프로바이오틱스·기능성소재,http://cellromax.kr/
318160,KR7318160009,1288410,셀바이오휴먼텍,,코스닥,2023-04-20,BM-09,마이크로바이옴/기능성소재,09-D 화장품·바이오뷰티,,화장품,N,특이사항 없음(확인 범위 내),,,"전통적 신약 임상 파이프라인보다는 화장품·피부과학 소재, 필러/스킨부스터, 제품 인허가·브랜드·매출 구성을 추적합니다.",의약품 임상 Phase 기반 기업이 아니므로 신약개발 Peer 비교에서 제외하고 바이오뷰티 섹터로 별도 관리합니다.,C900 바이오뷰티·피부과학소재,http://cellbiohumantech.co.kr/
257720,KR7257720003,982023,실리콘투,,코스닥,2021-09-29,BM-09,마이크로바이옴/기능성소재,09-D 화장품·바이오뷰티,,화장품,N,특이사항 없음(확인 범위 내),,,"화장품 유통를 중심으로 한 화장품·피부과학·기능성 소재 사업을 보유합니다. 신약 임상 파이프라인 기업으로 간주하지 않으며, 원료·소재·ODM/OEM·유통 경쟁력 중심으로 별도 섹터 평가가 필요합니다.","KIND 상장법인목록에서는 임상단계가 제공되지 않으며, 해당 기업은 기본적으로 신약 임상 단계 평가 대상이 아닙니다. 기능성 원료, 피부과학 소재, OEM/ODM 역량은 사업보고서와 회사 IR 기준으로 추가 검수해야 합니다.",Z999 기타·검수필요,http://www.siliconii.com
049960,KR7049960008,357430,쎌바이오텍,,코스닥,2002-12-13,BM-09,마이크로바이옴/기능성소재,09-B 마이크로바이옴·프로바이오틱스,BM-02,건기식·바이오소재,N,특이사항 없음(확인 범위 내),,,"유산균 원말 대량생산, 프로바이오틱스 건강기능식품(발효유, 캡슐·분말형 제품 등), 반려동물용 프로바이오틱스, OEM/ODM 사업, 다양한 유산균·기능성 소재 연구/식품·사료통합 파이프라인을 보유하고 있습니다.","주요 유산균 제품의 식약처 인정 개별인정형 기능성 인증, 다양한 유산균 혼합배합 및 효능 임상(내장, 면역, 어린이·반려동물용 등), 글로벌 특허·원료 인증 및 미국·유럽·중국 등 해외 시장 진출 확대, 신규 균주 개발 및 신제품 라인업 지속 확장.","H602 기능성 식품소재 생산기술, 3050 사료첨가제, 3010 건강기능식품 등이 적용되고 있습니다.",
352480,KR7352480008,1226410,씨앤씨인터내셔널,,코스닥,2021-05-17,BM-09,마이크로바이옴/기능성소재,09-D 화장품·바이오뷰티,,화장품,N,특이사항 없음(확인 범위 내),,,,,,
260930,KR7260930003,1144028,씨티케이,,코스닥,2017-12-07,BM-09,마이크로바이옴/기능성소재,09-D 화장품·바이오뷰티,,화장품,N,특이사항 없음(확인 범위 내),,,,,,
0015N0,KR70015N0000,1381805,아로마티카,,코스닥,2025-11-27,BM-09,마이크로바이옴/기능성소재,09-D 화장품·바이오뷰티,,화장품,N,특이사항 없음(확인 범위 내),,,"전통적 신약 임상 파이프라인보다는 화장품·피부과학 소재, 필러/스킨부스터, 제품 인허가·브랜드·매출 구성을 추적합니다.",의약품 임상 Phase 기반 기업이 아니므로 신약개발 Peer 비교에서 제외하고 바이오뷰티 섹터로 별도 관리합니다.,C900 바이오뷰티·피부과학소재,http://company.aromatica.co
090430,KR7090430000,583424,아모레퍼시픽,,유가,2006-06-29,BM-09,마이크로바이옴/기능성소재,09-D 화장품·바이오뷰티,,화장품,N,특이사항 없음(확인 범위 내),,,"전통적 신약 임상 파이프라인보다는 화장품·피부과학 소재, 필러/스킨부스터, 제품 인허가·브랜드·매출 구성을 추적합니다.",의약품 임상 Phase 기반 기업이 아니므로 신약개발 Peer 비교에서 제외하고 바이오뷰티 섹터로 별도 관리합니다.,C900 바이오뷰티·피부과학소재,http://www.apgroup.com
092040,KR7092040005,545734,아미코젠,,코스닥,2013-09-12,BM-09,마이크로바이옴/기능성소재,09-C 바이오소재·효소,,건기식·바이오소재,N,특이사항 없음(확인 범위 내),,,"KIND 주요제품 기준으로 제약용 특수효소 및 효소기반 바이오신소재 관련 기능성 소재·건기식·동물/농생명 바이오헬스 제품군을 보유한 기업입니다. 신약 파이프라인보다는 원료, 기능성, 인증, 유통채널, OEM/ODM 여부가 핵심 추적 항목입니다.","신약 임상단계 정보은 KIND 기준으로 확인되지 않았습니다. 건강기능식품·소재·동물헬스 유형은 개별인정형 원료, 기능성 평가, 제품 인증 및 사업보고서상 연구개발 항목 중심으로 추가 확인이 필요합니다.",H304 프로바이오틱·기능성소재 기술,http://www.amicogen.com
227610,KR7227610003,1080687,아우딘퓨쳐스,,코스닥,2017-07-12,BM-09,마이크로바이옴/기능성소재,09-D 화장품·바이오뷰티,,화장품,N,특이사항 없음(확인 범위 내),,,,,,
114840,KR7114840002,692254,아이패밀리에스씨,,코스닥,2021-10-28,BM-09,마이크로바이옴/기능성소재,09-D 화장품·바이오뷰티,,화장품,N,특이사항 없음(확인 범위 내),,,,,,
314140,KR7314140005,1182259,알피바이오,,코스닥,2022-09-29,BM-09,마이크로바이옴/기능성소재,09-A 건강기능식품,BM-02,건기식·바이오소재,N,특이사항 없음(확인 범위 내),,,"연질캡슐 제형 의약품, 건강기능식품 원료와 첨가제, 기능성 식품소재 등 다양한 연질형 캡슐 제품과 건강식품 원료를 연구, 생산하고 있습니다.","건강기능식품 및 의약 연질캡슐 제품의 제조·상용화, 새로운 기능성 원료 및 첨가제 개발 역량을 갖추고 국내외 인증 및 특허도 지속 확대하고 있습니다.",H602 기능성 식품소재 생산기술 등이 주로 적용되고 있습니다.,
217480,KR7217480003,1099667,에스디생명공학,,코스닥,2017-03-02,BM-09,마이크로바이옴/기능성소재,09-D 화장품·바이오뷰티,,화장품,N,투자주의환기종목,KRX 전종목 기본정보(2026-09-24) 소속부: 투자주의환기종목(소속부없음),주의: 투자주의환기종목 (2026-09-24 기준). KRX 전종목 기본정보(2026-09-24) 소속부: 투자주의환기종목(소속부없음),"전통적 신약 임상 파이프라인보다는 화장품·피부과학 소재, 필러/스킨부스터, 제품 인허가·브랜드·매출 구성을 추적합니다.",의약품 임상 Phase 기반 기업이 아니므로 신약개발 Peer 비교에서 제외하고 바이오뷰티 섹터로 별도 관리합니다.,C900 바이오뷰티·피부과학소재,http://sdbiotech.co.kr
270210,KR7270210008,1187458,에스알바이오텍,,코넥스,2017-06-15,BM-09,마이크로바이옴/기능성소재,09-D 화장품·바이오뷰티,,화장품,N,특이사항 없음(확인 범위 내),,,"전통적 신약 임상 파이프라인보다는 화장품·피부과학 소재, 필러/스킨부스터, 제품 인허가·브랜드·매출 구성을 추적합니다.",의약품 임상 Phase 기반 기업이 아니므로 신약개발 Peer 비교에서 제외하고 바이오뷰티 섹터로 별도 관리합니다.,C900 바이오뷰티·피부과학소재,
260970,KR7260970009,560849,에스앤디,,코스닥,2021-09-29,BM-09,마이크로바이옴/기능성소재,09-C 바이오소재·효소,,건기식·바이오소재,N,특이사항 없음(확인 범위 내),,,"전통적 신약 임상 파이프라인보다는 기능성 원료, 프로바이오틱스, 마이크로바이옴 소재, 제품 포트폴리오와 매출 구성을 추적합니다.",의약품 임상 Phase 기반 기업이 아니므로 신약개발 Peer 비교에서 제외하고 건기식/마이크로바이옴 섹터로 별도 관리합니다.,H304 프로바이오틱스·기능성소재,http://www.isnd.co.kr
460870,KR7460870009,1142260,에스엠씨지,,코스닥,2025-03-07,BM-09,마이크로바이옴/기능성소재,09-D 화장품·바이오뷰티,,화장품,N,특이사항 없음(확인 범위 내),,,,,,
078520,KR7078520004,400857,에이블씨엔씨,,유가,2011-09-07,BM-09,마이크로바이옴/기능성소재,09-D 화장품·바이오뷰티,,화장품,N,특이사항 없음(확인 범위 내),,,,,,
239610,KR7239610009,1011438,에이치엘사이언스,,코스닥,2016-10-28,BM-09,마이크로바이옴/기능성소재,09-A 건강기능식품,,건기식·바이오소재,N,특이사항 없음(확인 범위 내),,,"전통적 신약 임상 파이프라인보다는 기능성 원료, 프로바이오틱스, 마이크로바이옴 소재, 제품 포트폴리오와 매출 구성을 추적합니다.",의약품 임상 Phase 기반 기업이 아니므로 신약개발 Peer 비교에서 제외하고 건기식/마이크로바이옴 섹터로 별도 관리합니다.,H304 프로바이오틱스·기능성소재,http://www.hlscience.com
357230,KR7357230002,1068737,에이치피오,,코스닥,2021-05-14,BM-09,마이크로바이옴/기능성소재,09-A 건강기능식품,,건기식·바이오소재,N,특이사항 없음(확인 범위 내),,,"전통적 신약 임상 파이프라인보다는 기능성 원료, 프로바이오틱스, 마이크로바이옴 소재, 제품 포트폴리오와 매출 구성을 추적합니다.",의약품 임상 Phase 기반 기업이 아니므로 신약개발 Peer 비교에서 제외하고 건기식/마이크로바이옴 섹터로 별도 관리합니다.,H304 프로바이오틱스·기능성소재,http://denps.com/kor/
278470,KR7278470000,1190568,에이피알,,유가,2024-02-27,BM-09,마이크로바이옴/기능성소재,09-D 화장품·바이오뷰티,,화장품,N,특이사항 없음(확인 범위 내),,,"전통적 신약 임상 파이프라인보다는 화장품·피부과학 소재, 필러/스킨부스터, 제품 인허가·브랜드·매출 구성을 추적합니다.",의약품 임상 Phase 기반 기업이 아니므로 신약개발 Peer 비교에서 제외하고 바이오뷰티 섹터로 별도 관리합니다.,C900 바이오뷰티·피부과학소재,http://apr-in.com
159910,KR7159910009,896753,에코글로우,,코스닥,2012-12-27,BM-09,마이크로바이옴/기능성소재,09-D 화장품·바이오뷰티,,화장품,N,특이사항 없음(확인 범위 내),,,,,,
265740,KR7265740001,1217829,엔에프씨,,코스닥,2020-12-02,BM-09,마이크로바이옴/기능성소재,09-D 화장품·바이오뷰티,,화장품,N,특이사항 없음(확인 범위 내),,,"전통적 신약 임상 파이프라인보다는 화장품·피부과학 소재, 필러/스킨부스터, 제품 인허가·브랜드·매출 구성을 추적합니다.",의약품 임상 Phase 기반 기업이 아니므로 신약개발 Peer 비교에서 제외하고 바이오뷰티 섹터로 별도 관리합니다.,C900 바이오뷰티·피부과학소재,http://nfccosmetics.co.kr
900300,HK0000312568,1169434,오가닉티코스메틱,,코스닥,2016-11-04,BM-09,마이크로바이옴/기능성소재,09-D 화장품·바이오뷰티,,화장품,N,특이사항 없음(확인 범위 내),,,"전통적 신약 임상 파이프라인보다는 화장품·피부과학 소재, 필러/스킨부스터, 제품 인허가·브랜드·매출 구성을 추적합니다.",의약품 임상 Phase 기반 기업이 아니므로 신약개발 Peer 비교에서 제외하고 바이오뷰티 섹터로 별도 관리합니다.,C900 바이오뷰티·피부과학소재,
082850,KR7082850009,369107,우리바이오,,코스닥,2005-07-29,BM-09,마이크로바이옴/기능성소재,09-A 건강기능식품,,건기식·바이오소재,N,특이사항 없음(확인 범위 내),,,"전통적 신약 임상 파이프라인보다는 기능성 원료, 프로바이오틱스, 마이크로바이옴 소재, 제품 포트폴리오와 매출 구성을 추적합니다.",의약품 임상 Phase 기반 기업이 아니므로 신약개발 Peer 비교에서 제외하고 건기식/마이크로바이옴 섹터로 별도 관리합니다.,H304 프로바이오틱스·기능성소재,http://www.wooreebio.co.kr/
344860,KR7344860002,1419135,이노진,,코스닥,2023-02-20,BM-09,마이크로바이옴/기능성소재,09-D 화장품·바이오뷰티,,화장품,N,특이사항 없음(확인 범위 내),,,,,,
950140,KR8840110108,1165739,잉글우드랩,,코스닥,2016-10-14,BM-09,마이크로바이옴/기능성소재,09-D 화장품·바이오뷰티,,화장품,N,특이사항 없음(확인 범위 내),,,"전통적 신약 임상 파이프라인보다는 화장품·피부과학 소재, 필러/스킨부스터, 제품 인허가·브랜드·매출 구성을 추적합니다.",의약품 임상 Phase 기반 기업이 아니므로 신약개발 Peer 비교에서 제외하고 바이오뷰티 섹터로 별도 관리합니다.,C900 바이오뷰티·피부과학소재,http://www.englewoodlab.com
123330,KR7123330003,624998,제닉,,코스닥,2011-08-03,BM-09,마이크로바이옴/기능성소재,09-D 화장품·바이오뷰티,,화장품,N,특이사항 없음(확인 범위 내),,,"전통적 신약 임상 파이프라인보다는 화장품·피부과학 소재, 필러/스킨부스터, 제품 인허가·브랜드·매출 구성을 추적합니다.",의약품 임상 Phase 기반 기업이 아니므로 신약개발 Peer 비교에서 제외하고 바이오뷰티 섹터로 별도 관리합니다.,C900 바이오뷰티·피부과학소재,http://genic21.com
420570,KR7420570004,1553129,제이투케이바이오,,코스닥,2024-03-25,BM-09,마이크로바이옴/기능성소재,09-D 화장품·바이오뷰티,,화장품,N,특이사항 없음(확인 범위 내),,,"전통적 신약 임상 파이프라인보다는 화장품·피부과학 소재, 필러/스킨부스터, 제품 인허가·브랜드·매출 구성을 추적합니다.",의약품 임상 Phase 기반 기업이 아니므로 신약개발 Peer 비교에서 제외하고 바이오뷰티 섹터로 별도 관리합니다.,C900 바이오뷰티·피부과학소재,http://www.j2kbio.com
388610,KR7388610008,1221752,지에프씨생명과학,,코스닥,2025-06-30,BM-09,마이크로바이옴/기능성소재,09-D 화장품·바이오뷰티,,화장품,N,특이사항 없음(확인 범위 내),,,"전통적 신약 임상 파이프라인보다는 화장품·피부과학 소재, 필러/스킨부스터, 제품 인허가·브랜드·매출 구성을 추적합니다.",의약품 임상 Phase 기반 기업이 아니므로 신약개발 Peer 비교에서 제외하고 바이오뷰티 섹터로 별도 관리합니다.,C900 바이오뷰티·피부과학소재,http://www.gfcos.co.kr/
250030,KR7250030004,1158632,진코스텍,,코넥스,2019-11-29,BM-09,마이크로바이옴/기능성소재,09-D 화장품·바이오뷰티,,화장품,N,특이사항 없음(확인 범위 내),,,"전통적 신약 임상 파이프라인보다는 화장품·피부과학 소재, 필러/스킨부스터, 제품 인허가·브랜드·매출 구성을 추적합니다.",의약품 임상 Phase 기반 기업이 아니므로 신약개발 Peer 비교에서 제외하고 바이오뷰티 섹터로 별도 관리합니다.,C900 바이오뷰티·피부과학소재,http://www.jincostech.com
233990,KR7233990001,1063556,질경이,,코넥스,2015-12-29,BM-09,마이크로바이옴/기능성소재,09-D 화장품·바이오뷰티,BM-02,화장품,N,특이사항 없음(확인 범위 내),,,"KIND 주요제품 기준으로 여성청결제 및 질염치료제 개발 관련 기능성 소재·건기식·동물/농생명 바이오헬스 제품군을 보유한 기업입니다. 신약 파이프라인보다는 원료, 기능성, 인증, 유통채널, OEM/ODM 여부가 핵심 추적 항목입니다.","신약 임상단계 정보은 KIND 기준으로 확인되지 않았습니다. 건강기능식품·소재·동물헬스 유형은 개별인정형 원료, 기능성 평가, 제품 인증 및 사업보고서상 연구개발 항목 중심으로 추가 확인이 필요합니다.",H200 기능성소재·제형기술,http://www.jilgyungyi.com
025620,KR7025620006,136776,차AI헬스케어,,유가,1995-07-08,BM-09,마이크로바이옴/기능성소재,09-D 화장품·바이오뷰티,,화장품,N,특이사항 없음(확인 범위 내),,,,,,
362320,KR7362320004,1534577,청담글로벌,,코스닥,2022-06-03,BM-09,마이크로바이옴/기능성소재,09-D 화장품·바이오뷰티,,화장품,N,특이사항 없음(확인 범위 내),,,"전통적 신약 임상 파이프라인보다는 화장품·피부과학 소재, 필러/스킨부스터, 제품 인허가·브랜드·매출 구성을 추적합니다.",의약품 임상 Phase 기반 기업이 아니므로 신약개발 Peer 비교에서 제외하고 바이오뷰티 섹터로 별도 관리합니다.,C900 바이오뷰티·피부과학소재,http://www.chungdamgroup.com/
900310,HK0000341732,1236286,컬러레이,,코스닥,2017-08-10,BM-09,마이크로바이옴/기능성소재,09-D 화장품·바이오뷰티,,화장품,N,특이사항 없음(확인 범위 내),,,,,,
214370,KR7214370009,549891,케어젠,,코스닥,2015-11-17,BM-09,마이크로바이옴/기능성소재,09-D 화장품·바이오뷰티,BM-01,화장품,N,특이사항 없음(확인 범위 내),,,"성장인자, 바이오미메틱 펩타이드, 기능성 코스메슈티컬 등 미용 및 의약 응용 바이오소재 개발에 집중하고 있습니다.","펩타이드 및 성장인자 기반 소재와 제품의 임상 연구, 상용화 진행, 관련 신기술 특허 및 국내외 인증 획득과 고부가가치 제품 라인업 확대에 주력 중입니다.","B404 활성 펩타이드 이용기술, D301 신규 생체재료 개발기술 등이 적용되고 있습니다.",
225430,KR7225430008,1095704,케이엠제약,,코스닥,2015-10-08,BM-09,마이크로바이옴/기능성소재,09-D 화장품·바이오뷰티,,화장품,N,관리종목,KRX 전종목 기본정보(2026-09-24) 소속부: 관리종목(소속부없음),주의: 관리종목 (2026-09-24 기준). KRX 전종목 기본정보(2026-09-24) 소속부: 관리종목(소속부없음),"전통적 신약 임상 파이프라인보다는 기능성 원료, 프로바이오틱스, 마이크로바이옴 소재, 제품 포트폴리오와 매출 구성을 추적합니다.",의약품 임상 Phase 기반 기업이 아니므로 신약개발 Peer 비교에서 제외하고 건기식/마이크로바이옴 섹터로 별도 관리합니다.,H304 프로바이오틱스·기능성소재,http://kmkmp.com
080530,KR7080530009,308559,코디,,코스닥,2010-01-05,BM-09,마이크로바이옴/기능성소재,09-D 화장품·바이오뷰티,,화장품,N,특이사항 없음(확인 범위 내),,,,,,
027050,KR7027050004,152589,코리아나,,코스닥,1999-12-10,BM-09,마이크로바이옴/기능성소재,09-D 화장품·바이오뷰티,,화장품,N,특이사항 없음(확인 범위 내),,,"전통적 신약 임상 파이프라인보다는 화장품·피부과학 소재, 필러/스킨부스터, 제품 인허가·브랜드·매출 구성을 추적합니다.",의약품 임상 Phase 기반 기업이 아니므로 신약개발 Peer 비교에서 제외하고 바이오뷰티 섹터로 별도 관리합니다.,C900 바이오뷰티·피부과학소재,http://www.coreana.co.kr
192820,KR7192820009,1009789,코스맥스,,유가,2014-04-07,BM-09,마이크로바이옴/기능성소재,09-D 화장품·바이오뷰티,,화장품,N,특이사항 없음(확인 범위 내),,,"전통적 신약 임상 파이프라인보다는 화장품·피부과학 소재, 필러/스킨부스터, 제품 인허가·브랜드·매출 구성을 추적합니다.",의약품 임상 Phase 기반 기업이 아니므로 신약개발 Peer 비교에서 제외하고 바이오뷰티 섹터로 별도 관리합니다.,C900 바이오뷰티·피부과학소재,http://www.cosmax.com
222040,KR7222040008,656289,코스맥스엔비티,,코스닥,2015-12-16,BM-09,마이크로바이옴/기능성소재,09-A 건강기능식품,,건기식·바이오소재,N,특이사항 없음(확인 범위 내),,,"전통적 신약 임상 파이프라인보다는 기능성 원료, 프로바이오틱스, 마이크로바이옴 소재, 제품 포트폴리오와 매출 구성을 추적합니다.",의약품 임상 Phase 기반 기업이 아니므로 신약개발 Peer 비교에서 제외하고 건기식/마이크로바이옴 섹터로 별도 관리합니다.,H304 프로바이오틱스·기능성소재,http://www.cosmaxnbt.com
241710,KR7241710003,763473,코스메카코리아,,코스닥,2016-10-28,BM-09,마이크로바이옴/기능성소재,09-D 화장품·바이오뷰티,,화장품,N,특이사항 없음(확인 범위 내),,,"전통적 신약 임상 파이프라인보다는 화장품·피부과학 소재, 필러/스킨부스터, 제품 인허가·브랜드·매출 구성을 추적합니다.",의약품 임상 Phase 기반 기업이 아니므로 신약개발 Peer 비교에서 제외하고 바이오뷰티 섹터로 별도 관리합니다.,C900 바이오뷰티·피부과학소재,http://www.cosmecca.com
200130,KR7200130003,1032404,콜마비앤에이치,,코스닥,2014-07-23,BM-09,마이크로바이옴/기능성소재,09-A 건강기능식품,,건기식·바이오소재,N,특이사항 없음(확인 범위 내),,,"건강기능식품, 기능성 식품원료, 프로바이오틱스 등 다양한 건강기능식품과 바이오헬스케어 소재 개발 및 생산 파이프라인을 보유하고 있습니다.","다양한 건강기능식품과 기능성 소재의 개발, 생산, 상용화를 추진하며, ODM/OEM 중심의 헬스케어 제품 신기술 및 인증을 지속적으로 확대 중입니다.",H602 기능성 식품소재 생산기술 등이 적용되고 있습니다.,
237880,KR7237880000,957735,클리오,,코스닥,2016-11-09,BM-09,마이크로바이옴/기능성소재,09-D 화장품·바이오뷰티,,화장품,N,특이사항 없음(확인 범위 내),,,,,,
318010,KR7318010006,986898,팜스빌,,코스닥,2019-10-22,BM-09,마이크로바이옴/기능성소재,09-A 건강기능식품,,건기식·바이오소재,N,특이사항 없음(확인 범위 내),,,,,,
251970,KR7251970000,761059,펌텍코리아,,코스닥,2019-07-04,BM-09,마이크로바이옴/기능성소재,09-D 화장품·바이오뷰티,,화장품,N,특이사항 없음(확인 범위 내),,,"전통적 신약 임상 파이프라인보다는 화장품·피부과학 소재, 필러/스킨부스터, 제품 인허가·브랜드·매출 구성을 추적합니다.",의약품 임상 Phase 기반 기업이 아니므로 신약개발 Peer 비교에서 제외하고 바이오뷰티 섹터로 별도 관리합니다.,C900 바이오뷰티·피부과학소재,http://www.pum-tech.co.kr
377220,KR7377220009,1217865,프롬바이오,,코스닥,2021-09-28,BM-09,마이크로바이옴/기능성소재,09-A 건강기능식품,,건기식·바이오소재,N,관리종목,"관리종목 지정(시가총액 미달, 2026-09-23 공시)","주의: 관리종목 (2026-09-24 기준). 관리종목 지정(시가총액 미달, 2026-09-23 공시)","전통적 신약 임상 파이프라인보다는 기능성 원료, 프로바이오틱스, 마이크로바이옴 소재, 제품 포트폴리오와 매출 구성을 추적합니다.",의약품 임상 Phase 기반 기업이 아니므로 신약개발 Peer 비교에서 제외하고 건기식/마이크로바이옴 섹터로 별도 관리합니다.,H304 프로바이오틱스·기능성소재,http://frombio-company.co.kr
161890,KR7161890009,939331,한국콜마,,유가,2012-10-19,BM-09,마이크로바이옴/기능성소재,09-D 화장품·바이오뷰티,BM-02,화장품,N,특이사항 없음(확인 범위 내),,,"KIND 주요제품 기준으로 화장품, 의약품를 중심으로 한 의약품·바이오헬스 제품/개발 후보군을 보유한 것으로 분류됩니다. 개별 후보물질명, 적응증, 임상단계는 DART 사업보고서 및 회사 IR 자료를 통한 2차 검수가 필요합니다.","상장법인목록에서는 임상단계가 별도 제공되지 않으므로, 현재는 '화장품, 의약품' 관련 사업·제품 보유 기업으로 1차 태깅했습니다. 임상 파이프라인 여부는 DART 연구개발활동, 임상시험정보, 회사 공시 기준으로 추가 구조화가 필요합니다.",F103 생산기술·제형기술,http://https://www.kolmar.co.kr/
123690,KR7123690000,823429,한국화장품,,유가,2010-06-01,BM-09,마이크로바이옴/기능성소재,09-D 화장품·바이오뷰티,,화장품,N,특이사항 없음(확인 범위 내),,,"전통적 신약 임상 파이프라인보다는 화장품·피부과학 소재, 필러/스킨부스터, 제품 인허가·브랜드·매출 구성을 추적합니다.",의약품 임상 Phase 기반 기업이 아니므로 신약개발 Peer 비교에서 제외하고 바이오뷰티 섹터로 별도 관리합니다.,C900 바이오뷰티·피부과학소재,http://www.ihkcos.co.kr
003350,KR7003350006,160621,한국화장품제조,,유가,1978-02-06,BM-09,마이크로바이옴/기능성소재,09-D 화장품·바이오뷰티,,화장품,N,특이사항 없음(확인 범위 내),,,"전통적 신약 임상 파이프라인보다는 화장품·피부과학 소재, 필러/스킨부스터, 제품 인허가·브랜드·매출 구성을 추적합니다.",의약품 임상 Phase 기반 기업이 아니므로 신약개발 Peer 비교에서 제외하고 바이오뷰티 섹터로 별도 관리합니다.,C900 바이오뷰티·피부과학소재,http://www.hkcosm.com
052260,KR7052260007,347062,현대바이오랜드,,코스닥,2001-05-17,BM-09,마이크로바이옴/기능성소재,09-C 바이오소재·효소,,화장품,N,특이사항 없음(확인 범위 내),,,"전통적 신약 임상 파이프라인보다는 화장품·피부과학 소재, 필러/스킨부스터, 제품 인허가·브랜드·매출 구성을 추적합니다.",의약품 임상 Phase 기반 기업이 아니므로 신약개발 Peer 비교에서 제외하고 바이오뷰티 섹터로 별도 관리합니다.,C900 바이오뷰티·피부과학소재,http://www.hyundaibioland.co.kr
096760,KR7096760004,632304,JW홀딩스,,유가,2007-07-31,BM-10,지주사/홀딩스,,BM-02,지주사,N,특이사항 없음(확인 범위 내),,,"KIND 주요제품 기준으로 의약품 수출입업를 중심으로 한 의약품·바이오헬스 제품/개발 후보군을 보유한 것으로 분류됩니다. 개별 후보물질명, 적응증, 임상단계는 DART 사업보고서 및 회사 IR 자료를 통한 2차 검수가 필요합니다.","상장법인목록에서는 임상단계가 별도 제공되지 않으므로, 현재는 '의약품 수출입업' 관련 사업·제품 보유 기업으로 1차 태깅했습니다. 임상 파이프라인 여부는 DART 연구개발활동, 임상시험정보, 회사 공시 기준으로 추가 구조화가 필요합니다.",F103 생산기술·제형기술,http://jw-holdings.co.kr
005250,KR7005250006,108135,녹십자홀딩스,,유가,1978-08-28,BM-10,지주사/홀딩스,,BM-02,지주사,N,특이사항 없음(확인 범위 내),,,,,,
003090,KR7003090008,111810,대웅,,유가,1973-06-26,BM-10,지주사/홀딩스,,BM-02,지주사,N,특이사항 없음(확인 범위 내),,,,,,
000640,KR7000640003,116824,동아쏘시오홀딩스,,유가,1970-02-10,BM-10,지주사/홀딩스,,BM-02,지주사,N,특이사항 없음(확인 범위 내),,,"KIND 주요제품 기준으로 의약품(피로회복제/박카스,병원용의약품),비의약품(의료기기,염모제,가글제) 제조,도소매/화장품 생산 중심의 의료기기·디지털헬스 솔루션을 보유한 기업입니다. 신약 임상 파이프라인보다는 제품 허가, 인증, 병원 도입, 소프트웨어/기기 고도화 현황을 추적하는 유형입니다.","의료기기/디지털헬스 기업으로, 전통적 Phase 1~3 임상단계보다는 식약처/해외 인허가, 제품 인증, 임상적 성능평가, 병원 레퍼런스 확인이 필요합니다.",K400 의료기기·진단기술,http://www.donga.co.kr
002790,KR7002790004,154462,아모레퍼시픽홀딩스,,유가,1973-04-30,BM-10,지주사/홀딩스,,BM-09,지주사,N,특이사항 없음(확인 범위 내),,,,,,
035810,KR7035810001,242378,이지홀딩스,,코스닥,1999-11-23,BM-10,지주사/홀딩스,,BM-07,지주사,N,특이사항 없음(확인 범위 내),,,신약·임상 파이프라인 없음. 사료·사료첨가제·식품/소재 사업 중심으로 별도 섹터 관리.,제약 임상단계 해당 없음.,G301 농생명/사료바이오,http://www.easyholdings.co.kr
000230,KR7000230003,146083,일동홀딩스,,유가,1975-06-28,BM-10,지주사/홀딩스,,BM-02,지주사,N,특이사항 없음(확인 범위 내),,,,,,
002620,KR7002620003,148443,제일파마홀딩스,,유가,1988-01-20,BM-10,지주사/홀딩스,,BM-02,지주사,N,특이사항 없음(확인 범위 내),,,,,,
001630,KR7001630003,149354,종근당홀딩스,,유가,1976-06-30,BM-10,지주사/홀딩스,,BM-02,지주사,N,특이사항 없음(확인 범위 내),,,,,,
221800,KR7221800006,1026616,지구홀딩스,유투바이오,코스닥,2023-11-02,BM-10,지주사/홀딩스,,BM-05,지주사,N,투자주의환기종목,KRX 전종목 기본정보(2026-09-24) 소속부: 투자주의환기종목(소속부없음),주의: 투자주의환기종목 (2026-09-24 기준). KRX 전종목 기본정보(2026-09-24) 소속부: 투자주의환기종목(소속부없음),"체외진단 검사 서비스(진단검사, 임상검사 등), 바이오데이터 기반의 병원·클리닉 의료IT 시스템(EMR/LIS/PACS 등), 데이터 연동 통합 진단 서비스 등 다양한 헬스케어 진단 및 분석 제품을 개발·운영하고 있습니다.","주요 체외진단 서비스, 의료IT솔루션은 병의원 및 임상 현장에서 실사용, CE·KFDA 등 인증 취득, 맞춤형 진단·IT연동 확대, 신제품 클라우드·AI 진단 시스템 개발, 맞춤 분야별 헬스케어 솔루션 글로벌 사업 확장에 힘쓰고 있습니다.","K301 DNA칩 제작 및 활용기술, 8000 기타 바이오서비스 등이 적용됩니다.",홈페이지 재확인 필요: zgoo.xyz와 의료IT/체외진단 사업 정합성 검토
044820,KR7044820009,219574,코스맥스비티아이,,유가,2006-11-13,BM-10,지주사/홀딩스,,BM-09,지주사,N,특이사항 없음(확인 범위 내),,,"KIND 주요제품 기준으로 화장품,의약부외품 제조,도매를 중심으로 한 의약품·바이오헬스 제품/개발 후보군을 보유한 것으로 분류됩니다. 개별 후보물질명, 적응증, 임상단계는 DART 사업보고서 및 회사 IR 자료를 통한 2차 검수가 필요합니다.","상장법인목록에서는 임상단계가 별도 제공되지 않으므로, 현재는 '화장품,의약부외품 제조,도매' 관련 사업·제품 보유 기업으로 1차 태깅했습니다. 임상 파이프라인 여부는 DART 연구개발활동, 임상시험정보, 회사 공시 기준으로 추가 구조화가 필요합니다.",L100 연구장비·유통서비스,http://www.cosmax.com
024720,KR7024720005,203290,콜마홀딩스,,유가,2002-04-09,BM-10,지주사/홀딩스,,BM-09,지주사,N,특이사항 없음(확인 범위 내),,,,,,
008930,KR7008930000,161426,한미사이언스,,유가,1988-06-20,BM-10,지주사/홀딩스,,BM-02,지주사,N,특이사항 없음(확인 범위 내),,,"KIND 주요제품 기준으로 항생제(세포탁심,세포트리악손),유산균정장제(메디락비타,메디락베베),위장관운동조절개선제(설프라이드),고혈압치료제(유니바스크),원료의약품,식품 제조,판매를 중심으로 한 의약품·바이오헬스 제품/개발 후보군을 보유한 것으로 분류됩니다. 개별 후보물질명, 적응증, 임상단계는 DART 사업보고서 및 회사 IR 자료를 통한 2차 검수가 필요합니다.","상장법인목록에서는 임상단계가 별도 제공되지 않으므로, 현재는 '항생제(세포탁심,세포트리악손),유산균정장제(메디락비타,메디락베베),위장관운동조절개선제(설프라이드),고혈압치료제(유니바스크),원료의약품,식품 제조,판매' 관련 사업·제품 보유 기업으로 1차 태깅했습니다. 임상 파이프라인 여부는 DART 연구개발활동, 임상시험정보, 회사 공시 기준으로 추가 구조화가 필요합니다.",F103 생산기술·제형기술,http://www.hanmiscience.co.kr
084110,KR7084110006,228059,휴온스글로벌,,코스닥,2006-12-19,BM-10,지주사/홀딩스,,BM-02,지주사,N,특이사항 없음(확인 범위 내),,,,,,
097950,KR7097950000,635134,CJ제일제당,,유가,2007-09-28,BM-99,제약바이오 BM 미해당/제외·보류,,,제외(제약바이오 BM 미해당),N,특이사항 없음(확인 범위 내),,,전통적 신약 임상 파이프라인 추적 대상이 아닙니다. 관련 사업이 있더라도 사료·식품·소재·농생명 또는 화이트바이오 관점의 사업부문/매출 비중을 확인해야 합니다.,임상 Phase 1~3 기반 파이프라인 기업이 아니므로 신약개발 Peer 비교에서 제외합니다.,X900 인접산업·핵심Peer제외,http://www.cj.co.kr
017860,KR7017860008,108612,DS단석,,유가,2023-12-22,BM-99,제약바이오 BM 미해당/제외·보류,,,제외(제약바이오 BM 미해당),N,특이사항 없음(확인 범위 내),,,전통적 신약 임상 파이프라인 추적 대상이 아닙니다. 관련 사업이 있더라도 사료·식품·소재·농생명 또는 화이트바이오 관점의 사업부문/매출 비중을 확인해야 합니다.,임상 Phase 1~3 기반 파이프라인 기업이 아니므로 신약개발 Peer 비교에서 제외합니다.,X900 인접산업·핵심Peer제외,http://dsdansuk.com
054050,KR7054050000,176835,NH농우바이오,,코스닥,2002-04-02,BM-99,제약바이오 BM 미해당/제외·보류,,,제외(제약바이오 BM 미해당),N,특이사항 없음(확인 범위 내),,,전통적 신약 임상 파이프라인 추적 대상이 아닙니다. 관련 사업이 있더라도 사료·식품·소재·농생명 또는 화이트바이오 관점의 사업부문/매출 비중을 확인해야 합니다.,임상 Phase 1~3 기반 파이프라인 기업이 아니므로 신약개발 Peer 비교에서 제외합니다.,X900 인접산업·핵심Peer제외,http://www.nongwoobio.co.kr
003080,KR7003080009,132725,SB성보,,유가,1976-12-23,BM-99,제약바이오 BM 미해당/제외·보류,,,제외(제약바이오 BM 미해당),N,특이사항 없음(확인 범위 내),,,"KIND 주요제품 기준으로 완제농약(해비치과립,카스텔란),원제농약(슈퍼유나니,다이아톤) 제조,도매를 중심으로 한 의약품·바이오헬스 제품/개발 후보군을 보유한 것으로 분류됩니다. 개별 후보물질명, 적응증, 임상단계는 DART 사업보고서 및 회사 IR 자료를 통한 2차 검수가 필요합니다.","상장법인목록에서는 임상단계가 별도 제공되지 않으므로, 현재는 '완제농약(해비치과립,카스텔란),원제농약(슈퍼유나니,다이아톤) 제조,도매' 관련 사업·제품 보유 기업으로 1차 태깅했습니다. 임상 파이프라인 여부는 DART 연구개발활동, 임상시험정보, 회사 공시 기준으로 추가 구조화가 필요합니다.",L100 연구장비·유통서비스,http://www.sbcc.kr
285130,KR7285130001,1267170,SK케미칼,,유가,2018-01-05,BM-99,제약바이오 BM 미해당/제외·보류,,,제외(제약바이오 BM 미해당),N,특이사항 없음(확인 범위 내),,,"KIND 주요제품 기준으로 PETG 수지, PET 수지, 바이오디젤, 백신 관련 바이오헬스 인접 제품/서비스를 보유한 후보입니다. BUYO 485개 universe를 맞추기 위한 러프 포함 후보로, 실제 제약·바이오 직접성은 추가 검수 필요합니다.","KIND 기준 임상·파이프라인 정보는 확인되지 않았습니다. 포함 여부는 사업보고서의 사업부문, 주요제품, R&D 현황을 확인한 뒤 확정하는 것이 적절합니다.",Z999 기타·검수필요,http://www.skchemicals.com
195990,KR7195990007,620558,루트K,에이비프로바이오,코스닥,2015-04-13,BM-99,제약바이오 BM 미해당/제외·보류,,,제외(제약바이오 BM 미해당),N,관리종목,KRX 전종목 기본정보(2026-09-24) 소속부: 관리종목(소속부없음),주의: 관리종목 (2026-09-24 기준). KRX 전종목 기본정보(2026-09-24) 소속부: 관리종목(소속부없음),전통적 신약 임상 파이프라인 추적 대상이 아닙니다. 관련 사업이 있더라도 사료·식품·소재·농생명 또는 화이트바이오 관점의 사업부문/매출 비중을 확인해야 합니다.,임상 Phase 1~3 기반 파이프라인 기업이 아니므로 신약개발 Peer 비교에서 제외합니다.,X900 인접산업·핵심Peer제외,http://www.abprobio.co.kr
318410,KR7318410008,1153105,비비씨,,코스닥,2020-09-21,BM-99,제약바이오 BM 미해당/제외·보류,,,제외(제약바이오 BM 미해당),N,특이사항 없음(확인 범위 내),,,"덴탈 케어용 소재(테이퍼모 등) 관련 사업을 중심으로 1차 태깅했습니다. 개별 후보물질, 적응증, 임상단계는 KIND에서 제공되지 않으므로 DART 사업보고서 및 회사 IR 자료 기반 2차 검수가 필요합니다.","상장법인목록에서는 임상단계가 별도 제공되지 않으므로, 현재는 바이오헬스 인접 사업 보유 기업으로 1차 태깅했습니다. 임상 파이프라인 여부는 별도 검수해야 합니다.",Z999 기타·검수필요,http://bestbristle.com
005180,KR7005180005,124726,빙그레,,유가,1978-08-31,BM-99,제약바이오 BM 미해당/제외·보류,,,제외(제약바이오 BM 미해당),N,특이사항 없음(확인 범위 내),,,"아이스크림,우유,스낵,유산균(욥닥터캡슐) 제조 중심의 기능성 식품/소재 사업을 보유합니다. 개별 신약 후보물질이나 임상 단계가 확인된 바이오텍으로 보기는 어려워, 건강기능식품·소재 사업 지표 중심으로 별도 평가해야 합니다.","KIND 상장법인목록에서는 임상단계가 제공되지 않으며, 건강기능식품/기능성 소재 기업은 신약 임상 단계 평가 대상에서 제외 또는 별도 분류하는 것이 안전합니다.",Z999 기타·검수필요,http://www.bing.co.kr
347700,KR7347700007,1336762,스피어,,코스닥,2021-03-23,BM-99,제약바이오 BM 미해당/제외·보류,,BM-06,제외(제약바이오 BM 미해당),N,특이사항 없음(확인 범위 내),,,"의료정보 및 디지털헬스 소프트웨어 인프라. 개별 후보물질, 제품 허가, 인허가/도입 레퍼런스는 DART와 회사 IR, 식약처 자료 기준으로 2차 구조화가 필요합니다.","신약개발사는 후보물질·적응증·임상단계를, 의료기기/디지털헬스 기업은 제품 인허가·인증·병원 도입 레퍼런스를 별도 추적합니다.",K400 의료기기·디지털헬스,http://spherecorp.kr/
148250,KR7148250004,915508,알엔투테크놀로지,,코스닥,2016-06-22,BM-99,제약바이오 BM 미해당/제외·보류,,BM-06,제외(제약바이오 BM 미해당),N,특이사항 없음(확인 범위 내),,,"KIND 주요제품 기준으로 이동통신부품(커플러), 의료기기용기판, 파우더 중심의 의료기기·디지털헬스 솔루션을 보유한 기업입니다. 신약 임상 파이프라인보다는 제품 허가, 인증, 병원 도입, 소프트웨어/기기 고도화 현황을 추적하는 유형입니다.","의료기기/디지털헬스 기업으로, 전통적 Phase 1~3 임상단계보다는 식약처/해외 인허가, 제품 인증, 임상적 성능평가, 병원 레퍼런스 확인이 필요합니다.",K400 의료기기·진단기술,http://www.rn2.co.kr
109960,KR7109960005,653194,앱토크롬,,코스닥,2009-11-13,BM-99,제약바이오 BM 미해당/제외·보류,,BM-01,제외(제약바이오 BM 미해당),N,투자주의환기종목,KRX 전종목 기본정보(2026-09-24) 소속부: 투자주의환기종목(소속부없음),주의: 투자주의환기종목 (2026-09-24 기준). KRX 전종목 기본정보(2026-09-24) 소속부: 투자주의환기종목(소속부없음),"KIND 주요제품 기준으로 모바일게임 퍼블리싱, 바이오의약품 연구개발업 및 판매, 생산설비 및 연구장비의 대여 및 판매를 중심으로 한 의약품·바이오헬스 제품/개발 후보군을 보유한 것으로 분류됩니다. 개별 후보물질명, 적응증, 임상단계는 DART 사업보고서 및 회사 IR 자료를 통한 2차 검수가 필요합니다.","상장법인목록에서는 임상단계가 별도 제공되지 않으므로, 현재는 '모바일게임 퍼블리싱, 바이오의약품 연구개발업 및 판매, 생산설비 및 연구장비의 대여 및 판매' 관련 사업·제품 보유 기업으로 1차 태깅했습니다. 임상 파이프라인 여부는 DART 연구개발활동, 임상시험정보, 회사 공시 기준으로 추가 구조화가 필요합니다.",F103 생산기술·제형기술,http://www.aprogen-hng.com
317870,KR7317870004,964595,엔바이오니아,,코스닥,2019-10-24,BM-99,제약바이오 BM 미해당/제외·보류,,,제외(제약바이오 BM 미해당),N,특이사항 없음(확인 범위 내),,,"KIND 주요제품 기준으로 양전하필터(정수기) 관련 바이오헬스 인접 제품/서비스를 보유한 후보입니다. BUYO 485개 universe를 맞추기 위한 러프 포함 후보로, 실제 제약·바이오 직접성은 추가 검수 필요합니다.","KIND 기준 임상·파이프라인 정보는 확인되지 않았습니다. 포함 여부는 사업보고서의 사업부문, 주요제품, R&D 현황을 확인한 뒤 확정하는 것이 적절합니다.",Z999 기타·검수필요,http://envioneer.com
032940,KR7032940009,210980,원익,,코스닥,1997-07-18,BM-99,제약바이오 BM 미해당/제외·보류,,BM-06,제외(제약바이오 BM 미해당),N,특이사항 없음(확인 범위 내),,,"KIND 주요제품 기준으로 Quartz, HIC, 의료기기 중심의 의료기기·디지털헬스 솔루션을 보유한 기업입니다. 신약 임상 파이프라인보다는 제품 허가, 인증, 병원 도입, 소프트웨어/기기 고도화 현황을 추적하는 유형입니다.","의료기기/디지털헬스 기업으로, 전통적 Phase 1~3 임상단계보다는 식약처/해외 인허가, 제품 인증, 임상적 성능평가, 병원 레퍼런스 확인이 필요합니다.",K400 의료기기·진단기술,http://wonikcorp.com
352940,KR7352940001,367871,인바이오,,코스닥,2020-12-11,BM-99,제약바이오 BM 미해당/제외·보류,,,제외(제약바이오 BM 미해당),N,특이사항 없음(확인 범위 내),,,"KIND 주요제품 기준으로 살균제, 살충제, 제초제 등 관련 기능성 소재·건기식·동물/농생명 바이오헬스 제품군을 보유한 기업입니다. 신약 파이프라인보다는 원료, 기능성, 인증, 유통채널, OEM/ODM 여부가 핵심 추적 항목입니다.","신약 임상단계 정보은 KIND 기준으로 확인되지 않았습니다. 건강기능식품·소재·동물헬스 유형은 개별인정형 원료, 기능성 평가, 제품 인증 및 사업보고서상 연구개발 항목 중심으로 추가 확인이 필요합니다.",N200 생물자원·바이오케미컬,http://enbio.co.kr
101140,KR7101140002,652423,인바이오젠,,유가,2008-04-02,BM-99,제약바이오 BM 미해당/제외·보류,,,제외(제약바이오 BM 미해당),N,특이사항 없음(확인 범위 내),,,"자가진단키트/바이오 관련 지분 또는 사업 연관성은 별도 확인 대상이나, 현재 회사의 핵심 영업을 신약개발·의료기기 기업으로 분류하기에는 근거가 약합니다.","상장법인목록에서는 임상단계가 별도 제공되지 않으므로, 현재는 '신발,의류,스포츠용품 도매,제조' 관련 사업·제품 보유 기업으로 1차 태깅했습니다. 임상 파이프라인 여부는 DART 연구개발활동, 임상시험정보, 회사 공시 기준으로 추가 구조화가 필요합니다.",L100 연구장비·유통서비스,http://www.inbiogen.co.kr
049070,KR7049070006,226866,인탑스,,코스닥,2002-02-21,BM-99,제약바이오 BM 미해당/제외·보류,,BM-06,제외(제약바이오 BM 미해당),N,특이사항 없음(확인 범위 내),,,"KIND 주요제품 기준으로 휴대용단말기 부품, 가전 부품, 자동차 부품, 의료기기 제품, 로봇 관련 제품 제조 등 중심의 의료기기·디지털헬스 솔루션을 보유한 기업입니다. 신약 임상 파이프라인보다는 제품 허가, 인증, 병원 도입, 소프트웨어/기기 고도화 현황을 추적하는 유형입니다.","의료기기/디지털헬스 기업으로, 전통적 Phase 1~3 임상단계보다는 식약처/해외 인허가, 제품 인증, 임상적 성능평가, 병원 레퍼런스 확인이 필요합니다.",K400 의료기기·진단기술,http://WWW.INTOPS.CO.KR
110020,KR7110020005,632793,전진바이오팜,,코스닥,2018-12-14,BM-99,제약바이오 BM 미해당/제외·보류,,,제외(제약바이오 BM 미해당),N,특이사항 없음(확인 범위 내),,,"KIND 주요제품 기준으로 방충방향제, 유해동물피해감소제, 기생충피해감소제 관련 기능성 소재·건기식·동물/농생명 바이오헬스 제품군을 보유한 기업입니다. 신약 파이프라인보다는 원료, 기능성, 인증, 유통채널, OEM/ODM 여부가 핵심 추적 항목입니다.","신약 임상단계 정보은 KIND 기준으로 확인되지 않았습니다. 건강기능식품·소재·동물헬스 유형은 개별인정형 원료, 기능성 평가, 제품 인증 및 사업보고서상 연구개발 항목 중심으로 추가 확인이 필요합니다.",H200 기능성소재·제형기술,http://www.jjbio.co.kr
137950,KR7137950002,664853,제이씨케미칼,,코스닥,2011-08-08,BM-99,제약바이오 BM 미해당/제외·보류,,,제외(제약바이오 BM 미해당),N,특이사항 없음(확인 범위 내),,,"KIND 주요제품 기준으로 바이오디젤, 바이오중유 등 관련 기능성 소재·건기식·동물/농생명 바이오헬스 제품군을 보유한 기업입니다. 신약 파이프라인보다는 원료, 기능성, 인증, 유통채널, OEM/ODM 여부가 핵심 추적 항목입니다.","신약 임상단계 정보은 KIND 기준으로 확인되지 않았습니다. 건강기능식품·소재·동물헬스 유형은 개별인정형 원료, 기능성 평가, 제품 인증 및 사업보고서상 연구개발 항목 중심으로 추가 확인이 필요합니다.",H200 기능성소재·제형기술,http://www.jcchemical.co.kr
278280,KR7278280003,897752,천보,,코스닥,2019-02-11,BM-99,제약바이오 BM 미해당/제외·보류,,,제외(제약바이오 BM 미해당),N,특이사항 없음(확인 범위 내),,,"KIND 주요제품 기준으로 디스플레이 소재, 반도체 공정 소재, 2차전지 소재, 의약품 소재, 정밀화학 소재를 중심으로 한 의약품·바이오헬스 제품/개발 후보군을 보유한 것으로 분류됩니다. 개별 후보물질명, 적응증, 임상단계는 DART 사업보고서 및 회사 IR 자료를 통한 2차 검수가 필요합니다.","상장법인목록에서는 임상단계가 별도 제공되지 않으므로, 현재는 '디스플레이 소재, 반도체 공정 소재, 2차전지 소재, 의약품 소재, 정밀화학 소재' 관련 사업·제품 보유 기업으로 1차 태깅했습니다. 임상 파이프라인 여부는 DART 연구개발활동, 임상시험정보, 회사 공시 기준으로 추가 구조화가 필요합니다.",F103 생산기술·제형기술,http://www.chunbochem.com/
033780,KR7033780008,244455,케이티앤지,,유가,1999-10-08,BM-99,제약바이오 BM 미해당/제외·보류,,,제외(제약바이오 BM 미해당),N,특이사항 없음(확인 범위 내),,,"잎담배,제조담배,홍삼,홍삼제품 제조,판매 중심의 기능성 식품/소재 사업을 보유합니다. 개별 신약 후보물질이나 임상 단계가 확인된 바이오텍으로 보기는 어려워, 건강기능식품·소재 사업 지표 중심으로 별도 평가해야 합니다.","KIND 상장법인목록에서는 임상단계가 제공되지 않으며, 건강기능식품/기능성 소재 기업은 신약 임상 단계 평가 대상에서 제외 또는 별도 분류하는 것이 안전합니다.",Z999 기타·검수필요,http://www.ktng.com
042040,KR7042040006,206686,케이피엠테크,,코스닥,2003-01-07,BM-99,제약바이오 BM 미해당/제외·보류,,,제외(제약바이오 BM 미해당),N,특이사항 없음(확인 범위 내),,,"KIND 주요제품 기준으로 표면처리약품, 전자동 도금설비를 중심으로 한 의약품·바이오헬스 제품/개발 후보군을 보유한 것으로 분류됩니다. 개별 후보물질명, 적응증, 임상단계는 DART 사업보고서 및 회사 IR 자료를 통한 2차 검수가 필요합니다.","상장법인목록에서는 임상단계가 별도 제공되지 않으므로, 현재는 '표면처리약품, 전자동 도금설비' 관련 사업·제품 보유 기업으로 1차 태깅했습니다. 임상 파이프라인 여부는 DART 연구개발활동, 임상시험정보, 회사 공시 기준으로 추가 구조화가 필요합니다.",L100 연구장비·유통서비스,http://www.kpmtech.co.kr
288330,KR7288330004,1227039,파라택시스코리아,브릿지바이오 / 구 브릿지바이오테라퓨틱스,코스닥,2019-12-20,BM-99,제약바이오 BM 미해당/제외·보류,,,제외(제약바이오 BM 미해당),N,"관리종목, 사업전환",사업전환: 비트코인 트레저리/디지털자산. 신약개발 기업으로 표시 금지,"주의: 관리종목, 사업전환 (2026-09-24 기준). 사업전환: 비트코인 트레저리/디지털자산. 신약개발 기업으로 표시 금지","구 브릿지바이오테라퓨틱스 시절의 BBT 계열 신약 파이프라인 이력이 있으나, 현재 앱 DB에서는 해당 파이프라인을 회사의 주력사업으로 자동 노출하지 않고 별도 과거/잔여 바이오사업 이력으로 분리 관리합니다.","신약개발 임상 단계 데이터는 과거 브릿지바이오테라퓨틱스 이력으로 별도 보관하고, 현재 회사의 투자 판단 화면에서는 사업전환/가상자산 플래그를 우선 노출합니다.",분류보류: 사업전환/가상자산,홈페이지 재확인 필요: bridgebiorx.com 구버전/만료 가능
065690,KR7065690000,384762,파커스,,코스닥,2002-07-16,BM-99,제약바이오 BM 미해당/제외·보류,,,제외(제약바이오 BM 미해당),N,투자주의환기종목,KRX 전종목 기본정보(2026-09-24) 소속부: 투자주의환기종목(소속부없음),주의: 투자주의환기종목 (2026-09-24 기준). KRX 전종목 기본정보(2026-09-24) 소속부: 투자주의환기종목(소속부없음),"KIND 주요제품 기준으로 프린터 부품, LED 조명기기,및 헬스케어 제품 제조업체 관련 바이오헬스 인접 제품/서비스를 보유한 후보입니다. BUYO 485개 universe를 맞추기 위한 러프 포함 후보로, 실제 제약·바이오 직접성은 추가 검수 필요합니다.","KIND 기준 임상·파이프라인 정보는 확인되지 않았습니다. 포함 여부는 사업보고서의 사업부문, 주요제품, R&D 현황을 확인한 뒤 확정하는 것이 적절합니다.",Z999 기타·검수필요,http://www.xleds.co.kr
222980,KR7222980005,579139,한국맥널티,,코스닥,2015-12-23,BM-99,제약바이오 BM 미해당/제외·보류,,BM-02,제외(제약바이오 BM 미해당),N,특이사항 없음(확인 범위 내),,,"전통적 신약 임상 파이프라인보다는 기능성 원료, 프로바이오틱스, 마이크로바이옴 소재, 제품 포트폴리오와 매출 구성을 추적합니다.",의약품 임상 Phase 기반 기업이 아니므로 신약개발 Peer 비교에서 제외하고 건기식/마이크로바이옴 섹터로 별도 관리합니다.,H304 프로바이오틱스·기능성소재,http://www.mcnultykorea.co.kr
372910,KR7372910000,534598,한컴라이프케어,,유가,2021-08-17,BM-99,제약바이오 BM 미해당/제외·보류,,,제외(제약바이오 BM 미해당),N,특이사항 없음(확인 범위 내),,,"공기호흡기, 필터마스크, 휴대용 안전기기 등 각종 산업·의료·방위 환경에서 활용 가능한 보호장비와 안전 솔루션 라인업을 갖추고 있습니다.","주력 제품들은 산업 현장, 방위·소방·의료분야에 폭넓게 적용되며 각종 품질/성능/안전 인증(CE, FDA, KOSHA 등) 확보, 글로벌 시장 진출, 신제품·신기술 개발 및 스마트 안전 솔루션 확대, 맞춤형 현장 지원 역량 강화에 주력하고 있습니다.","K201 소자 제작기술, 5000 기타 바이오의료기기 등이 적용됩니다.",
