record_id,source,source_subgroup,buyo_modality,buyo_disease_group,from_phase,to_phase,probability,probability_basis,calculation_method,reported_n,n_type,data_period,source_page,source_figure_table,source_verified,mapping_status,source_scope_note,interpretation_note,discrepancy_note,rare_flag,oncology_scope,display_role_draft,valid_until
BIO_A_0001,BIO 2021,All indications,전체,전체,P1,P2,0.52,conditional,phase transition (해당 단계 advanced ÷ (advanced+suspended)),4414,advanced + suspended transitions (해당 단계),2011-01-01~2020-11-30,p.7,Figure 2,yes,direct,"company-sponsored, FDA registration-enabling 개발 프로그램. 연구자 주도 연구와 다른 개발 중 약물과의 병용은 제외. 승인 기준은 FDA. 전체 12,728건 전환, 9,704개 개발 프로그램, 1,779개 회사.",중단에는 과학적 실패뿐 아니라 상업성·규제·포트폴리오 판단에 따른 중단이 포함된다. 임상 평가변수 달성률이 아니다. 약물–적응증 개발 프로그램 기준이다. 개별 임상시험 수나 고유 약물 수가 아니다.,,N,,,2035-12
BIO_A_0002,BIO 2021,All indications,전체,전체,P2,P3,0.289,conditional,phase transition (해당 단계 advanced ÷ (advanced+suspended)),4933,advanced + suspended transitions (해당 단계),2011-01-01~2020-11-30,p.7,Figure 2,yes,direct,"company-sponsored, FDA registration-enabling 개발 프로그램. 연구자 주도 연구와 다른 개발 중 약물과의 병용은 제외. 승인 기준은 FDA. 전체 12,728건 전환, 9,704개 개발 프로그램, 1,779개 회사.",중단에는 과학적 실패뿐 아니라 상업성·규제·포트폴리오 판단에 따른 중단이 포함된다. 임상 평가변수 달성률이 아니다. 약물–적응증 개발 프로그램 기준이다. 개별 임상시험 수나 고유 약물 수가 아니다.,,N,,,2035-12
BIO_A_0003,BIO 2021,All indications,전체,전체,P3,NDA/BLA,0.578,conditional,phase transition (해당 단계 advanced ÷ (advanced+suspended)),1928,advanced + suspended transitions (해당 단계),2011-01-01~2020-11-30,p.7,Figure 2,yes,direct,"company-sponsored, FDA registration-enabling 개발 프로그램. 연구자 주도 연구와 다른 개발 중 약물과의 병용은 제외. 승인 기준은 FDA. 전체 12,728건 전환, 9,704개 개발 프로그램, 1,779개 회사.",중단에는 과학적 실패뿐 아니라 상업성·규제·포트폴리오 판단에 따른 중단이 포함된다. 임상 평가변수 달성률이 아니다. 약물–적응증 개발 프로그램 기준이다. 개별 임상시험 수나 고유 약물 수가 아니다.,,N,,,2035-12
BIO_A_0004,BIO 2021,All indications,전체,전체,NDA/BLA,Approval,0.9059999999999999,conditional,phase transition (해당 단계 advanced ÷ (advanced+suspended)),1453,advanced + suspended transitions (해당 단계),2011-01-01~2020-11-30,p.7,Figure 2,yes,direct,"company-sponsored, FDA registration-enabling 개발 프로그램. 연구자 주도 연구와 다른 개발 중 약물과의 병용은 제외. 승인 기준은 FDA. 전체 12,728건 전환, 9,704개 개발 프로그램, 1,779개 회사.",중단에는 과학적 실패뿐 아니라 상업성·규제·포트폴리오 판단에 따른 중단이 포함된다. 임상 평가변수 달성률이 아니다. 약물–적응증 개발 프로그램 기준이다. 개별 임상시험 수나 고유 약물 수가 아니다. 이 값은 Figure 5b의 NDA/BLA→Approval LOA와 같은 값이다. 두 개의 독립 근거로 중복 집계하지 않는다.,,N,,,2035-12
BIO_A_0005,BIO 2021,All indications,전체,전체,P1,Approval,0.079,cumulative,conditional-product LOA (남은 단계 conditional transition probability의 곱),12728,LOA 계산에 사용한 각 단계 전환 건수의 합 (고유 프로그램 수 아님),2011-01-01~2020-11-30,p.11,Figure 5b,yes,direct,"company-sponsored, FDA registration-enabling 개발 프로그램. 연구자 주도 연구와 다른 개발 중 약물과의 병용은 제외. 승인 기준은 FDA. 전체 12,728건 전환, 9,704개 개발 프로그램, 1,779개 회사.",중단에는 과학적 실패뿐 아니라 상업성·규제·포트폴리오 판단에 따른 중단이 포함된다. 임상 평가변수 달성률이 아니다. 약물–적응증 개발 프로그램 기준이다. 개별 임상시험 수나 고유 약물 수가 아니다. 이미 LOA인 값에 후속 단계 전환율을 다시 곱하지 않는다.,,N,,,2035-12
BIO_A_0006,BIO 2021,All indications,전체,전체,P2,Approval,0.151,cumulative,conditional-product LOA (남은 단계 conditional transition probability의 곱),8314,LOA 계산에 사용한 각 단계 전환 건수의 합 (고유 프로그램 수 아님),2011-01-01~2020-11-30,p.11,Figure 5b,yes,direct,"company-sponsored, FDA registration-enabling 개발 프로그램. 연구자 주도 연구와 다른 개발 중 약물과의 병용은 제외. 승인 기준은 FDA. 전체 12,728건 전환, 9,704개 개발 프로그램, 1,779개 회사.",중단에는 과학적 실패뿐 아니라 상업성·규제·포트폴리오 판단에 따른 중단이 포함된다. 임상 평가변수 달성률이 아니다. 약물–적응증 개발 프로그램 기준이다. 개별 임상시험 수나 고유 약물 수가 아니다. 이미 LOA인 값에 후속 단계 전환율을 다시 곱하지 않는다.,,N,,,2035-12
BIO_A_0007,BIO 2021,All indications,전체,전체,P3,Approval,0.524,cumulative,conditional-product LOA (남은 단계 conditional transition probability의 곱),3381,LOA 계산에 사용한 각 단계 전환 건수의 합 (고유 프로그램 수 아님),2011-01-01~2020-11-30,p.11,Figure 5b,yes,direct,"company-sponsored, FDA registration-enabling 개발 프로그램. 연구자 주도 연구와 다른 개발 중 약물과의 병용은 제외. 승인 기준은 FDA. 전체 12,728건 전환, 9,704개 개발 프로그램, 1,779개 회사.",중단에는 과학적 실패뿐 아니라 상업성·규제·포트폴리오 판단에 따른 중단이 포함된다. 임상 평가변수 달성률이 아니다. 약물–적응증 개발 프로그램 기준이다. 개별 임상시험 수나 고유 약물 수가 아니다. 이미 LOA인 값에 후속 단계 전환율을 다시 곱하지 않는다.,,N,,,2035-12
BIO_A_0008,BIO 2021,Oncology,,항암,P1,P2,0.488,conditional,phase transition (해당 단계 advanced ÷ (advanced+suspended)),1628,advanced + suspended transitions (해당 단계),2011-01-01~2020-11-30,p.7,Figure 2,yes,direct,"company-sponsored, FDA registration-enabling 개발 프로그램. 연구자 주도 연구와 다른 개발 중 약물과의 병용은 제외. 승인 기준은 FDA. Biomedtracker 21개 major disease 기준의 Oncology. 희귀 항암 적응증을 포함한다.",중단에는 과학적 실패뿐 아니라 상업성·규제·포트폴리오 판단에 따른 중단이 포함된다. 임상 평가변수 달성률이 아니다. 모달리티를 구분하지 않은 항암 전체 값이다. 특정 암종·표적·차수의 값이 아니다.,,N,,,2035-12
BIO_A_0009,BIO 2021,Oncology,,항암,P2,P3,0.246,conditional,phase transition (해당 단계 advanced ÷ (advanced+suspended)),1732,advanced + suspended transitions (해당 단계),2011-01-01~2020-11-30,p.7,Figure 2,yes,direct,"company-sponsored, FDA registration-enabling 개발 프로그램. 연구자 주도 연구와 다른 개발 중 약물과의 병용은 제외. 승인 기준은 FDA. Biomedtracker 21개 major disease 기준의 Oncology. 희귀 항암 적응증을 포함한다.",중단에는 과학적 실패뿐 아니라 상업성·규제·포트폴리오 판단에 따른 중단이 포함된다. 임상 평가변수 달성률이 아니다. 모달리티를 구분하지 않은 항암 전체 값이다. 특정 암종·표적·차수의 값이 아니다.,,N,,,2035-12
BIO_A_0010,BIO 2021,Oncology,,항암,P3,NDA/BLA,0.477,conditional,phase transition (해당 단계 advanced ÷ (advanced+suspended)),495,advanced + suspended transitions (해당 단계),2011-01-01~2020-11-30,p.7,Figure 2,yes,direct,"company-sponsored, FDA registration-enabling 개발 프로그램. 연구자 주도 연구와 다른 개발 중 약물과의 병용은 제외. 승인 기준은 FDA. Biomedtracker 21개 major disease 기준의 Oncology. 희귀 항암 적응증을 포함한다.",중단에는 과학적 실패뿐 아니라 상업성·규제·포트폴리오 판단에 따른 중단이 포함된다. 임상 평가변수 달성률이 아니다. 모달리티를 구분하지 않은 항암 전체 값이다. 특정 암종·표적·차수의 값이 아니다.,"본문 p.8은 47.5%, Figure 2·4·6 표는 47.7%(n=495). 표 값을 채택.",N,,,2035-12
BIO_A_0011,BIO 2021,Oncology,,항암,NDA/BLA,Approval,0.92,conditional,phase transition (해당 단계 advanced ÷ (advanced+suspended)),324,advanced + suspended transitions (해당 단계),2011-01-01~2020-11-30,p.7,Figure 2,yes,direct,"company-sponsored, FDA registration-enabling 개발 프로그램. 연구자 주도 연구와 다른 개발 중 약물과의 병용은 제외. 승인 기준은 FDA. Biomedtracker 21개 major disease 기준의 Oncology. 희귀 항암 적응증을 포함한다.",중단에는 과학적 실패뿐 아니라 상업성·규제·포트폴리오 판단에 따른 중단이 포함된다. 임상 평가변수 달성률이 아니다. 모달리티를 구분하지 않은 항암 전체 값이다. 특정 암종·표적·차수의 값이 아니다. 이 값은 Figure 5b의 NDA/BLA→Approval LOA와 같은 값이다. 두 개의 독립 근거로 중복 집계하지 않는다.,,N,,,2035-12
BIO_A_0012,BIO 2021,Oncology,,항암,P1,Approval,0.053,cumulative,conditional-product LOA (남은 단계 conditional transition probability의 곱),4179,LOA 계산에 사용한 각 단계 전환 건수의 합 (고유 프로그램 수 아님),2011-01-01~2020-11-30,p.11,Figure 5b,yes,direct,"company-sponsored, FDA registration-enabling 개발 프로그램. 연구자 주도 연구와 다른 개발 중 약물과의 병용은 제외. 승인 기준은 FDA. Biomedtracker 21개 major disease 기준의 Oncology. 희귀 항암 적응증을 포함한다.",중단에는 과학적 실패뿐 아니라 상업성·규제·포트폴리오 판단에 따른 중단이 포함된다. 임상 평가변수 달성률이 아니다. 모달리티를 구분하지 않은 항암 전체 값이다. 특정 암종·표적·차수의 값이 아니다. 이미 LOA인 값에 후속 단계 전환율을 다시 곱하지 않는다.,,N,,,2035-12
BIO_A_0013,BIO 2021,Oncology,,항암,P2,Approval,0.108,cumulative,conditional-product LOA (남은 단계 conditional transition probability의 곱),2551,LOA 계산에 사용한 각 단계 전환 건수의 합 (고유 프로그램 수 아님),2011-01-01~2020-11-30,p.11,Figure 5b,yes,direct,"company-sponsored, FDA registration-enabling 개발 프로그램. 연구자 주도 연구와 다른 개발 중 약물과의 병용은 제외. 승인 기준은 FDA. Biomedtracker 21개 major disease 기준의 Oncology. 희귀 항암 적응증을 포함한다.",중단에는 과학적 실패뿐 아니라 상업성·규제·포트폴리오 판단에 따른 중단이 포함된다. 임상 평가변수 달성률이 아니다. 모달리티를 구분하지 않은 항암 전체 값이다. 특정 암종·표적·차수의 값이 아니다. 이미 LOA인 값에 후속 단계 전환율을 다시 곱하지 않는다.,,N,,,2035-12
BIO_A_0014,BIO 2021,Oncology,,항암,P3,Approval,0.439,cumulative,conditional-product LOA (남은 단계 conditional transition probability의 곱),819,LOA 계산에 사용한 각 단계 전환 건수의 합 (고유 프로그램 수 아님),2011-01-01~2020-11-30,p.11,Figure 5b,yes,direct,"company-sponsored, FDA registration-enabling 개발 프로그램. 연구자 주도 연구와 다른 개발 중 약물과의 병용은 제외. 승인 기준은 FDA. Biomedtracker 21개 major disease 기준의 Oncology. 희귀 항암 적응증을 포함한다.",중단에는 과학적 실패뿐 아니라 상업성·규제·포트폴리오 판단에 따른 중단이 포함된다. 임상 평가변수 달성률이 아니다. 모달리티를 구분하지 않은 항암 전체 값이다. 특정 암종·표적·차수의 값이 아니다. 이미 LOA인 값에 후속 단계 전환율을 다시 곱하지 않는다.,,N,,,2035-12
BIO_A_0015,BIO 2021,Infectious disease,,감염,P1,P2,0.578,conditional,phase transition (해당 단계 advanced ÷ (advanced+suspended)),403,advanced + suspended transitions (해당 단계),2011-01-01~2020-11-30,p.7,Figure 2,yes,direct,"company-sponsored, FDA registration-enabling 개발 프로그램. 연구자 주도 연구와 다른 개발 중 약물과의 병용은 제외. 승인 기준은 FDA. Biomedtracker 질환영역 분류의 Infectious disease.",중단에는 과학적 실패뿐 아니라 상업성·규제·포트폴리오 판단에 따른 중단이 포함된다. 임상 평가변수 달성률이 아니다. 백신 전용 값이 아니다. 모든 모달리티를 포함한다.,,N,,,2035-12
BIO_A_0016,BIO 2021,Infectious disease,,감염,P2,P3,0.384,conditional,phase transition (해당 단계 advanced ÷ (advanced+suspended)),414,advanced + suspended transitions (해당 단계),2011-01-01~2020-11-30,p.7,Figure 2,yes,direct,"company-sponsored, FDA registration-enabling 개발 프로그램. 연구자 주도 연구와 다른 개발 중 약물과의 병용은 제외. 승인 기준은 FDA. Biomedtracker 질환영역 분류의 Infectious disease.",중단에는 과학적 실패뿐 아니라 상업성·규제·포트폴리오 판단에 따른 중단이 포함된다. 임상 평가변수 달성률이 아니다. 백신 전용 값이 아니다. 모든 모달리티를 포함한다.,,N,,,2035-12
BIO_A_0017,BIO 2021,Infectious disease,,감염,P3,NDA/BLA,0.64,conditional,phase transition (해당 단계 advanced ÷ (advanced+suspended)),197,advanced + suspended transitions (해당 단계),2011-01-01~2020-11-30,p.7,Figure 2,yes,direct,"company-sponsored, FDA registration-enabling 개발 프로그램. 연구자 주도 연구와 다른 개발 중 약물과의 병용은 제외. 승인 기준은 FDA. Biomedtracker 질환영역 분류의 Infectious disease.",중단에는 과학적 실패뿐 아니라 상업성·규제·포트폴리오 판단에 따른 중단이 포함된다. 임상 평가변수 달성률이 아니다. 백신 전용 값이 아니다. 모든 모달리티를 포함한다.,,N,,,2035-12
BIO_A_0018,BIO 2021,Infectious disease,,감염,NDA/BLA,Approval,0.929,conditional,phase transition (해당 단계 advanced ÷ (advanced+suspended)),156,advanced + suspended transitions (해당 단계),2011-01-01~2020-11-30,p.7,Figure 2,yes,direct,"company-sponsored, FDA registration-enabling 개발 프로그램. 연구자 주도 연구와 다른 개발 중 약물과의 병용은 제외. 승인 기준은 FDA. Biomedtracker 질환영역 분류의 Infectious disease.",중단에는 과학적 실패뿐 아니라 상업성·규제·포트폴리오 판단에 따른 중단이 포함된다. 임상 평가변수 달성률이 아니다. 백신 전용 값이 아니다. 모든 모달리티를 포함한다. 이 값은 Figure 5b의 NDA/BLA→Approval LOA와 같은 값이다. 두 개의 독립 근거로 중복 집계하지 않는다.,,N,,,2035-12
BIO_A_0019,BIO 2021,Infectious disease,,감염,P1,Approval,0.132,cumulative,conditional-product LOA (남은 단계 conditional transition probability의 곱),1170,LOA 계산에 사용한 각 단계 전환 건수의 합 (고유 프로그램 수 아님),2011-01-01~2020-11-30,p.11,Figure 5b,yes,direct,"company-sponsored, FDA registration-enabling 개발 프로그램. 연구자 주도 연구와 다른 개발 중 약물과의 병용은 제외. 승인 기준은 FDA. Biomedtracker 질환영역 분류의 Infectious disease.",중단에는 과학적 실패뿐 아니라 상업성·규제·포트폴리오 판단에 따른 중단이 포함된다. 임상 평가변수 달성률이 아니다. 백신 전용 값이 아니다. 모든 모달리티를 포함한다. 이미 LOA인 값에 후속 단계 전환율을 다시 곱하지 않는다.,,N,,,2035-12
BIO_A_0020,BIO 2021,Infectious disease,,감염,P2,Approval,0.228,cumulative,conditional-product LOA (남은 단계 conditional transition probability의 곱),767,LOA 계산에 사용한 각 단계 전환 건수의 합 (고유 프로그램 수 아님),2011-01-01~2020-11-30,p.11,Figure 5b,yes,direct,"company-sponsored, FDA registration-enabling 개발 프로그램. 연구자 주도 연구와 다른 개발 중 약물과의 병용은 제외. 승인 기준은 FDA. Biomedtracker 질환영역 분류의 Infectious disease.",중단에는 과학적 실패뿐 아니라 상업성·규제·포트폴리오 판단에 따른 중단이 포함된다. 임상 평가변수 달성률이 아니다. 백신 전용 값이 아니다. 모든 모달리티를 포함한다. 이미 LOA인 값에 후속 단계 전환율을 다시 곱하지 않는다.,,N,,,2035-12
BIO_A_0021,BIO 2021,Infectious disease,,감염,P3,Approval,0.594,cumulative,conditional-product LOA (남은 단계 conditional transition probability의 곱),353,LOA 계산에 사용한 각 단계 전환 건수의 합 (고유 프로그램 수 아님),2011-01-01~2020-11-30,p.11,Figure 5b,yes,direct,"company-sponsored, FDA registration-enabling 개발 프로그램. 연구자 주도 연구와 다른 개발 중 약물과의 병용은 제외. 승인 기준은 FDA. Biomedtracker 질환영역 분류의 Infectious disease.",중단에는 과학적 실패뿐 아니라 상업성·규제·포트폴리오 판단에 따른 중단이 포함된다. 임상 평가변수 달성률이 아니다. 백신 전용 값이 아니다. 모든 모달리티를 포함한다. 이미 LOA인 값에 후속 단계 전환율을 다시 곱하지 않는다.,,N,,,2035-12
BIO_A_0022,BIO 2021,Neurology,,중추신경(신경),P1,P2,0.477,conditional,phase transition (해당 단계 advanced ÷ (advanced+suspended)),516,advanced + suspended transitions (해당 단계),2011-01-01~2020-11-30,p.7,Figure 2,yes,limited,"company-sponsored, FDA registration-enabling 개발 프로그램. 연구자 주도 연구와 다른 개발 중 약물과의 병용은 제외. 승인 기준은 FDA. Psychiatry와 별개로 집계된 원문 분류.",중단에는 과학적 실패뿐 아니라 상업성·규제·포트폴리오 판단에 따른 중단이 포함된다. 임상 평가변수 달성률이 아니다. BUYO 중추신경이 Neurology+Psychiatry를 뜻한다면 이 값은 그 일부다. 원문에 통합 직접값은 없다.,,N,,default,2035-12
BIO_A_0023,BIO 2021,Neurology,,중추신경(신경),P2,P3,0.268,conditional,phase transition (해당 단계 advanced ÷ (advanced+suspended)),504,advanced + suspended transitions (해당 단계),2011-01-01~2020-11-30,p.7,Figure 2,yes,limited,"company-sponsored, FDA registration-enabling 개발 프로그램. 연구자 주도 연구와 다른 개발 중 약물과의 병용은 제외. 승인 기준은 FDA. Psychiatry와 별개로 집계된 원문 분류.",중단에는 과학적 실패뿐 아니라 상업성·규제·포트폴리오 판단에 따른 중단이 포함된다. 임상 평가변수 달성률이 아니다. BUYO 중추신경이 Neurology+Psychiatry를 뜻한다면 이 값은 그 일부다. 원문에 통합 직접값은 없다.,,N,,default,2035-12
BIO_A_0024,BIO 2021,Neurology,,중추신경(신경),P3,NDA/BLA,0.531,conditional,phase transition (해당 단계 advanced ÷ (advanced+suspended)),226,advanced + suspended transitions (해당 단계),2011-01-01~2020-11-30,p.7,Figure 2,yes,limited,"company-sponsored, FDA registration-enabling 개발 프로그램. 연구자 주도 연구와 다른 개발 중 약물과의 병용은 제외. 승인 기준은 FDA. Psychiatry와 별개로 집계된 원문 분류.",중단에는 과학적 실패뿐 아니라 상업성·규제·포트폴리오 판단에 따른 중단이 포함된다. 임상 평가변수 달성률이 아니다. BUYO 중추신경이 Neurology+Psychiatry를 뜻한다면 이 값은 그 일부다. 원문에 통합 직접값은 없다.,,N,,default,2035-12
BIO_A_0025,BIO 2021,Neurology,,중추신경(신경),NDA/BLA,Approval,0.867,conditional,phase transition (해당 단계 advanced ÷ (advanced+suspended)),165,advanced + suspended transitions (해당 단계),2011-01-01~2020-11-30,p.7,Figure 2,yes,limited,"company-sponsored, FDA registration-enabling 개발 프로그램. 연구자 주도 연구와 다른 개발 중 약물과의 병용은 제외. 승인 기준은 FDA. Psychiatry와 별개로 집계된 원문 분류.",중단에는 과학적 실패뿐 아니라 상업성·규제·포트폴리오 판단에 따른 중단이 포함된다. 임상 평가변수 달성률이 아니다. BUYO 중추신경이 Neurology+Psychiatry를 뜻한다면 이 값은 그 일부다. 원문에 통합 직접값은 없다. 이 값은 Figure 5b의 NDA/BLA→Approval LOA와 같은 값이다. 두 개의 독립 근거로 중복 집계하지 않는다.,,N,,default,2035-12
BIO_A_0026,BIO 2021,Neurology,,중추신경(신경),P1,Approval,0.059,cumulative,conditional-product LOA (남은 단계 conditional transition probability의 곱),1411,LOA 계산에 사용한 각 단계 전환 건수의 합 (고유 프로그램 수 아님),2011-01-01~2020-11-30,p.11,Figure 5b,yes,limited,"company-sponsored, FDA registration-enabling 개발 프로그램. 연구자 주도 연구와 다른 개발 중 약물과의 병용은 제외. 승인 기준은 FDA. Psychiatry와 별개로 집계된 원문 분류.",중단에는 과학적 실패뿐 아니라 상업성·규제·포트폴리오 판단에 따른 중단이 포함된다. 임상 평가변수 달성률이 아니다. BUYO 중추신경이 Neurology+Psychiatry를 뜻한다면 이 값은 그 일부다. 원문에 통합 직접값은 없다. 이미 LOA인 값에 후속 단계 전환율을 다시 곱하지 않는다.,,N,,default,2035-12
BIO_A_0027,BIO 2021,Neurology,,중추신경(신경),P2,Approval,0.123,cumulative,conditional-product LOA (남은 단계 conditional transition probability의 곱),895,LOA 계산에 사용한 각 단계 전환 건수의 합 (고유 프로그램 수 아님),2011-01-01~2020-11-30,p.11,Figure 5b,yes,limited,"company-sponsored, FDA registration-enabling 개발 프로그램. 연구자 주도 연구와 다른 개발 중 약물과의 병용은 제외. 승인 기준은 FDA. Psychiatry와 별개로 집계된 원문 분류.",중단에는 과학적 실패뿐 아니라 상업성·규제·포트폴리오 판단에 따른 중단이 포함된다. 임상 평가변수 달성률이 아니다. BUYO 중추신경이 Neurology+Psychiatry를 뜻한다면 이 값은 그 일부다. 원문에 통합 직접값은 없다. 이미 LOA인 값에 후속 단계 전환율을 다시 곱하지 않는다.,,N,,default,2035-12
BIO_A_0028,BIO 2021,Neurology,,중추신경(신경),P3,Approval,0.46,cumulative,conditional-product LOA (남은 단계 conditional transition probability의 곱),391,LOA 계산에 사용한 각 단계 전환 건수의 합 (고유 프로그램 수 아님),2011-01-01~2020-11-30,p.11,Figure 5b,yes,limited,"company-sponsored, FDA registration-enabling 개발 프로그램. 연구자 주도 연구와 다른 개발 중 약물과의 병용은 제외. 승인 기준은 FDA. Psychiatry와 별개로 집계된 원문 분류.",중단에는 과학적 실패뿐 아니라 상업성·규제·포트폴리오 판단에 따른 중단이 포함된다. 임상 평가변수 달성률이 아니다. BUYO 중추신경이 Neurology+Psychiatry를 뜻한다면 이 값은 그 일부다. 원문에 통합 직접값은 없다. 이미 LOA인 값에 후속 단계 전환율을 다시 곱하지 않는다.,,N,,default,2035-12
BIO_A_0029,BIO 2021,Psychiatry,,중추신경(정신),P1,P2,0.527,conditional,phase transition (해당 단계 advanced ÷ (advanced+suspended)),150,advanced + suspended transitions (해당 단계),2011-01-01~2020-11-30,p.7,Figure 2,yes,limited,"company-sponsored, FDA registration-enabling 개발 프로그램. 연구자 주도 연구와 다른 개발 중 약물과의 병용은 제외. 승인 기준은 FDA. Neurology와 별개로 집계된 원문 분류.",중단에는 과학적 실패뿐 아니라 상업성·규제·포트폴리오 판단에 따른 중단이 포함된다. 임상 평가변수 달성률이 아니다. BUYO 중추신경이 Neurology+Psychiatry를 뜻한다면 이 값은 그 일부다. 원문에 통합 직접값은 없다.,,N,,default,2035-12
BIO_A_0030,BIO 2021,Psychiatry,,중추신경(정신),P2,P3,0.268,conditional,phase transition (해당 단계 advanced ÷ (advanced+suspended)),164,advanced + suspended transitions (해당 단계),2011-01-01~2020-11-30,p.7,Figure 2,yes,limited,"company-sponsored, FDA registration-enabling 개발 프로그램. 연구자 주도 연구와 다른 개발 중 약물과의 병용은 제외. 승인 기준은 FDA. Neurology와 별개로 집계된 원문 분류.",중단에는 과학적 실패뿐 아니라 상업성·규제·포트폴리오 판단에 따른 중단이 포함된다. 임상 평가변수 달성률이 아니다. BUYO 중추신경이 Neurology+Psychiatry를 뜻한다면 이 값은 그 일부다. 원문에 통합 직접값은 없다.,,N,,default,2035-12
BIO_A_0031,BIO 2021,Psychiatry,,중추신경(정신),P3,NDA/BLA,0.563,conditional,phase transition (해당 단계 advanced ÷ (advanced+suspended)),71,advanced + suspended transitions (해당 단계),2011-01-01~2020-11-30,p.7,Figure 2,yes,limited,"company-sponsored, FDA registration-enabling 개발 프로그램. 연구자 주도 연구와 다른 개발 중 약물과의 병용은 제외. 승인 기준은 FDA. Neurology와 별개로 집계된 원문 분류.",중단에는 과학적 실패뿐 아니라 상업성·규제·포트폴리오 판단에 따른 중단이 포함된다. 임상 평가변수 달성률이 아니다. BUYO 중추신경이 Neurology+Psychiatry를 뜻한다면 이 값은 그 일부다. 원문에 통합 직접값은 없다.,,N,,default,2035-12
BIO_A_0032,BIO 2021,Psychiatry,,중추신경(정신),NDA/BLA,Approval,0.912,conditional,phase transition (해당 단계 advanced ÷ (advanced+suspended)),57,advanced + suspended transitions (해당 단계),2011-01-01~2020-11-30,p.7,Figure 2,yes,limited,"company-sponsored, FDA registration-enabling 개발 프로그램. 연구자 주도 연구와 다른 개발 중 약물과의 병용은 제외. 승인 기준은 FDA. Neurology와 별개로 집계된 원문 분류.",중단에는 과학적 실패뿐 아니라 상업성·규제·포트폴리오 판단에 따른 중단이 포함된다. 임상 평가변수 달성률이 아니다. BUYO 중추신경이 Neurology+Psychiatry를 뜻한다면 이 값은 그 일부다. 원문에 통합 직접값은 없다. 이 값은 Figure 5b의 NDA/BLA→Approval LOA와 같은 값이다. 두 개의 독립 근거로 중복 집계하지 않는다.,,N,,default,2035-12
BIO_A_0033,BIO 2021,Psychiatry,,중추신경(정신),P1,Approval,0.073,cumulative,conditional-product LOA (남은 단계 conditional transition probability의 곱),442,LOA 계산에 사용한 각 단계 전환 건수의 합 (고유 프로그램 수 아님),2011-01-01~2020-11-30,p.11,Figure 5b,yes,limited,"company-sponsored, FDA registration-enabling 개발 프로그램. 연구자 주도 연구와 다른 개발 중 약물과의 병용은 제외. 승인 기준은 FDA. Neurology와 별개로 집계된 원문 분류.",중단에는 과학적 실패뿐 아니라 상업성·규제·포트폴리오 판단에 따른 중단이 포함된다. 임상 평가변수 달성률이 아니다. BUYO 중추신경이 Neurology+Psychiatry를 뜻한다면 이 값은 그 일부다. 원문에 통합 직접값은 없다. 이미 LOA인 값에 후속 단계 전환율을 다시 곱하지 않는다.,,N,,default,2035-12
BIO_A_0034,BIO 2021,Psychiatry,,중추신경(정신),P2,Approval,0.138,cumulative,conditional-product LOA (남은 단계 conditional transition probability의 곱),292,LOA 계산에 사용한 각 단계 전환 건수의 합 (고유 프로그램 수 아님),2011-01-01~2020-11-30,p.11,Figure 5b,yes,limited,"company-sponsored, FDA registration-enabling 개발 프로그램. 연구자 주도 연구와 다른 개발 중 약물과의 병용은 제외. 승인 기준은 FDA. Neurology와 별개로 집계된 원문 분류.",중단에는 과학적 실패뿐 아니라 상업성·규제·포트폴리오 판단에 따른 중단이 포함된다. 임상 평가변수 달성률이 아니다. BUYO 중추신경이 Neurology+Psychiatry를 뜻한다면 이 값은 그 일부다. 원문에 통합 직접값은 없다. 이미 LOA인 값에 후속 단계 전환율을 다시 곱하지 않는다.,,N,,default,2035-12
BIO_A_0035,BIO 2021,Psychiatry,,중추신경(정신),P3,Approval,0.514,cumulative,conditional-product LOA (남은 단계 conditional transition probability의 곱),128,LOA 계산에 사용한 각 단계 전환 건수의 합 (고유 프로그램 수 아님),2011-01-01~2020-11-30,p.11,Figure 5b,yes,limited,"company-sponsored, FDA registration-enabling 개발 프로그램. 연구자 주도 연구와 다른 개발 중 약물과의 병용은 제외. 승인 기준은 FDA. Neurology와 별개로 집계된 원문 분류.",중단에는 과학적 실패뿐 아니라 상업성·규제·포트폴리오 판단에 따른 중단이 포함된다. 임상 평가변수 달성률이 아니다. BUYO 중추신경이 Neurology+Psychiatry를 뜻한다면 이 값은 그 일부다. 원문에 통합 직접값은 없다. 이미 LOA인 값에 후속 단계 전환율을 다시 곱하지 않는다.,,N,,default,2035-12
BIO_A_0036,BIO 2021,Metabolic,,대사·내분비,P1,P2,0.618,conditional,phase transition (해당 단계 advanced ÷ (advanced+suspended)),136,advanced + suspended transitions (해당 단계),2011-01-01~2020-11-30,p.7,Figure 2,yes,limited,"company-sponsored, FDA registration-enabling 개발 프로그램. 연구자 주도 연구와 다른 개발 중 약물과의 병용은 제외. 승인 기준은 FDA. Cardiovascular·Endocrine과 별개로 집계된 원문 분류.",중단에는 과학적 실패뿐 아니라 상업성·규제·포트폴리오 판단에 따른 중단이 포함된다. 임상 평가변수 달성률이 아니다. BUYO 대사·심혈관의 일부에만 대응한다. 통합값을 새로 만들면 원문이 보고한 값이 아니게 된다.,,N,,detail,2035-12
BIO_A_0037,BIO 2021,Metabolic,,대사·내분비,P2,P3,0.45,conditional,phase transition (해당 단계 advanced ÷ (advanced+suspended)),149,advanced + suspended transitions (해당 단계),2011-01-01~2020-11-30,p.7,Figure 2,yes,limited,"company-sponsored, FDA registration-enabling 개발 프로그램. 연구자 주도 연구와 다른 개발 중 약물과의 병용은 제외. 승인 기준은 FDA. Cardiovascular·Endocrine과 별개로 집계된 원문 분류.",중단에는 과학적 실패뿐 아니라 상업성·규제·포트폴리오 판단에 따른 중단이 포함된다. 임상 평가변수 달성률이 아니다. BUYO 대사·심혈관의 일부에만 대응한다. 통합값을 새로 만들면 원문이 보고한 값이 아니게 된다.,,N,,detail,2035-12
BIO_A_0038,BIO 2021,Metabolic,,대사·내분비,P3,NDA/BLA,0.636,conditional,phase transition (해당 단계 advanced ÷ (advanced+suspended)),66,advanced + suspended transitions (해당 단계),2011-01-01~2020-11-30,p.7,Figure 2,yes,limited,"company-sponsored, FDA registration-enabling 개발 프로그램. 연구자 주도 연구와 다른 개발 중 약물과의 병용은 제외. 승인 기준은 FDA. Cardiovascular·Endocrine과 별개로 집계된 원문 분류.",중단에는 과학적 실패뿐 아니라 상업성·규제·포트폴리오 판단에 따른 중단이 포함된다. 임상 평가변수 달성률이 아니다. BUYO 대사·심혈관의 일부에만 대응한다. 통합값을 새로 만들면 원문이 보고한 값이 아니게 된다.,,N,,detail,2035-12
BIO_A_0039,BIO 2021,Metabolic,,대사·내분비,NDA/BLA,Approval,0.875,conditional,phase transition (해당 단계 advanced ÷ (advanced+suspended)),48,advanced + suspended transitions (해당 단계),2011-01-01~2020-11-30,p.7,Figure 2,yes,limited,"company-sponsored, FDA registration-enabling 개발 프로그램. 연구자 주도 연구와 다른 개발 중 약물과의 병용은 제외. 승인 기준은 FDA. Cardiovascular·Endocrine과 별개로 집계된 원문 분류.",중단에는 과학적 실패뿐 아니라 상업성·규제·포트폴리오 판단에 따른 중단이 포함된다. 임상 평가변수 달성률이 아니다. BUYO 대사·심혈관의 일부에만 대응한다. 통합값을 새로 만들면 원문이 보고한 값이 아니게 된다. 이 값은 Figure 5b의 NDA/BLA→Approval LOA와 같은 값이다. 두 개의 독립 근거로 중복 집계하지 않는다.,,N,,detail,2035-12
BIO_A_0040,BIO 2021,Metabolic,,대사·내분비,P1,Approval,0.155,cumulative,conditional-product LOA (남은 단계 conditional transition probability의 곱),399,LOA 계산에 사용한 각 단계 전환 건수의 합 (고유 프로그램 수 아님),2011-01-01~2020-11-30,p.11,Figure 5b,yes,limited,"company-sponsored, FDA registration-enabling 개발 프로그램. 연구자 주도 연구와 다른 개발 중 약물과의 병용은 제외. 승인 기준은 FDA. Cardiovascular·Endocrine과 별개로 집계된 원문 분류.",중단에는 과학적 실패뿐 아니라 상업성·규제·포트폴리오 판단에 따른 중단이 포함된다. 임상 평가변수 달성률이 아니다. BUYO 대사·심혈관의 일부에만 대응한다. 통합값을 새로 만들면 원문이 보고한 값이 아니게 된다. 이미 LOA인 값에 후속 단계 전환율을 다시 곱하지 않는다.,,N,,detail,2035-12
BIO_A_0041,BIO 2021,Metabolic,,대사·내분비,P2,Approval,0.25,cumulative,conditional-product LOA (남은 단계 conditional transition probability의 곱),263,LOA 계산에 사용한 각 단계 전환 건수의 합 (고유 프로그램 수 아님),2011-01-01~2020-11-30,p.11,Figure 5b,yes,limited,"company-sponsored, FDA registration-enabling 개발 프로그램. 연구자 주도 연구와 다른 개발 중 약물과의 병용은 제외. 승인 기준은 FDA. Cardiovascular·Endocrine과 별개로 집계된 원문 분류.",중단에는 과학적 실패뿐 아니라 상업성·규제·포트폴리오 판단에 따른 중단이 포함된다. 임상 평가변수 달성률이 아니다. BUYO 대사·심혈관의 일부에만 대응한다. 통합값을 새로 만들면 원문이 보고한 값이 아니게 된다. 이미 LOA인 값에 후속 단계 전환율을 다시 곱하지 않는다.,,N,,detail,2035-12
BIO_A_0042,BIO 2021,Metabolic,,대사·내분비,P3,Approval,0.557,cumulative,conditional-product LOA (남은 단계 conditional transition probability의 곱),114,LOA 계산에 사용한 각 단계 전환 건수의 합 (고유 프로그램 수 아님),2011-01-01~2020-11-30,p.11,Figure 5b,yes,limited,"company-sponsored, FDA registration-enabling 개발 프로그램. 연구자 주도 연구와 다른 개발 중 약물과의 병용은 제외. 승인 기준은 FDA. Cardiovascular·Endocrine과 별개로 집계된 원문 분류.",중단에는 과학적 실패뿐 아니라 상업성·규제·포트폴리오 판단에 따른 중단이 포함된다. 임상 평가변수 달성률이 아니다. BUYO 대사·심혈관의 일부에만 대응한다. 통합값을 새로 만들면 원문이 보고한 값이 아니게 된다. 이미 LOA인 값에 후속 단계 전환율을 다시 곱하지 않는다.,,N,,detail,2035-12
BIO_A_0043,BIO 2021,Cardiovascular,,심혈관,P1,P2,0.5,conditional,phase transition (해당 단계 advanced ÷ (advanced+suspended)),214,advanced + suspended transitions (해당 단계),2011-01-01~2020-11-30,p.7,Figure 2,yes,limited,"company-sponsored, FDA registration-enabling 개발 프로그램. 연구자 주도 연구와 다른 개발 중 약물과의 병용은 제외. 승인 기준은 FDA. Metabolic·Endocrine과 별개로 집계된 원문 분류.",중단에는 과학적 실패뿐 아니라 상업성·규제·포트폴리오 판단에 따른 중단이 포함된다. 임상 평가변수 달성률이 아니다. BUYO 대사·심혈관의 일부에만 대응한다. 통합값을 새로 만들면 원문이 보고한 값이 아니게 된다.,,N,,default,2035-12
BIO_A_0044,BIO 2021,Cardiovascular,,심혈관,P2,P3,0.21,conditional,phase transition (해당 단계 advanced ÷ (advanced+suspended)),252,advanced + suspended transitions (해당 단계),2011-01-01~2020-11-30,p.7,Figure 2,yes,limited,"company-sponsored, FDA registration-enabling 개발 프로그램. 연구자 주도 연구와 다른 개발 중 약물과의 병용은 제외. 승인 기준은 FDA. Metabolic·Endocrine과 별개로 집계된 원문 분류.",중단에는 과학적 실패뿐 아니라 상업성·규제·포트폴리오 판단에 따른 중단이 포함된다. 임상 평가변수 달성률이 아니다. BUYO 대사·심혈관의 일부에만 대응한다. 통합값을 새로 만들면 원문이 보고한 값이 아니게 된다.,,N,,default,2035-12
BIO_A_0045,BIO 2021,Cardiovascular,,심혈관,P3,NDA/BLA,0.552,conditional,phase transition (해당 단계 advanced ÷ (advanced+suspended)),105,advanced + suspended transitions (해당 단계),2011-01-01~2020-11-30,p.7,Figure 2,yes,limited,"company-sponsored, FDA registration-enabling 개발 프로그램. 연구자 주도 연구와 다른 개발 중 약물과의 병용은 제외. 승인 기준은 FDA. Metabolic·Endocrine과 별개로 집계된 원문 분류.",중단에는 과학적 실패뿐 아니라 상업성·규제·포트폴리오 판단에 따른 중단이 포함된다. 임상 평가변수 달성률이 아니다. BUYO 대사·심혈관의 일부에만 대응한다. 통합값을 새로 만들면 원문이 보고한 값이 아니게 된다.,,N,,default,2035-12
BIO_A_0046,BIO 2021,Cardiovascular,,심혈관,NDA/BLA,Approval,0.825,conditional,phase transition (해당 단계 advanced ÷ (advanced+suspended)),80,advanced + suspended transitions (해당 단계),2011-01-01~2020-11-30,p.7,Figure 2,yes,limited,"company-sponsored, FDA registration-enabling 개발 프로그램. 연구자 주도 연구와 다른 개발 중 약물과의 병용은 제외. 승인 기준은 FDA. Metabolic·Endocrine과 별개로 집계된 원문 분류.",중단에는 과학적 실패뿐 아니라 상업성·규제·포트폴리오 판단에 따른 중단이 포함된다. 임상 평가변수 달성률이 아니다. BUYO 대사·심혈관의 일부에만 대응한다. 통합값을 새로 만들면 원문이 보고한 값이 아니게 된다. 이 값은 Figure 5b의 NDA/BLA→Approval LOA와 같은 값이다. 두 개의 독립 근거로 중복 집계하지 않는다.,,N,,default,2035-12
BIO_A_0047,BIO 2021,Cardiovascular,,심혈관,P1,Approval,0.048,cumulative,conditional-product LOA (남은 단계 conditional transition probability의 곱),651,LOA 계산에 사용한 각 단계 전환 건수의 합 (고유 프로그램 수 아님),2011-01-01~2020-11-30,p.11,Figure 5b,yes,limited,"company-sponsored, FDA registration-enabling 개발 프로그램. 연구자 주도 연구와 다른 개발 중 약물과의 병용은 제외. 승인 기준은 FDA. Metabolic·Endocrine과 별개로 집계된 원문 분류.",중단에는 과학적 실패뿐 아니라 상업성·규제·포트폴리오 판단에 따른 중단이 포함된다. 임상 평가변수 달성률이 아니다. BUYO 대사·심혈관의 일부에만 대응한다. 통합값을 새로 만들면 원문이 보고한 값이 아니게 된다. 이미 LOA인 값에 후속 단계 전환율을 다시 곱하지 않는다.,,N,,default,2035-12
BIO_A_0048,BIO 2021,Cardiovascular,,심혈관,P2,Approval,0.096,cumulative,conditional-product LOA (남은 단계 conditional transition probability의 곱),437,LOA 계산에 사용한 각 단계 전환 건수의 합 (고유 프로그램 수 아님),2011-01-01~2020-11-30,p.11,Figure 5b,yes,limited,"company-sponsored, FDA registration-enabling 개발 프로그램. 연구자 주도 연구와 다른 개발 중 약물과의 병용은 제외. 승인 기준은 FDA. Metabolic·Endocrine과 별개로 집계된 원문 분류.",중단에는 과학적 실패뿐 아니라 상업성·규제·포트폴리오 판단에 따른 중단이 포함된다. 임상 평가변수 달성률이 아니다. BUYO 대사·심혈관의 일부에만 대응한다. 통합값을 새로 만들면 원문이 보고한 값이 아니게 된다. 이미 LOA인 값에 후속 단계 전환율을 다시 곱하지 않는다.,,N,,default,2035-12
BIO_A_0049,BIO 2021,Cardiovascular,,심혈관,P3,Approval,0.456,cumulative,conditional-product LOA (남은 단계 conditional transition probability의 곱),185,LOA 계산에 사용한 각 단계 전환 건수의 합 (고유 프로그램 수 아님),2011-01-01~2020-11-30,p.11,Figure 5b,yes,limited,"company-sponsored, FDA registration-enabling 개발 프로그램. 연구자 주도 연구와 다른 개발 중 약물과의 병용은 제외. 승인 기준은 FDA. Metabolic·Endocrine과 별개로 집계된 원문 분류.",중단에는 과학적 실패뿐 아니라 상업성·규제·포트폴리오 판단에 따른 중단이 포함된다. 임상 평가변수 달성률이 아니다. BUYO 대사·심혈관의 일부에만 대응한다. 통합값을 새로 만들면 원문이 보고한 값이 아니게 된다. 이미 LOA인 값에 후속 단계 전환율을 다시 곱하지 않는다.,,N,,default,2035-12
BIO_A_0050,BIO 2021,Endocrine,,대사·내분비,P1,P2,0.433,conditional,phase transition (해당 단계 advanced ÷ (advanced+suspended)),319,advanced + suspended transitions (해당 단계),2011-01-01~2020-11-30,p.7,Figure 2,yes,limited,"company-sponsored, FDA registration-enabling 개발 프로그램. 연구자 주도 연구와 다른 개발 중 약물과의 병용은 제외. 승인 기준은 FDA. Metabolic과 별개로 집계된 원문 분류.",중단에는 과학적 실패뿐 아니라 상업성·규제·포트폴리오 판단에 따른 중단이 포함된다. 임상 평가변수 달성률이 아니다. Metabolic과 동일시하지 않는다. BUYO 대사·심혈관에 포함할지 여부는 내부 규칙 결정 대상이다.,"Endocrine 귀속 임시, 발표 후 재검토",N,,detail,2035-12
BIO_A_0051,BIO 2021,Endocrine,,대사·내분비,P2,P3,0.266,conditional,phase transition (해당 단계 advanced ÷ (advanced+suspended)),293,advanced + suspended transitions (해당 단계),2011-01-01~2020-11-30,p.7,Figure 2,yes,limited,"company-sponsored, FDA registration-enabling 개발 프로그램. 연구자 주도 연구와 다른 개발 중 약물과의 병용은 제외. 승인 기준은 FDA. Metabolic과 별개로 집계된 원문 분류.",중단에는 과학적 실패뿐 아니라 상업성·규제·포트폴리오 판단에 따른 중단이 포함된다. 임상 평가변수 달성률이 아니다. Metabolic과 동일시하지 않는다. BUYO 대사·심혈관에 포함할지 여부는 내부 규칙 결정 대상이다.,"Endocrine 귀속 임시, 발표 후 재검토",N,,detail,2035-12
BIO_A_0052,BIO 2021,Endocrine,,대사·내분비,P3,NDA/BLA,0.662,conditional,phase transition (해당 단계 advanced ÷ (advanced+suspended)),151,advanced + suspended transitions (해당 단계),2011-01-01~2020-11-30,p.7,Figure 2,yes,limited,"company-sponsored, FDA registration-enabling 개발 프로그램. 연구자 주도 연구와 다른 개발 중 약물과의 병용은 제외. 승인 기준은 FDA. Metabolic과 별개로 집계된 원문 분류.",중단에는 과학적 실패뿐 아니라 상업성·규제·포트폴리오 판단에 따른 중단이 포함된다. 임상 평가변수 달성률이 아니다. Metabolic과 동일시하지 않는다. BUYO 대사·심혈관에 포함할지 여부는 내부 규칙 결정 대상이다.,"Endocrine 귀속 임시, 발표 후 재검토",N,,detail,2035-12
BIO_A_0053,BIO 2021,Endocrine,,대사·내분비,NDA/BLA,Approval,0.863,conditional,phase transition (해당 단계 advanced ÷ (advanced+suspended)),124,advanced + suspended transitions (해당 단계),2011-01-01~2020-11-30,p.7,Figure 2,yes,limited,"company-sponsored, FDA registration-enabling 개발 프로그램. 연구자 주도 연구와 다른 개발 중 약물과의 병용은 제외. 승인 기준은 FDA. Metabolic과 별개로 집계된 원문 분류.",중단에는 과학적 실패뿐 아니라 상업성·규제·포트폴리오 판단에 따른 중단이 포함된다. 임상 평가변수 달성률이 아니다. Metabolic과 동일시하지 않는다. BUYO 대사·심혈관에 포함할지 여부는 내부 규칙 결정 대상이다. 이 값은 Figure 5b의 NDA/BLA→Approval LOA와 같은 값이다. 두 개의 독립 근거로 중복 집계하지 않는다.,"Endocrine 귀속 임시, 발표 후 재검토",N,,detail,2035-12
BIO_A_0054,BIO 2021,Endocrine,,대사·내분비,P1,Approval,0.066,cumulative,conditional-product LOA (남은 단계 conditional transition probability의 곱),887,LOA 계산에 사용한 각 단계 전환 건수의 합 (고유 프로그램 수 아님),2011-01-01~2020-11-30,p.11,Figure 5b,yes,limited,"company-sponsored, FDA registration-enabling 개발 프로그램. 연구자 주도 연구와 다른 개발 중 약물과의 병용은 제외. 승인 기준은 FDA. Metabolic과 별개로 집계된 원문 분류.",중단에는 과학적 실패뿐 아니라 상업성·규제·포트폴리오 판단에 따른 중단이 포함된다. 임상 평가변수 달성률이 아니다. Metabolic과 동일시하지 않는다. BUYO 대사·심혈관에 포함할지 여부는 내부 규칙 결정 대상이다. 이미 LOA인 값에 후속 단계 전환율을 다시 곱하지 않는다.,"Endocrine 귀속 임시, 발표 후 재검토",N,,detail,2035-12
BIO_A_0055,BIO 2021,Endocrine,,대사·내분비,P2,Approval,0.152,cumulative,conditional-product LOA (남은 단계 conditional transition probability의 곱),568,LOA 계산에 사용한 각 단계 전환 건수의 합 (고유 프로그램 수 아님),2011-01-01~2020-11-30,p.11,Figure 5b,yes,limited,"company-sponsored, FDA registration-enabling 개발 프로그램. 연구자 주도 연구와 다른 개발 중 약물과의 병용은 제외. 승인 기준은 FDA. Metabolic과 별개로 집계된 원문 분류.",중단에는 과학적 실패뿐 아니라 상업성·규제·포트폴리오 판단에 따른 중단이 포함된다. 임상 평가변수 달성률이 아니다. Metabolic과 동일시하지 않는다. BUYO 대사·심혈관에 포함할지 여부는 내부 규칙 결정 대상이다. 이미 LOA인 값에 후속 단계 전환율을 다시 곱하지 않는다.,"Endocrine 귀속 임시, 발표 후 재검토",N,,detail,2035-12
BIO_A_0056,BIO 2021,Endocrine,,대사·내분비,P3,Approval,0.5710000000000001,cumulative,conditional-product LOA (남은 단계 conditional transition probability의 곱),275,LOA 계산에 사용한 각 단계 전환 건수의 합 (고유 프로그램 수 아님),2011-01-01~2020-11-30,p.11,Figure 5b,yes,limited,"company-sponsored, FDA registration-enabling 개발 프로그램. 연구자 주도 연구와 다른 개발 중 약물과의 병용은 제외. 승인 기준은 FDA. Metabolic과 별개로 집계된 원문 분류.",중단에는 과학적 실패뿐 아니라 상업성·규제·포트폴리오 판단에 따른 중단이 포함된다. 임상 평가변수 달성률이 아니다. Metabolic과 동일시하지 않는다. BUYO 대사·심혈관에 포함할지 여부는 내부 규칙 결정 대상이다. 이미 LOA인 값에 후속 단계 전환율을 다시 곱하지 않는다.,"Endocrine 귀속 임시, 발표 후 재검토",N,,detail,2035-12
BIO_A_0057,BIO 2021,Hematology,,,P1,P2,0.696,conditional,phase transition (해당 단계 advanced ÷ (advanced+suspended)),92,advanced + suspended transitions (해당 단계),2011-01-01~2020-11-30,p.7,Figure 2,yes,hold,"company-sponsored, FDA registration-enabling 개발 프로그램. 연구자 주도 연구와 다른 개발 중 약물과의 병용은 제외. 승인 기준은 FDA. 혈우병·빈혈 등이 포함된 원문 질환영역.",중단에는 과학적 실패뿐 아니라 상업성·규제·포트폴리오 판단에 따른 중단이 포함된다. 임상 평가변수 달성률이 아니다. 혈우병 비중이 크더라도 범주 전체를 희귀·유전이나 혈액암으로 재분류할 수 없다.,,N,,,2035-12
BIO_A_0058,BIO 2021,Hematology,,,P2,P3,0.481,conditional,phase transition (해당 단계 advanced ÷ (advanced+suspended)),106,advanced + suspended transitions (해당 단계),2011-01-01~2020-11-30,p.7,Figure 2,yes,hold,"company-sponsored, FDA registration-enabling 개발 프로그램. 연구자 주도 연구와 다른 개발 중 약물과의 병용은 제외. 승인 기준은 FDA. 혈우병·빈혈 등이 포함된 원문 질환영역.",중단에는 과학적 실패뿐 아니라 상업성·규제·포트폴리오 판단에 따른 중단이 포함된다. 임상 평가변수 달성률이 아니다. 혈우병 비중이 크더라도 범주 전체를 희귀·유전이나 혈액암으로 재분류할 수 없다.,,N,,,2035-12
BIO_A_0059,BIO 2021,Hematology,,,P3,NDA/BLA,0.768,conditional,phase transition (해당 단계 advanced ÷ (advanced+suspended)),82,advanced + suspended transitions (해당 단계),2011-01-01~2020-11-30,p.7,Figure 2,yes,hold,"company-sponsored, FDA registration-enabling 개발 프로그램. 연구자 주도 연구와 다른 개발 중 약물과의 병용은 제외. 승인 기준은 FDA. 혈우병·빈혈 등이 포함된 원문 질환영역.",중단에는 과학적 실패뿐 아니라 상업성·규제·포트폴리오 판단에 따른 중단이 포함된다. 임상 평가변수 달성률이 아니다. 혈우병 비중이 크더라도 범주 전체를 희귀·유전이나 혈액암으로 재분류할 수 없다.,,N,,,2035-12
BIO_A_0060,BIO 2021,Hematology,,,NDA/BLA,Approval,0.9309999999999999,conditional,phase transition (해당 단계 advanced ÷ (advanced+suspended)),72,advanced + suspended transitions (해당 단계),2011-01-01~2020-11-30,p.7,Figure 2,yes,hold,"company-sponsored, FDA registration-enabling 개발 프로그램. 연구자 주도 연구와 다른 개발 중 약물과의 병용은 제외. 승인 기준은 FDA. 혈우병·빈혈 등이 포함된 원문 질환영역.",중단에는 과학적 실패뿐 아니라 상업성·규제·포트폴리오 판단에 따른 중단이 포함된다. 임상 평가변수 달성률이 아니다. 혈우병 비중이 크더라도 범주 전체를 희귀·유전이나 혈액암으로 재분류할 수 없다. 이 값은 Figure 5b의 NDA/BLA→Approval LOA와 같은 값이다. 두 개의 독립 근거로 중복 집계하지 않는다.,,N,,,2035-12
BIO_A_0061,BIO 2021,Hematology,,,P1,Approval,0.239,cumulative,conditional-product LOA (남은 단계 conditional transition probability의 곱),352,LOA 계산에 사용한 각 단계 전환 건수의 합 (고유 프로그램 수 아님),2011-01-01~2020-11-30,p.11,Figure 5b,yes,hold,"company-sponsored, FDA registration-enabling 개발 프로그램. 연구자 주도 연구와 다른 개발 중 약물과의 병용은 제외. 승인 기준은 FDA. 혈우병·빈혈 등이 포함된 원문 질환영역.",중단에는 과학적 실패뿐 아니라 상업성·규제·포트폴리오 판단에 따른 중단이 포함된다. 임상 평가변수 달성률이 아니다. 혈우병 비중이 크더라도 범주 전체를 희귀·유전이나 혈액암으로 재분류할 수 없다. 이미 LOA인 값에 후속 단계 전환율을 다시 곱하지 않는다.,,N,,,2035-12
BIO_A_0062,BIO 2021,Hematology,,,P2,Approval,0.344,cumulative,conditional-product LOA (남은 단계 conditional transition probability의 곱),260,LOA 계산에 사용한 각 단계 전환 건수의 합 (고유 프로그램 수 아님),2011-01-01~2020-11-30,p.11,Figure 5b,yes,hold,"company-sponsored, FDA registration-enabling 개발 프로그램. 연구자 주도 연구와 다른 개발 중 약물과의 병용은 제외. 승인 기준은 FDA. 혈우병·빈혈 등이 포함된 원문 질환영역.",중단에는 과학적 실패뿐 아니라 상업성·규제·포트폴리오 판단에 따른 중단이 포함된다. 임상 평가변수 달성률이 아니다. 혈우병 비중이 크더라도 범주 전체를 희귀·유전이나 혈액암으로 재분류할 수 없다. 이미 LOA인 값에 후속 단계 전환율을 다시 곱하지 않는다.,,N,,,2035-12
BIO_A_0063,BIO 2021,Hematology,,,P3,Approval,0.715,cumulative,conditional-product LOA (남은 단계 conditional transition probability의 곱),154,LOA 계산에 사용한 각 단계 전환 건수의 합 (고유 프로그램 수 아님),2011-01-01~2020-11-30,p.11,Figure 5b,yes,hold,"company-sponsored, FDA registration-enabling 개발 프로그램. 연구자 주도 연구와 다른 개발 중 약물과의 병용은 제외. 승인 기준은 FDA. 혈우병·빈혈 등이 포함된 원문 질환영역.",중단에는 과학적 실패뿐 아니라 상업성·규제·포트폴리오 판단에 따른 중단이 포함된다. 임상 평가변수 달성률이 아니다. 혈우병 비중이 크더라도 범주 전체를 희귀·유전이나 혈액암으로 재분류할 수 없다. 이미 LOA인 값에 후속 단계 전환율을 다시 곱하지 않는다.,,N,,,2035-12
BIO_A_0064,BIO 2021,Autoimmune,,,P1,P2,0.552,conditional,phase transition (해당 단계 advanced ÷ (advanced+suspended)),413,advanced + suspended transitions (해당 단계),2011-01-01~2020-11-30,p.7,Figure 2,yes,hold,"company-sponsored, FDA registration-enabling 개발 프로그램. 연구자 주도 연구와 다른 개발 중 약물과의 병용은 제외. 승인 기준은 FDA. 원문 질환영역 분류.",중단에는 과학적 실패뿐 아니라 상업성·규제·포트폴리오 판단에 따른 중단이 포함된다. 임상 평가변수 달성률이 아니다. BUYO 기타 전체의 대표값이 아니다.,,N,,,2035-12
BIO_A_0065,BIO 2021,Autoimmune,,,P2,P3,0.314,conditional,phase transition (해당 단계 advanced ÷ (advanced+suspended)),471,advanced + suspended transitions (해당 단계),2011-01-01~2020-11-30,p.7,Figure 2,yes,hold,"company-sponsored, FDA registration-enabling 개발 프로그램. 연구자 주도 연구와 다른 개발 중 약물과의 병용은 제외. 승인 기준은 FDA. 원문 질환영역 분류.",중단에는 과학적 실패뿐 아니라 상업성·규제·포트폴리오 판단에 따른 중단이 포함된다. 임상 평가변수 달성률이 아니다. BUYO 기타 전체의 대표값이 아니다.,,N,,,2035-12
BIO_A_0066,BIO 2021,Autoimmune,,,P3,NDA/BLA,0.653,conditional,phase transition (해당 단계 advanced ÷ (advanced+suspended)),219,advanced + suspended transitions (해당 단계),2011-01-01~2020-11-30,p.7,Figure 2,yes,hold,"company-sponsored, FDA registration-enabling 개발 프로그램. 연구자 주도 연구와 다른 개발 중 약물과의 병용은 제외. 승인 기준은 FDA. 원문 질환영역 분류.",중단에는 과학적 실패뿐 아니라 상업성·규제·포트폴리오 판단에 따른 중단이 포함된다. 임상 평가변수 달성률이 아니다. BUYO 기타 전체의 대표값이 아니다.,,N,,,2035-12
BIO_A_0067,BIO 2021,Autoimmune,,,NDA/BLA,Approval,0.941,conditional,phase transition (해당 단계 advanced ÷ (advanced+suspended)),202,advanced + suspended transitions (해당 단계),2011-01-01~2020-11-30,p.7,Figure 2,yes,hold,"company-sponsored, FDA registration-enabling 개발 프로그램. 연구자 주도 연구와 다른 개발 중 약물과의 병용은 제외. 승인 기준은 FDA. 원문 질환영역 분류.",중단에는 과학적 실패뿐 아니라 상업성·규제·포트폴리오 판단에 따른 중단이 포함된다. 임상 평가변수 달성률이 아니다. BUYO 기타 전체의 대표값이 아니다. 이 값은 Figure 5b의 NDA/BLA→Approval LOA와 같은 값이다. 두 개의 독립 근거로 중복 집계하지 않는다.,,N,,,2035-12
BIO_A_0068,BIO 2021,Autoimmune,,,P1,Approval,0.107,cumulative,conditional-product LOA (남은 단계 conditional transition probability의 곱),1305,LOA 계산에 사용한 각 단계 전환 건수의 합 (고유 프로그램 수 아님),2011-01-01~2020-11-30,p.11,Figure 5b,yes,hold,"company-sponsored, FDA registration-enabling 개발 프로그램. 연구자 주도 연구와 다른 개발 중 약물과의 병용은 제외. 승인 기준은 FDA. 원문 질환영역 분류.",중단에는 과학적 실패뿐 아니라 상업성·규제·포트폴리오 판단에 따른 중단이 포함된다. 임상 평가변수 달성률이 아니다. BUYO 기타 전체의 대표값이 아니다. 이미 LOA인 값에 후속 단계 전환율을 다시 곱하지 않는다.,,N,,,2035-12
BIO_A_0069,BIO 2021,Autoimmune,,,P2,Approval,0.193,cumulative,conditional-product LOA (남은 단계 conditional transition probability의 곱),892,LOA 계산에 사용한 각 단계 전환 건수의 합 (고유 프로그램 수 아님),2011-01-01~2020-11-30,p.11,Figure 5b,yes,hold,"company-sponsored, FDA registration-enabling 개발 프로그램. 연구자 주도 연구와 다른 개발 중 약물과의 병용은 제외. 승인 기준은 FDA. 원문 질환영역 분류.",중단에는 과학적 실패뿐 아니라 상업성·규제·포트폴리오 판단에 따른 중단이 포함된다. 임상 평가변수 달성률이 아니다. BUYO 기타 전체의 대표값이 아니다. 이미 LOA인 값에 후속 단계 전환율을 다시 곱하지 않는다.,,N,,,2035-12
BIO_A_0070,BIO 2021,Autoimmune,,,P3,Approval,0.614,cumulative,conditional-product LOA (남은 단계 conditional transition probability의 곱),421,LOA 계산에 사용한 각 단계 전환 건수의 합 (고유 프로그램 수 아님),2011-01-01~2020-11-30,p.11,Figure 5b,yes,hold,"company-sponsored, FDA registration-enabling 개발 프로그램. 연구자 주도 연구와 다른 개발 중 약물과의 병용은 제외. 승인 기준은 FDA. 원문 질환영역 분류.",중단에는 과학적 실패뿐 아니라 상업성·규제·포트폴리오 판단에 따른 중단이 포함된다. 임상 평가변수 달성률이 아니다. BUYO 기타 전체의 대표값이 아니다. 이미 LOA인 값에 후속 단계 전환율을 다시 곱하지 않는다.,,N,,,2035-12
BIO_A_0071,BIO 2021,Ophthalmology,,,P1,P2,0.716,conditional,phase transition (해당 단계 advanced ÷ (advanced+suspended)),88,advanced + suspended transitions (해당 단계),2011-01-01~2020-11-30,p.7,Figure 2,yes,hold,"company-sponsored, FDA registration-enabling 개발 프로그램. 연구자 주도 연구와 다른 개발 중 약물과의 병용은 제외. 승인 기준은 FDA. 원문 질환영역 분류.",중단에는 과학적 실패뿐 아니라 상업성·규제·포트폴리오 판단에 따른 중단이 포함된다. 임상 평가변수 달성률이 아니다. BUYO 기타 전체의 대표값이 아니다.,,N,,,2035-12
BIO_A_0072,BIO 2021,Ophthalmology,,,P2,P3,0.355,conditional,phase transition (해당 단계 advanced ÷ (advanced+suspended)),200,advanced + suspended transitions (해당 단계),2011-01-01~2020-11-30,p.7,Figure 2,yes,hold,"company-sponsored, FDA registration-enabling 개발 프로그램. 연구자 주도 연구와 다른 개발 중 약물과의 병용은 제외. 승인 기준은 FDA. 원문 질환영역 분류.",중단에는 과학적 실패뿐 아니라 상업성·규제·포트폴리오 판단에 따른 중단이 포함된다. 임상 평가변수 달성률이 아니다. BUYO 기타 전체의 대표값이 아니다.,,N,,,2035-12
BIO_A_0073,BIO 2021,Ophthalmology,,,P3,NDA/BLA,0.512,conditional,phase transition (해당 단계 advanced ÷ (advanced+suspended)),82,advanced + suspended transitions (해당 단계),2011-01-01~2020-11-30,p.7,Figure 2,yes,hold,"company-sponsored, FDA registration-enabling 개발 프로그램. 연구자 주도 연구와 다른 개발 중 약물과의 병용은 제외. 승인 기준은 FDA. 원문 질환영역 분류.",중단에는 과학적 실패뿐 아니라 상업성·규제·포트폴리오 판단에 따른 중단이 포함된다. 임상 평가변수 달성률이 아니다. BUYO 기타 전체의 대표값이 아니다.,,N,,,2035-12
BIO_A_0074,BIO 2021,Ophthalmology,,,NDA/BLA,Approval,0.9109999999999999,conditional,phase transition (해당 단계 advanced ÷ (advanced+suspended)),45,advanced + suspended transitions (해당 단계),2011-01-01~2020-11-30,p.7,Figure 2,yes,hold,"company-sponsored, FDA registration-enabling 개발 프로그램. 연구자 주도 연구와 다른 개발 중 약물과의 병용은 제외. 승인 기준은 FDA. 원문 질환영역 분류.",중단에는 과학적 실패뿐 아니라 상업성·규제·포트폴리오 판단에 따른 중단이 포함된다. 임상 평가변수 달성률이 아니다. BUYO 기타 전체의 대표값이 아니다. 이 값은 Figure 5b의 NDA/BLA→Approval LOA와 같은 값이다. 두 개의 독립 근거로 중복 집계하지 않는다.,,N,,,2035-12
BIO_A_0075,BIO 2021,Ophthalmology,,,P1,Approval,0.119,cumulative,conditional-product LOA (남은 단계 conditional transition probability의 곱),415,LOA 계산에 사용한 각 단계 전환 건수의 합 (고유 프로그램 수 아님),2011-01-01~2020-11-30,p.11,Figure 5b,yes,hold,"company-sponsored, FDA registration-enabling 개발 프로그램. 연구자 주도 연구와 다른 개발 중 약물과의 병용은 제외. 승인 기준은 FDA. 원문 질환영역 분류.",중단에는 과학적 실패뿐 아니라 상업성·규제·포트폴리오 판단에 따른 중단이 포함된다. 임상 평가변수 달성률이 아니다. BUYO 기타 전체의 대표값이 아니다. 이미 LOA인 값에 후속 단계 전환율을 다시 곱하지 않는다.,,N,,,2035-12
BIO_A_0076,BIO 2021,Ophthalmology,,,P2,Approval,0.166,cumulative,conditional-product LOA (남은 단계 conditional transition probability의 곱),327,LOA 계산에 사용한 각 단계 전환 건수의 합 (고유 프로그램 수 아님),2011-01-01~2020-11-30,p.11,Figure 5b,yes,hold,"company-sponsored, FDA registration-enabling 개발 프로그램. 연구자 주도 연구와 다른 개발 중 약물과의 병용은 제외. 승인 기준은 FDA. 원문 질환영역 분류.",중단에는 과학적 실패뿐 아니라 상업성·규제·포트폴리오 판단에 따른 중단이 포함된다. 임상 평가변수 달성률이 아니다. BUYO 기타 전체의 대표값이 아니다. 이미 LOA인 값에 후속 단계 전환율을 다시 곱하지 않는다.,,N,,,2035-12
BIO_A_0077,BIO 2021,Ophthalmology,,,P3,Approval,0.467,cumulative,conditional-product LOA (남은 단계 conditional transition probability의 곱),127,LOA 계산에 사용한 각 단계 전환 건수의 합 (고유 프로그램 수 아님),2011-01-01~2020-11-30,p.11,Figure 5b,yes,hold,"company-sponsored, FDA registration-enabling 개발 프로그램. 연구자 주도 연구와 다른 개발 중 약물과의 병용은 제외. 승인 기준은 FDA. 원문 질환영역 분류.",중단에는 과학적 실패뿐 아니라 상업성·규제·포트폴리오 판단에 따른 중단이 포함된다. 임상 평가변수 달성률이 아니다. BUYO 기타 전체의 대표값이 아니다. 이미 LOA인 값에 후속 단계 전환율을 다시 곱하지 않는다.,,N,,,2035-12
BIO_A_0078,BIO 2021,Respiratory,,,P1,P2,0.5589999999999999,conditional,phase transition (해당 단계 advanced ÷ (advanced+suspended)),179,advanced + suspended transitions (해당 단계),2011-01-01~2020-11-30,p.7,Figure 2,yes,hold,"company-sponsored, FDA registration-enabling 개발 프로그램. 연구자 주도 연구와 다른 개발 중 약물과의 병용은 제외. 승인 기준은 FDA. 원문 질환영역 분류.",중단에는 과학적 실패뿐 아니라 상업성·규제·포트폴리오 판단에 따른 중단이 포함된다. 임상 평가변수 달성률이 아니다. BUYO 기타 전체의 대표값이 아니다.,,N,,,2035-12
BIO_A_0079,BIO 2021,Respiratory,,,P2,P3,0.219,conditional,phase transition (해당 단계 advanced ÷ (advanced+suspended)),215,advanced + suspended transitions (해당 단계),2011-01-01~2020-11-30,p.7,Figure 2,yes,hold,"company-sponsored, FDA registration-enabling 개발 프로그램. 연구자 주도 연구와 다른 개발 중 약물과의 병용은 제외. 승인 기준은 FDA. 원문 질환영역 분류.",중단에는 과학적 실패뿐 아니라 상업성·규제·포트폴리오 판단에 따른 중단이 포함된다. 임상 평가변수 달성률이 아니다. BUYO 기타 전체의 대표값이 아니다.,,N,,,2035-12
BIO_A_0080,BIO 2021,Respiratory,,,P3,NDA/BLA,0.645,conditional,phase transition (해당 단계 advanced ÷ (advanced+suspended)),62,advanced + suspended transitions (해당 단계),2011-01-01~2020-11-30,p.7,Figure 2,yes,hold,"company-sponsored, FDA registration-enabling 개발 프로그램. 연구자 주도 연구와 다른 개발 중 약물과의 병용은 제외. 승인 기준은 FDA. 원문 질환영역 분류.",중단에는 과학적 실패뿐 아니라 상업성·규제·포트폴리오 판단에 따른 중단이 포함된다. 임상 평가변수 달성률이 아니다. BUYO 기타 전체의 대표값이 아니다.,,N,,,2035-12
BIO_A_0081,BIO 2021,Respiratory,,,NDA/BLA,Approval,0.956,conditional,phase transition (해당 단계 advanced ÷ (advanced+suspended)),45,advanced + suspended transitions (해당 단계),2011-01-01~2020-11-30,p.7,Figure 2,yes,hold,"company-sponsored, FDA registration-enabling 개발 프로그램. 연구자 주도 연구와 다른 개발 중 약물과의 병용은 제외. 승인 기준은 FDA. 원문 질환영역 분류.",중단에는 과학적 실패뿐 아니라 상업성·규제·포트폴리오 판단에 따른 중단이 포함된다. 임상 평가변수 달성률이 아니다. BUYO 기타 전체의 대표값이 아니다. 이 값은 Figure 5b의 NDA/BLA→Approval LOA와 같은 값이다. 두 개의 독립 근거로 중복 집계하지 않는다.,,N,,,2035-12
BIO_A_0082,BIO 2021,Respiratory,,,P1,Approval,0.075,cumulative,conditional-product LOA (남은 단계 conditional transition probability의 곱),501,LOA 계산에 사용한 각 단계 전환 건수의 합 (고유 프로그램 수 아님),2011-01-01~2020-11-30,p.11,Figure 5b,yes,hold,"company-sponsored, FDA registration-enabling 개발 프로그램. 연구자 주도 연구와 다른 개발 중 약물과의 병용은 제외. 승인 기준은 FDA. 원문 질환영역 분류.",중단에는 과학적 실패뿐 아니라 상업성·규제·포트폴리오 판단에 따른 중단이 포함된다. 임상 평가변수 달성률이 아니다. BUYO 기타 전체의 대표값이 아니다. 이미 LOA인 값에 후속 단계 전환율을 다시 곱하지 않는다.,,N,,,2035-12
BIO_A_0083,BIO 2021,Respiratory,,,P2,Approval,0.135,cumulative,conditional-product LOA (남은 단계 conditional transition probability의 곱),322,LOA 계산에 사용한 각 단계 전환 건수의 합 (고유 프로그램 수 아님),2011-01-01~2020-11-30,p.11,Figure 5b,yes,hold,"company-sponsored, FDA registration-enabling 개발 프로그램. 연구자 주도 연구와 다른 개발 중 약물과의 병용은 제외. 승인 기준은 FDA. 원문 질환영역 분류.",중단에는 과학적 실패뿐 아니라 상업성·규제·포트폴리오 판단에 따른 중단이 포함된다. 임상 평가변수 달성률이 아니다. BUYO 기타 전체의 대표값이 아니다. 이미 LOA인 값에 후속 단계 전환율을 다시 곱하지 않는다.,,N,,,2035-12
BIO_A_0084,BIO 2021,Respiratory,,,P3,Approval,0.616,cumulative,conditional-product LOA (남은 단계 conditional transition probability의 곱),107,LOA 계산에 사용한 각 단계 전환 건수의 합 (고유 프로그램 수 아님),2011-01-01~2020-11-30,p.11,Figure 5b,yes,hold,"company-sponsored, FDA registration-enabling 개발 프로그램. 연구자 주도 연구와 다른 개발 중 약물과의 병용은 제외. 승인 기준은 FDA. 원문 질환영역 분류.",중단에는 과학적 실패뿐 아니라 상업성·규제·포트폴리오 판단에 따른 중단이 포함된다. 임상 평가변수 달성률이 아니다. BUYO 기타 전체의 대표값이 아니다. 이미 LOA인 값에 후속 단계 전환율을 다시 곱하지 않는다.,,N,,,2035-12
BIO_A_0085,BIO 2021,Gastroenterology (non-IBD),,,P1,P2,0.467,conditional,phase transition (해당 단계 advanced ÷ (advanced+suspended)),45,advanced + suspended transitions (해당 단계),2011-01-01~2020-11-30,p.7,Figure 2,yes,hold,"company-sponsored, FDA registration-enabling 개발 프로그램. 연구자 주도 연구와 다른 개발 중 약물과의 병용은 제외. 승인 기준은 FDA. p.7에 non-IBD 범위가 명시된 원문 분류.",중단에는 과학적 실패뿐 아니라 상업성·규제·포트폴리오 판단에 따른 중단이 포함된다. 임상 평가변수 달성률이 아니다. 염증성 장질환은 제외된 범위다. BUYO 기타 전체의 대표값이 아니다.,,N,,,2035-12
BIO_A_0086,BIO 2021,Gastroenterology (non-IBD),,,P2,P3,0.342,conditional,phase transition (해당 단계 advanced ÷ (advanced+suspended)),73,advanced + suspended transitions (해당 단계),2011-01-01~2020-11-30,p.7,Figure 2,yes,hold,"company-sponsored, FDA registration-enabling 개발 프로그램. 연구자 주도 연구와 다른 개발 중 약물과의 병용은 제외. 승인 기준은 FDA. p.7에 non-IBD 범위가 명시된 원문 분류.",중단에는 과학적 실패뿐 아니라 상업성·규제·포트폴리오 판단에 따른 중단이 포함된다. 임상 평가변수 달성률이 아니다. 염증성 장질환은 제외된 범위다. BUYO 기타 전체의 대표값이 아니다.,,N,,,2035-12
BIO_A_0087,BIO 2021,Gastroenterology (non-IBD),,,P3,NDA/BLA,0.5710000000000001,conditional,phase transition (해당 단계 advanced ÷ (advanced+suspended)),35,advanced + suspended transitions (해당 단계),2011-01-01~2020-11-30,p.7,Figure 2,yes,hold,"company-sponsored, FDA registration-enabling 개발 프로그램. 연구자 주도 연구와 다른 개발 중 약물과의 병용은 제외. 승인 기준은 FDA. p.7에 non-IBD 범위가 명시된 원문 분류.",중단에는 과학적 실패뿐 아니라 상업성·규제·포트폴리오 판단에 따른 중단이 포함된다. 임상 평가변수 달성률이 아니다. 염증성 장질환은 제외된 범위다. BUYO 기타 전체의 대표값이 아니다.,,N,,,2035-12
BIO_A_0088,BIO 2021,Gastroenterology (non-IBD),,,NDA/BLA,Approval,0.909,conditional,phase transition (해당 단계 advanced ÷ (advanced+suspended)),33,advanced + suspended transitions (해당 단계),2011-01-01~2020-11-30,p.7,Figure 2,yes,hold,"company-sponsored, FDA registration-enabling 개발 프로그램. 연구자 주도 연구와 다른 개발 중 약물과의 병용은 제외. 승인 기준은 FDA. p.7에 non-IBD 범위가 명시된 원문 분류.",중단에는 과학적 실패뿐 아니라 상업성·규제·포트폴리오 판단에 따른 중단이 포함된다. 임상 평가변수 달성률이 아니다. 염증성 장질환은 제외된 범위다. BUYO 기타 전체의 대표값이 아니다. 이 값은 Figure 5b의 NDA/BLA→Approval LOA와 같은 값이다. 두 개의 독립 근거로 중복 집계하지 않는다.,,N,,,2035-12
BIO_A_0089,BIO 2021,Gastroenterology (non-IBD),,,P1,Approval,0.083,cumulative,conditional-product LOA (남은 단계 conditional transition probability의 곱),186,LOA 계산에 사용한 각 단계 전환 건수의 합 (고유 프로그램 수 아님),2011-01-01~2020-11-30,p.11,Figure 5b,yes,hold,"company-sponsored, FDA registration-enabling 개발 프로그램. 연구자 주도 연구와 다른 개발 중 약물과의 병용은 제외. 승인 기준은 FDA. p.7에 non-IBD 범위가 명시된 원문 분류.",중단에는 과학적 실패뿐 아니라 상업성·규제·포트폴리오 판단에 따른 중단이 포함된다. 임상 평가변수 달성률이 아니다. 염증성 장질환은 제외된 범위다. BUYO 기타 전체의 대표값이 아니다. 이미 LOA인 값에 후속 단계 전환율을 다시 곱하지 않는다.,,N,,,2035-12
BIO_A_0090,BIO 2021,Gastroenterology (non-IBD),,,P2,Approval,0.178,cumulative,conditional-product LOA (남은 단계 conditional transition probability의 곱),141,LOA 계산에 사용한 각 단계 전환 건수의 합 (고유 프로그램 수 아님),2011-01-01~2020-11-30,p.11,Figure 5b,yes,hold,"company-sponsored, FDA registration-enabling 개발 프로그램. 연구자 주도 연구와 다른 개발 중 약물과의 병용은 제외. 승인 기준은 FDA. p.7에 non-IBD 범위가 명시된 원문 분류.",중단에는 과학적 실패뿐 아니라 상업성·규제·포트폴리오 판단에 따른 중단이 포함된다. 임상 평가변수 달성률이 아니다. 염증성 장질환은 제외된 범위다. BUYO 기타 전체의 대표값이 아니다. 이미 LOA인 값에 후속 단계 전환율을 다시 곱하지 않는다.,,N,,,2035-12
BIO_A_0091,BIO 2021,Gastroenterology (non-IBD),,,P3,Approval,0.519,cumulative,conditional-product LOA (남은 단계 conditional transition probability의 곱),68,LOA 계산에 사용한 각 단계 전환 건수의 합 (고유 프로그램 수 아님),2011-01-01~2020-11-30,p.11,Figure 5b,yes,hold,"company-sponsored, FDA registration-enabling 개발 프로그램. 연구자 주도 연구와 다른 개발 중 약물과의 병용은 제외. 승인 기준은 FDA. p.7에 non-IBD 범위가 명시된 원문 분류.",중단에는 과학적 실패뿐 아니라 상업성·규제·포트폴리오 판단에 따른 중단이 포함된다. 임상 평가변수 달성률이 아니다. 염증성 장질환은 제외된 범위다. BUYO 기타 전체의 대표값이 아니다. 이미 LOA인 값에 후속 단계 전환율을 다시 곱하지 않는다.,,N,,,2035-12
BIO_A_0092,BIO 2021,Allergy,,,P1,P2,0.564,conditional,phase transition (해당 단계 advanced ÷ (advanced+suspended)),55,advanced + suspended transitions (해당 단계),2011-01-01~2020-11-30,p.7,Figure 2,yes,hold,"company-sponsored, FDA registration-enabling 개발 프로그램. 연구자 주도 연구와 다른 개발 중 약물과의 병용은 제외. 승인 기준은 FDA. 원문 질환영역 분류.",중단에는 과학적 실패뿐 아니라 상업성·규제·포트폴리오 판단에 따른 중단이 포함된다. 임상 평가변수 달성률이 아니다. NDA/BLA→Approval 100.0%는 n=20에서 관측된 전환에 중단이 없었다는 뜻이다. 소표본 주의.,,N,,,2035-12
BIO_A_0093,BIO 2021,Allergy,,,P2,P3,0.283,conditional,phase transition (해당 단계 advanced ÷ (advanced+suspended)),92,advanced + suspended transitions (해당 단계),2011-01-01~2020-11-30,p.7,Figure 2,yes,hold,"company-sponsored, FDA registration-enabling 개발 프로그램. 연구자 주도 연구와 다른 개발 중 약물과의 병용은 제외. 승인 기준은 FDA. 원문 질환영역 분류.",중단에는 과학적 실패뿐 아니라 상업성·규제·포트폴리오 판단에 따른 중단이 포함된다. 임상 평가변수 달성률이 아니다. NDA/BLA→Approval 100.0%는 n=20에서 관측된 전환에 중단이 없었다는 뜻이다. 소표본 주의.,,N,,,2035-12
BIO_A_0094,BIO 2021,Allergy,,,P3,NDA/BLA,0.647,conditional,phase transition (해당 단계 advanced ÷ (advanced+suspended)),34,advanced + suspended transitions (해당 단계),2011-01-01~2020-11-30,p.7,Figure 2,yes,hold,"company-sponsored, FDA registration-enabling 개발 프로그램. 연구자 주도 연구와 다른 개발 중 약물과의 병용은 제외. 승인 기준은 FDA. 원문 질환영역 분류.",중단에는 과학적 실패뿐 아니라 상업성·규제·포트폴리오 판단에 따른 중단이 포함된다. 임상 평가변수 달성률이 아니다. NDA/BLA→Approval 100.0%는 n=20에서 관측된 전환에 중단이 없었다는 뜻이다. 소표본 주의.,,N,,,2035-12
BIO_A_0095,BIO 2021,Allergy,,,NDA/BLA,Approval,1.0,conditional,phase transition (해당 단계 advanced ÷ (advanced+suspended)),20,advanced + suspended transitions (해당 단계),2011-01-01~2020-11-30,p.7,Figure 2,yes,hold,"company-sponsored, FDA registration-enabling 개발 프로그램. 연구자 주도 연구와 다른 개발 중 약물과의 병용은 제외. 승인 기준은 FDA. 원문 질환영역 분류.",중단에는 과학적 실패뿐 아니라 상업성·규제·포트폴리오 판단에 따른 중단이 포함된다. 임상 평가변수 달성률이 아니다. NDA/BLA→Approval 100.0%는 n=20에서 관측된 전환에 중단이 없었다는 뜻이다. 소표본 주의. 이 값은 Figure 5b의 NDA/BLA→Approval LOA와 같은 값이다. 두 개의 독립 근거로 중복 집계하지 않는다.,,N,,,2035-12
BIO_A_0096,BIO 2021,Allergy,,,P1,Approval,0.103,cumulative,conditional-product LOA (남은 단계 conditional transition probability의 곱),201,LOA 계산에 사용한 각 단계 전환 건수의 합 (고유 프로그램 수 아님),2011-01-01~2020-11-30,p.11,Figure 5b,yes,hold,"company-sponsored, FDA registration-enabling 개발 프로그램. 연구자 주도 연구와 다른 개발 중 약물과의 병용은 제외. 승인 기준은 FDA. 원문 질환영역 분류.",중단에는 과학적 실패뿐 아니라 상업성·규제·포트폴리오 판단에 따른 중단이 포함된다. 임상 평가변수 달성률이 아니다. NDA/BLA→Approval 100.0%는 n=20에서 관측된 전환에 중단이 없었다는 뜻이다. 소표본 주의. 이미 LOA인 값에 후속 단계 전환율을 다시 곱하지 않는다.,,N,,,2035-12
BIO_A_0097,BIO 2021,Allergy,,,P2,Approval,0.183,cumulative,conditional-product LOA (남은 단계 conditional transition probability의 곱),146,LOA 계산에 사용한 각 단계 전환 건수의 합 (고유 프로그램 수 아님),2011-01-01~2020-11-30,p.11,Figure 5b,yes,hold,"company-sponsored, FDA registration-enabling 개발 프로그램. 연구자 주도 연구와 다른 개발 중 약물과의 병용은 제외. 승인 기준은 FDA. 원문 질환영역 분류.",중단에는 과학적 실패뿐 아니라 상업성·규제·포트폴리오 판단에 따른 중단이 포함된다. 임상 평가변수 달성률이 아니다. NDA/BLA→Approval 100.0%는 n=20에서 관측된 전환에 중단이 없었다는 뜻이다. 소표본 주의. 이미 LOA인 값에 후속 단계 전환율을 다시 곱하지 않는다.,,N,,,2035-12
BIO_A_0098,BIO 2021,Allergy,,,P3,Approval,0.647,cumulative,conditional-product LOA (남은 단계 conditional transition probability의 곱),54,LOA 계산에 사용한 각 단계 전환 건수의 합 (고유 프로그램 수 아님),2011-01-01~2020-11-30,p.11,Figure 5b,yes,hold,"company-sponsored, FDA registration-enabling 개발 프로그램. 연구자 주도 연구와 다른 개발 중 약물과의 병용은 제외. 승인 기준은 FDA. 원문 질환영역 분류.",중단에는 과학적 실패뿐 아니라 상업성·규제·포트폴리오 판단에 따른 중단이 포함된다. 임상 평가변수 달성률이 아니다. NDA/BLA→Approval 100.0%는 n=20에서 관측된 전환에 중단이 없었다는 뜻이다. 소표본 주의. 이미 LOA인 값에 후속 단계 전환율을 다시 곱하지 않는다.,,N,,,2035-12
BIO_A_0099,BIO 2021,Urology,,,P1,P2,0.409,conditional,phase transition (해당 단계 advanced ÷ (advanced+suspended)),22,advanced + suspended transitions (해당 단계),2011-01-01~2020-11-30,p.7,Figure 2,yes,hold,"company-sponsored, FDA registration-enabling 개발 프로그램. 연구자 주도 연구와 다른 개발 중 약물과의 병용은 제외. 승인 기준은 FDA. 원문 질환영역 분류.",중단에는 과학적 실패뿐 아니라 상업성·규제·포트폴리오 판단에 따른 중단이 포함된다. 임상 평가변수 달성률이 아니다. 후반 단계 n이 13으로 작다. 소표본 주의.,,N,,,2035-12
BIO_A_0100,BIO 2021,Urology,,,P2,P3,0.15,conditional,phase transition (해당 단계 advanced ÷ (advanced+suspended)),40,advanced + suspended transitions (해당 단계),2011-01-01~2020-11-30,p.7,Figure 2,yes,hold,"company-sponsored, FDA registration-enabling 개발 프로그램. 연구자 주도 연구와 다른 개발 중 약물과의 병용은 제외. 승인 기준은 FDA. 원문 질환영역 분류.",중단에는 과학적 실패뿐 아니라 상업성·규제·포트폴리오 판단에 따른 중단이 포함된다. 임상 평가변수 달성률이 아니다. 후반 단계 n이 13으로 작다. 소표본 주의.,,N,,,2035-12
BIO_A_0101,BIO 2021,Urology,,,P3,NDA/BLA,0.6920000000000001,conditional,phase transition (해당 단계 advanced ÷ (advanced+suspended)),13,advanced + suspended transitions (해당 단계),2011-01-01~2020-11-30,p.7,Figure 2,yes,hold,"company-sponsored, FDA registration-enabling 개발 프로그램. 연구자 주도 연구와 다른 개발 중 약물과의 병용은 제외. 승인 기준은 FDA. 원문 질환영역 분류.",중단에는 과학적 실패뿐 아니라 상업성·규제·포트폴리오 판단에 따른 중단이 포함된다. 임상 평가변수 달성률이 아니다. 후반 단계 n이 13으로 작다. 소표본 주의.,,N,,,2035-12
BIO_A_0102,BIO 2021,Urology,,,NDA/BLA,Approval,0.846,conditional,phase transition (해당 단계 advanced ÷ (advanced+suspended)),13,advanced + suspended transitions (해당 단계),2011-01-01~2020-11-30,p.7,Figure 2,yes,hold,"company-sponsored, FDA registration-enabling 개발 프로그램. 연구자 주도 연구와 다른 개발 중 약물과의 병용은 제외. 승인 기준은 FDA. 원문 질환영역 분류.",중단에는 과학적 실패뿐 아니라 상업성·규제·포트폴리오 판단에 따른 중단이 포함된다. 임상 평가변수 달성률이 아니다. 후반 단계 n이 13으로 작다. 소표본 주의. 이 값은 Figure 5b의 NDA/BLA→Approval LOA와 같은 값이다. 두 개의 독립 근거로 중복 집계하지 않는다.,,N,,,2035-12
BIO_A_0103,BIO 2021,Urology,,,P1,Approval,0.036,cumulative,conditional-product LOA (남은 단계 conditional transition probability의 곱),88,LOA 계산에 사용한 각 단계 전환 건수의 합 (고유 프로그램 수 아님),2011-01-01~2020-11-30,p.11,Figure 5b,yes,hold,"company-sponsored, FDA registration-enabling 개발 프로그램. 연구자 주도 연구와 다른 개발 중 약물과의 병용은 제외. 승인 기준은 FDA. 원문 질환영역 분류.",중단에는 과학적 실패뿐 아니라 상업성·규제·포트폴리오 판단에 따른 중단이 포함된다. 임상 평가변수 달성률이 아니다. 후반 단계 n이 13으로 작다. 소표본 주의. 이미 LOA인 값에 후속 단계 전환율을 다시 곱하지 않는다.,,N,,,2035-12
BIO_A_0104,BIO 2021,Urology,,,P2,Approval,0.08800000000000001,cumulative,conditional-product LOA (남은 단계 conditional transition probability의 곱),66,LOA 계산에 사용한 각 단계 전환 건수의 합 (고유 프로그램 수 아님),2011-01-01~2020-11-30,p.11,Figure 5b,yes,hold,"company-sponsored, FDA registration-enabling 개발 프로그램. 연구자 주도 연구와 다른 개발 중 약물과의 병용은 제외. 승인 기준은 FDA. 원문 질환영역 분류.",중단에는 과학적 실패뿐 아니라 상업성·규제·포트폴리오 판단에 따른 중단이 포함된다. 임상 평가변수 달성률이 아니다. 후반 단계 n이 13으로 작다. 소표본 주의. 이미 LOA인 값에 후속 단계 전환율을 다시 곱하지 않는다.,,N,,,2035-12
BIO_A_0105,BIO 2021,Urology,,,P3,Approval,0.586,cumulative,conditional-product LOA (남은 단계 conditional transition probability의 곱),26,LOA 계산에 사용한 각 단계 전환 건수의 합 (고유 프로그램 수 아님),2011-01-01~2020-11-30,p.11,Figure 5b,yes,hold,"company-sponsored, FDA registration-enabling 개발 프로그램. 연구자 주도 연구와 다른 개발 중 약물과의 병용은 제외. 승인 기준은 FDA. 원문 질환영역 분류.",중단에는 과학적 실패뿐 아니라 상업성·규제·포트폴리오 판단에 따른 중단이 포함된다. 임상 평가변수 달성률이 아니다. 후반 단계 n이 13으로 작다. 소표본 주의. 이미 LOA인 값에 후속 단계 전환율을 다시 곱하지 않는다.,,N,,,2035-12
BIO_A_0106,BIO 2021,Others,,,P1,P2,0.636,conditional,phase transition (해당 단계 advanced ÷ (advanced+suspended)),154,advanced + suspended transitions (해당 단계),2011-01-01~2020-11-30,p.7,Figure 2,yes,hold,"company-sponsored, FDA registration-enabling 개발 프로그램. 연구자 주도 연구와 다른 개발 중 약물과의 병용은 제외. 승인 기준은 FDA. p.7에 포함 목록이 명시된 잔여 범주: 피부과, 신장, 산과, 비자가면역 류마티스, 이비인후·치과, 정형외과.",중단에는 과학적 실패뿐 아니라 상업성·규제·포트폴리오 판단에 따른 중단이 포함된다. 임상 평가변수 달성률이 아니다. BUYO 기타가 같은 목록을 뜻한다는 확인이 없으므로 동일시할 수 없다.,,N,,,2035-12
BIO_A_0107,BIO 2021,Others,,,P2,P3,0.386,conditional,phase transition (해당 단계 advanced ÷ (advanced+suspended)),228,advanced + suspended transitions (해당 단계),2011-01-01~2020-11-30,p.7,Figure 2,yes,hold,"company-sponsored, FDA registration-enabling 개발 프로그램. 연구자 주도 연구와 다른 개발 중 약물과의 병용은 제외. 승인 기준은 FDA. p.7에 포함 목록이 명시된 잔여 범주: 피부과, 신장, 산과, 비자가면역 류마티스, 이비인후·치과, 정형외과.",중단에는 과학적 실패뿐 아니라 상업성·규제·포트폴리오 판단에 따른 중단이 포함된다. 임상 평가변수 달성률이 아니다. BUYO 기타가 같은 목록을 뜻한다는 확인이 없으므로 동일시할 수 없다.,,N,,,2035-12
BIO_A_0108,BIO 2021,Others,,,P3,NDA/BLA,0.6,conditional,phase transition (해당 단계 advanced ÷ (advanced+suspended)),90,advanced + suspended transitions (해당 단계),2011-01-01~2020-11-30,p.7,Figure 2,yes,hold,"company-sponsored, FDA registration-enabling 개발 프로그램. 연구자 주도 연구와 다른 개발 중 약물과의 병용은 제외. 승인 기준은 FDA. p.7에 포함 목록이 명시된 잔여 범주: 피부과, 신장, 산과, 비자가면역 류마티스, 이비인후·치과, 정형외과.",중단에는 과학적 실패뿐 아니라 상업성·규제·포트폴리오 판단에 따른 중단이 포함된다. 임상 평가변수 달성률이 아니다. BUYO 기타가 같은 목록을 뜻한다는 확인이 없으므로 동일시할 수 없다.,,N,,,2035-12
BIO_A_0109,BIO 2021,Others,,,NDA/BLA,Approval,0.884,conditional,phase transition (해당 단계 advanced ÷ (advanced+suspended)),69,advanced + suspended transitions (해당 단계),2011-01-01~2020-11-30,p.7,Figure 2,yes,hold,"company-sponsored, FDA registration-enabling 개발 프로그램. 연구자 주도 연구와 다른 개발 중 약물과의 병용은 제외. 승인 기준은 FDA. p.7에 포함 목록이 명시된 잔여 범주: 피부과, 신장, 산과, 비자가면역 류마티스, 이비인후·치과, 정형외과.",중단에는 과학적 실패뿐 아니라 상업성·규제·포트폴리오 판단에 따른 중단이 포함된다. 임상 평가변수 달성률이 아니다. BUYO 기타가 같은 목록을 뜻한다는 확인이 없으므로 동일시할 수 없다. 이 값은 Figure 5b의 NDA/BLA→Approval LOA와 같은 값이다. 두 개의 독립 근거로 중복 집계하지 않는다.,,N,,,2035-12
BIO_A_0110,BIO 2021,Others,,,P1,Approval,0.13,cumulative,conditional-product LOA (남은 단계 conditional transition probability의 곱),541,LOA 계산에 사용한 각 단계 전환 건수의 합 (고유 프로그램 수 아님),2011-01-01~2020-11-30,p.11,Figure 5b,yes,hold,"company-sponsored, FDA registration-enabling 개발 프로그램. 연구자 주도 연구와 다른 개발 중 약물과의 병용은 제외. 승인 기준은 FDA. p.7에 포함 목록이 명시된 잔여 범주: 피부과, 신장, 산과, 비자가면역 류마티스, 이비인후·치과, 정형외과.",중단에는 과학적 실패뿐 아니라 상업성·규제·포트폴리오 판단에 따른 중단이 포함된다. 임상 평가변수 달성률이 아니다. BUYO 기타가 같은 목록을 뜻한다는 확인이 없으므로 동일시할 수 없다. 이미 LOA인 값에 후속 단계 전환율을 다시 곱하지 않는다.,,N,,,2035-12
BIO_A_0111,BIO 2021,Others,,,P2,Approval,0.205,cumulative,conditional-product LOA (남은 단계 conditional transition probability의 곱),387,LOA 계산에 사용한 각 단계 전환 건수의 합 (고유 프로그램 수 아님),2011-01-01~2020-11-30,p.11,Figure 5b,yes,hold,"company-sponsored, FDA registration-enabling 개발 프로그램. 연구자 주도 연구와 다른 개발 중 약물과의 병용은 제외. 승인 기준은 FDA. p.7에 포함 목록이 명시된 잔여 범주: 피부과, 신장, 산과, 비자가면역 류마티스, 이비인후·치과, 정형외과.",중단에는 과학적 실패뿐 아니라 상업성·규제·포트폴리오 판단에 따른 중단이 포함된다. 임상 평가변수 달성률이 아니다. BUYO 기타가 같은 목록을 뜻한다는 확인이 없으므로 동일시할 수 없다. 이미 LOA인 값에 후속 단계 전환율을 다시 곱하지 않는다.,,N,,,2035-12
BIO_A_0112,BIO 2021,Others,,,P3,Approval,0.53,cumulative,conditional-product LOA (남은 단계 conditional transition probability의 곱),159,LOA 계산에 사용한 각 단계 전환 건수의 합 (고유 프로그램 수 아님),2011-01-01~2020-11-30,p.11,Figure 5b,yes,hold,"company-sponsored, FDA registration-enabling 개발 프로그램. 연구자 주도 연구와 다른 개발 중 약물과의 병용은 제외. 승인 기준은 FDA. p.7에 포함 목록이 명시된 잔여 범주: 피부과, 신장, 산과, 비자가면역 류마티스, 이비인후·치과, 정형외과.",중단에는 과학적 실패뿐 아니라 상업성·규제·포트폴리오 판단에 따른 중단이 포함된다. 임상 평가변수 달성률이 아니다. BUYO 기타가 같은 목록을 뜻한다는 확인이 없으므로 동일시할 수 없다. 이미 LOA인 값에 후속 단계 전환율을 다시 곱하지 않는다.,,N,,,2035-12
BIO_A_0113,BIO 2021,Oncology—Hematologic,,항암,P1,P2,0.501,conditional,phase transition (해당 단계 advanced ÷ (advanced+suspended)),425,advanced + suspended transitions (해당 단계),2011-01-01~2020-11-30,p.13,Figure 7,yes,limited,"company-sponsored, FDA registration-enabling 개발 프로그램. 연구자 주도 연구와 다른 개발 중 약물과의 병용은 제외. 승인 기준은 FDA. Oncology 하위 분류. Solid와 상호 배타적.",중단에는 과학적 실패뿐 아니라 상업성·규제·포트폴리오 판단에 따른 중단이 포함된다. 임상 평가변수 달성률이 아니다. 혈액암 하위집단 조건을 유지해야 한다. 항암 전체값이 아니다.,,N,,,2035-12
BIO_A_0114,BIO 2021,Oncology—Hematologic,,항암,P2,P3,0.278,conditional,phase transition (해당 단계 advanced ÷ (advanced+suspended)),449,advanced + suspended transitions (해당 단계),2011-01-01~2020-11-30,p.13,Figure 7,yes,limited,"company-sponsored, FDA registration-enabling 개발 프로그램. 연구자 주도 연구와 다른 개발 중 약물과의 병용은 제외. 승인 기준은 FDA. Oncology 하위 분류. Solid와 상호 배타적.",중단에는 과학적 실패뿐 아니라 상업성·규제·포트폴리오 판단에 따른 중단이 포함된다. 임상 평가변수 달성률이 아니다. 혈액암 하위집단 조건을 유지해야 한다. 항암 전체값이 아니다.,,N,,,2035-12
BIO_A_0115,BIO 2021,Oncology—Hematologic,,항암,P3,NDA/BLA,0.6,conditional,phase transition (해당 단계 advanced ÷ (advanced+suspended)),120,advanced + suspended transitions (해당 단계),2011-01-01~2020-11-30,p.13,Figure 7,yes,limited,"company-sponsored, FDA registration-enabling 개발 프로그램. 연구자 주도 연구와 다른 개발 중 약물과의 병용은 제외. 승인 기준은 FDA. Oncology 하위 분류. Solid와 상호 배타적.",중단에는 과학적 실패뿐 아니라 상업성·규제·포트폴리오 판단에 따른 중단이 포함된다. 임상 평가변수 달성률이 아니다. 혈액암 하위집단 조건을 유지해야 한다. 항암 전체값이 아니다.,,N,,,2035-12
BIO_A_0116,BIO 2021,Oncology—Hematologic,,항암,NDA/BLA,Approval,0.9,conditional,phase transition (해당 단계 advanced ÷ (advanced+suspended)),100,advanced + suspended transitions (해당 단계),2011-01-01~2020-11-30,p.13,Figure 7,yes,limited,"company-sponsored, FDA registration-enabling 개발 프로그램. 연구자 주도 연구와 다른 개발 중 약물과의 병용은 제외. 승인 기준은 FDA. Oncology 하위 분류. Solid와 상호 배타적.",중단에는 과학적 실패뿐 아니라 상업성·규제·포트폴리오 판단에 따른 중단이 포함된다. 임상 평가변수 달성률이 아니다. 혈액암 하위집단 조건을 유지해야 한다. 항암 전체값이 아니다. 이 값은 Figure 5b의 NDA/BLA→Approval LOA와 같은 값이다. 두 개의 독립 근거로 중복 집계하지 않는다.,,N,,,2035-12
BIO_A_0117,BIO 2021,Oncology—Hematologic,,항암,P1,Approval,0.075,cumulative,conditional-product LOA (남은 단계 conditional transition probability의 곱),1094,LOA 계산에 사용한 각 단계 전환 건수의 합 (고유 프로그램 수 아님),2011-01-01~2020-11-30,p.13,Figure 7,yes,limited,"company-sponsored, FDA registration-enabling 개발 프로그램. 연구자 주도 연구와 다른 개발 중 약물과의 병용은 제외. 승인 기준은 FDA. Oncology 하위 분류. Solid와 상호 배타적.",중단에는 과학적 실패뿐 아니라 상업성·규제·포트폴리오 판단에 따른 중단이 포함된다. 임상 평가변수 달성률이 아니다. 혈액암 하위집단 조건을 유지해야 한다. 항암 전체값이 아니다. 이미 LOA인 값에 후속 단계 전환율을 다시 곱하지 않는다.,,N,,,2035-12
BIO_A_0118,BIO 2021,Oncology—Hematologic,,항암,P2,Approval,0.15,cumulative,conditional-product LOA (남은 단계 conditional transition probability의 곱),669,LOA 계산에 사용한 각 단계 전환 건수의 합 (고유 프로그램 수 아님),2011-01-01~2020-11-30,p.13,Figure 7,yes,limited,"company-sponsored, FDA registration-enabling 개발 프로그램. 연구자 주도 연구와 다른 개발 중 약물과의 병용은 제외. 승인 기준은 FDA. Oncology 하위 분류. Solid와 상호 배타적.",중단에는 과학적 실패뿐 아니라 상업성·규제·포트폴리오 판단에 따른 중단이 포함된다. 임상 평가변수 달성률이 아니다. 혈액암 하위집단 조건을 유지해야 한다. 항암 전체값이 아니다. 이미 LOA인 값에 후속 단계 전환율을 다시 곱하지 않는다.,,N,,,2035-12
BIO_A_0119,BIO 2021,Oncology—Hematologic,,항암,P3,Approval,0.54,cumulative,conditional-product LOA (남은 단계 conditional transition probability의 곱),220,LOA 계산에 사용한 각 단계 전환 건수의 합 (고유 프로그램 수 아님),2011-01-01~2020-11-30,p.13,Figure 7,yes,limited,"company-sponsored, FDA registration-enabling 개발 프로그램. 연구자 주도 연구와 다른 개발 중 약물과의 병용은 제외. 승인 기준은 FDA. Oncology 하위 분류. Solid와 상호 배타적.",중단에는 과학적 실패뿐 아니라 상업성·규제·포트폴리오 판단에 따른 중단이 포함된다. 임상 평가변수 달성률이 아니다. 혈액암 하위집단 조건을 유지해야 한다. 항암 전체값이 아니다. 이미 LOA인 값에 후속 단계 전환율을 다시 곱하지 않는다.,,N,,,2035-12
BIO_A_0120,BIO 2021,Oncology—Solid,,항암,P1,P2,0.489,conditional,phase transition (해당 단계 advanced ÷ (advanced+suspended)),1145,advanced + suspended transitions (해당 단계),2011-01-01~2020-11-30,p.13,Figure 7,yes,limited,"company-sponsored, FDA registration-enabling 개발 프로그램. 연구자 주도 연구와 다른 개발 중 약물과의 병용은 제외. 승인 기준은 FDA. Oncology 하위 분류. Hematologic과 상호 배타적.",중단에는 과학적 실패뿐 아니라 상업성·규제·포트폴리오 판단에 따른 중단이 포함된다. 임상 평가변수 달성률이 아니다. 고형암 하위집단 조건을 유지해야 한다. 특정 암종 값이 아니다.,,N,,,2035-12
BIO_A_0121,BIO 2021,Oncology—Solid,,항암,P2,P3,0.234,conditional,phase transition (해당 단계 advanced ÷ (advanced+suspended)),1261,advanced + suspended transitions (해당 단계),2011-01-01~2020-11-30,p.13,Figure 7,yes,limited,"company-sponsored, FDA registration-enabling 개발 프로그램. 연구자 주도 연구와 다른 개발 중 약물과의 병용은 제외. 승인 기준은 FDA. Oncology 하위 분류. Hematologic과 상호 배타적.",중단에는 과학적 실패뿐 아니라 상업성·규제·포트폴리오 판단에 따른 중단이 포함된다. 임상 평가변수 달성률이 아니다. 고형암 하위집단 조건을 유지해야 한다. 특정 암종 값이 아니다.,,N,,,2035-12
BIO_A_0122,BIO 2021,Oncology—Solid,,항암,P3,NDA/BLA,0.429,conditional,phase transition (해당 단계 advanced ÷ (advanced+suspended)),364,advanced + suspended transitions (해당 단계),2011-01-01~2020-11-30,p.13,Figure 7,yes,limited,"company-sponsored, FDA registration-enabling 개발 프로그램. 연구자 주도 연구와 다른 개발 중 약물과의 병용은 제외. 승인 기준은 FDA. Oncology 하위 분류. Hematologic과 상호 배타적.",중단에는 과학적 실패뿐 아니라 상업성·규제·포트폴리오 판단에 따른 중단이 포함된다. 임상 평가변수 달성률이 아니다. 고형암 하위집단 조건을 유지해야 한다. 특정 암종 값이 아니다.,,N,,,2035-12
BIO_A_0123,BIO 2021,Oncology—Solid,,항암,NDA/BLA,Approval,0.929,conditional,phase transition (해당 단계 advanced ÷ (advanced+suspended)),212,advanced + suspended transitions (해당 단계),2011-01-01~2020-11-30,p.13,Figure 7,yes,limited,"company-sponsored, FDA registration-enabling 개발 프로그램. 연구자 주도 연구와 다른 개발 중 약물과의 병용은 제외. 승인 기준은 FDA. Oncology 하위 분류. Hematologic과 상호 배타적.",중단에는 과학적 실패뿐 아니라 상업성·규제·포트폴리오 판단에 따른 중단이 포함된다. 임상 평가변수 달성률이 아니다. 고형암 하위집단 조건을 유지해야 한다. 특정 암종 값이 아니다. 이 값은 Figure 5b의 NDA/BLA→Approval LOA와 같은 값이다. 두 개의 독립 근거로 중복 집계하지 않는다.,,N,,,2035-12
BIO_A_0124,BIO 2021,Oncology—Solid,,항암,P1,Approval,0.046,cumulative,conditional-product LOA (남은 단계 conditional transition probability의 곱),2982,LOA 계산에 사용한 각 단계 전환 건수의 합 (고유 프로그램 수 아님),2011-01-01~2020-11-30,p.13,Figure 7,yes,limited,"company-sponsored, FDA registration-enabling 개발 프로그램. 연구자 주도 연구와 다른 개발 중 약물과의 병용은 제외. 승인 기준은 FDA. Oncology 하위 분류. Hematologic과 상호 배타적.",중단에는 과학적 실패뿐 아니라 상업성·규제·포트폴리오 판단에 따른 중단이 포함된다. 임상 평가변수 달성률이 아니다. 고형암 하위집단 조건을 유지해야 한다. 특정 암종 값이 아니다. 이미 LOA인 값에 후속 단계 전환율을 다시 곱하지 않는다.,,N,,,2035-12
BIO_A_0125,BIO 2021,Oncology—Solid,,항암,P2,Approval,0.09300000000000001,cumulative,conditional-product LOA (남은 단계 conditional transition probability의 곱),1837,LOA 계산에 사용한 각 단계 전환 건수의 합 (고유 프로그램 수 아님),2011-01-01~2020-11-30,p.13,Figure 7,yes,limited,"company-sponsored, FDA registration-enabling 개발 프로그램. 연구자 주도 연구와 다른 개발 중 약물과의 병용은 제외. 승인 기준은 FDA. Oncology 하위 분류. Hematologic과 상호 배타적.",중단에는 과학적 실패뿐 아니라 상업성·규제·포트폴리오 판단에 따른 중단이 포함된다. 임상 평가변수 달성률이 아니다. 고형암 하위집단 조건을 유지해야 한다. 특정 암종 값이 아니다. 이미 LOA인 값에 후속 단계 전환율을 다시 곱하지 않는다.,,N,,,2035-12
BIO_A_0126,BIO 2021,Oncology—Solid,,항암,P3,Approval,0.398,cumulative,conditional-product LOA (남은 단계 conditional transition probability의 곱),576,LOA 계산에 사용한 각 단계 전환 건수의 합 (고유 프로그램 수 아님),2011-01-01~2020-11-30,p.13,Figure 7,yes,limited,"company-sponsored, FDA registration-enabling 개발 프로그램. 연구자 주도 연구와 다른 개발 중 약물과의 병용은 제외. 승인 기준은 FDA. Oncology 하위 분류. Hematologic과 상호 배타적.",중단에는 과학적 실패뿐 아니라 상업성·규제·포트폴리오 판단에 따른 중단이 포함된다. 임상 평가변수 달성률이 아니다. 고형암 하위집단 조건을 유지해야 한다. 특정 암종 값이 아니다. 이미 LOA인 값에 후속 단계 전환율을 다시 곱하지 않는다.,,N,,,2035-12
BIO_A_0127,BIO 2021,Oncology—IO (immuno-oncology),,항암,P1,P2,0.64,conditional,phase transition (해당 단계 advanced ÷ (advanced+suspended)),275,advanced + suspended transitions (해당 단계),2011-01-01~2020-11-30,p.13,Figure 7,yes,limited,"company-sponsored, FDA registration-enabling 개발 프로그램. 연구자 주도 연구와 다른 개발 중 약물과의 병용은 제외. 승인 기준은 FDA. Oncology 하위 분류. 고형암·혈액암 양쪽의 전환을 포함한다.",중단에는 과학적 실패뿐 아니라 상업성·규제·포트폴리오 판단에 따른 중단이 포함된다. 임상 평가변수 달성률이 아니다. 면역항암제 조건을 유지해야 한다. 항암 전체값이 아니다.,,N,,,2035-12
BIO_A_0128,BIO 2021,Oncology—IO (immuno-oncology),,항암,P2,P3,0.402,conditional,phase transition (해당 단계 advanced ÷ (advanced+suspended)),244,advanced + suspended transitions (해당 단계),2011-01-01~2020-11-30,p.13,Figure 7,yes,limited,"company-sponsored, FDA registration-enabling 개발 프로그램. 연구자 주도 연구와 다른 개발 중 약물과의 병용은 제외. 승인 기준은 FDA. Oncology 하위 분류. 고형암·혈액암 양쪽의 전환을 포함한다.",중단에는 과학적 실패뿐 아니라 상업성·규제·포트폴리오 판단에 따른 중단이 포함된다. 임상 평가변수 달성률이 아니다. 면역항암제 조건을 유지해야 한다. 항암 전체값이 아니다.,"본문 p.12는 42.0%, Figure 7 표는 40.2%(n=244). 표 값을 채택.",N,,,2035-12
BIO_A_0129,BIO 2021,Oncology—IO (immuno-oncology),,항암,P3,NDA/BLA,0.49,conditional,phase transition (해당 단계 advanced ÷ (advanced+suspended)),98,advanced + suspended transitions (해당 단계),2011-01-01~2020-11-30,p.13,Figure 7,yes,limited,"company-sponsored, FDA registration-enabling 개발 프로그램. 연구자 주도 연구와 다른 개발 중 약물과의 병용은 제외. 승인 기준은 FDA. Oncology 하위 분류. 고형암·혈액암 양쪽의 전환을 포함한다.",중단에는 과학적 실패뿐 아니라 상업성·규제·포트폴리오 판단에 따른 중단이 포함된다. 임상 평가변수 달성률이 아니다. 면역항암제 조건을 유지해야 한다. 항암 전체값이 아니다.,,N,,,2035-12
BIO_A_0130,BIO 2021,Oncology—IO (immuno-oncology),,항암,NDA/BLA,Approval,0.9840000000000001,conditional,phase transition (해당 단계 advanced ÷ (advanced+suspended)),62,advanced + suspended transitions (해당 단계),2011-01-01~2020-11-30,p.13,Figure 7,yes,limited,"company-sponsored, FDA registration-enabling 개발 프로그램. 연구자 주도 연구와 다른 개발 중 약물과의 병용은 제외. 승인 기준은 FDA. Oncology 하위 분류. 고형암·혈액암 양쪽의 전환을 포함한다.",중단에는 과학적 실패뿐 아니라 상업성·규제·포트폴리오 판단에 따른 중단이 포함된다. 임상 평가변수 달성률이 아니다. 면역항암제 조건을 유지해야 한다. 항암 전체값이 아니다. 이 값은 Figure 5b의 NDA/BLA→Approval LOA와 같은 값이다. 두 개의 독립 근거로 중복 집계하지 않는다.,,N,,,2035-12
BIO_A_0131,BIO 2021,Oncology—IO (immuno-oncology),,항암,P1,Approval,0.124,cumulative,conditional-product LOA (남은 단계 conditional transition probability의 곱),679,LOA 계산에 사용한 각 단계 전환 건수의 합 (고유 프로그램 수 아님),2011-01-01~2020-11-30,p.13,Figure 7,yes,limited,"company-sponsored, FDA registration-enabling 개발 프로그램. 연구자 주도 연구와 다른 개발 중 약물과의 병용은 제외. 승인 기준은 FDA. Oncology 하위 분류. 고형암·혈액암 양쪽의 전환을 포함한다.",중단에는 과학적 실패뿐 아니라 상업성·규제·포트폴리오 판단에 따른 중단이 포함된다. 임상 평가변수 달성률이 아니다. 면역항암제 조건을 유지해야 한다. 항암 전체값이 아니다. 이미 LOA인 값에 후속 단계 전환율을 다시 곱하지 않는다.,,N,,,2035-12
BIO_A_0132,BIO 2021,Oncology—IO (immuno-oncology),,항암,P2,Approval,0.194,cumulative,conditional-product LOA (남은 단계 conditional transition probability의 곱),404,LOA 계산에 사용한 각 단계 전환 건수의 합 (고유 프로그램 수 아님),2011-01-01~2020-11-30,p.13,Figure 7,yes,limited,"company-sponsored, FDA registration-enabling 개발 프로그램. 연구자 주도 연구와 다른 개발 중 약물과의 병용은 제외. 승인 기준은 FDA. Oncology 하위 분류. 고형암·혈액암 양쪽의 전환을 포함한다.",중단에는 과학적 실패뿐 아니라 상업성·규제·포트폴리오 판단에 따른 중단이 포함된다. 임상 평가변수 달성률이 아니다. 면역항암제 조건을 유지해야 한다. 항암 전체값이 아니다. 이미 LOA인 값에 후속 단계 전환율을 다시 곱하지 않는다.,,N,,,2035-12
BIO_A_0133,BIO 2021,Oncology—IO (immuno-oncology),,항암,P3,Approval,0.482,cumulative,conditional-product LOA (남은 단계 conditional transition probability의 곱),160,LOA 계산에 사용한 각 단계 전환 건수의 합 (고유 프로그램 수 아님),2011-01-01~2020-11-30,p.13,Figure 7,yes,limited,"company-sponsored, FDA registration-enabling 개발 프로그램. 연구자 주도 연구와 다른 개발 중 약물과의 병용은 제외. 승인 기준은 FDA. Oncology 하위 분류. 고형암·혈액암 양쪽의 전환을 포함한다.",중단에는 과학적 실패뿐 아니라 상업성·규제·포트폴리오 판단에 따른 중단이 포함된다. 임상 평가변수 달성률이 아니다. 면역항암제 조건을 유지해야 한다. 항암 전체값이 아니다. 이미 LOA인 값에 후속 단계 전환율을 다시 곱하지 않는다.,,N,,,2035-12
BIO_A_0134,BIO 2021,Non-oncology,,,P1,P2,0.539,conditional,phase transition (해당 단계 advanced ÷ (advanced+suspended)),2786,advanced + suspended transitions (해당 단계),2011-01-01~2020-11-30,p.12,Figure 6,yes,hold,"company-sponsored, FDA registration-enabling 개발 프로그램. 연구자 주도 연구와 다른 개발 중 약물과의 병용은 제외. 승인 기준은 FDA. Oncology를 제외한 전체 참고군.",중단에는 과학적 실패뿐 아니라 상업성·규제·포트폴리오 판단에 따른 중단이 포함된다. 임상 평가변수 달성률이 아니다. BUYO 기타와 다르다. 감염·중추신경·대사·심혈관 등이 모두 포함된다.,,N,,,2035-12
BIO_A_0135,BIO 2021,Non-oncology,,,P2,P3,0.312,conditional,phase transition (해당 단계 advanced ÷ (advanced+suspended)),3201,advanced + suspended transitions (해당 단계),2011-01-01~2020-11-30,p.12,Figure 6,yes,hold,"company-sponsored, FDA registration-enabling 개발 프로그램. 연구자 주도 연구와 다른 개발 중 약물과의 병용은 제외. 승인 기준은 FDA. Oncology를 제외한 전체 참고군.",중단에는 과학적 실패뿐 아니라 상업성·규제·포트폴리오 판단에 따른 중단이 포함된다. 임상 평가변수 달성률이 아니다. BUYO 기타와 다르다. 감염·중추신경·대사·심혈관 등이 모두 포함된다.,,N,,,2035-12
BIO_A_0136,BIO 2021,Non-oncology,,,P3,NDA/BLA,0.613,conditional,phase transition (해당 단계 advanced ÷ (advanced+suspended)),1433,advanced + suspended transitions (해당 단계),2011-01-01~2020-11-30,p.12,Figure 6,yes,hold,"company-sponsored, FDA registration-enabling 개발 프로그램. 연구자 주도 연구와 다른 개발 중 약물과의 병용은 제외. 승인 기준은 FDA. Oncology를 제외한 전체 참고군.",중단에는 과학적 실패뿐 아니라 상업성·규제·포트폴리오 판단에 따른 중단이 포함된다. 임상 평가변수 달성률이 아니다. BUYO 기타와 다르다. 감염·중추신경·대사·심혈관 등이 모두 포함된다.,,N,,,2035-12
BIO_A_0137,BIO 2021,Non-oncology,,,NDA/BLA,Approval,0.902,conditional,phase transition (해당 단계 advanced ÷ (advanced+suspended)),1129,advanced + suspended transitions (해당 단계),2011-01-01~2020-11-30,p.12,Figure 6,yes,hold,"company-sponsored, FDA registration-enabling 개발 프로그램. 연구자 주도 연구와 다른 개발 중 약물과의 병용은 제외. 승인 기준은 FDA. Oncology를 제외한 전체 참고군.",중단에는 과학적 실패뿐 아니라 상업성·규제·포트폴리오 판단에 따른 중단이 포함된다. 임상 평가변수 달성률이 아니다. BUYO 기타와 다르다. 감염·중추신경·대사·심혈관 등이 모두 포함된다. 이 값은 Figure 5b의 NDA/BLA→Approval LOA와 같은 값이다. 두 개의 독립 근거로 중복 집계하지 않는다.,,N,,,2035-12
BIO_A_0138,BIO 2021,Non-oncology,,,P1,Approval,0.09300000000000001,cumulative,conditional-product LOA (남은 단계 conditional transition probability의 곱),8549,LOA 계산에 사용한 각 단계 전환 건수의 합 (고유 프로그램 수 아님),2011-01-01~2020-11-30,p.12,Figure 6,yes,hold,"company-sponsored, FDA registration-enabling 개발 프로그램. 연구자 주도 연구와 다른 개발 중 약물과의 병용은 제외. 승인 기준은 FDA. Oncology를 제외한 전체 참고군.",중단에는 과학적 실패뿐 아니라 상업성·규제·포트폴리오 판단에 따른 중단이 포함된다. 임상 평가변수 달성률이 아니다. BUYO 기타와 다르다. 감염·중추신경·대사·심혈관 등이 모두 포함된다. 이미 LOA인 값에 후속 단계 전환율을 다시 곱하지 않는다.,,N,,,2035-12
BIO_A_0139,BIO 2021,Non-oncology,,,P2,Approval,0.172,cumulative,conditional-product LOA (남은 단계 conditional transition probability의 곱),5763,LOA 계산에 사용한 각 단계 전환 건수의 합 (고유 프로그램 수 아님),2011-01-01~2020-11-30,p.12,Figure 6,yes,hold,"company-sponsored, FDA registration-enabling 개발 프로그램. 연구자 주도 연구와 다른 개발 중 약물과의 병용은 제외. 승인 기준은 FDA. Oncology를 제외한 전체 참고군.",중단에는 과학적 실패뿐 아니라 상업성·규제·포트폴리오 판단에 따른 중단이 포함된다. 임상 평가변수 달성률이 아니다. BUYO 기타와 다르다. 감염·중추신경·대사·심혈관 등이 모두 포함된다. 이미 LOA인 값에 후속 단계 전환율을 다시 곱하지 않는다.,,N,,,2035-12
BIO_A_0140,BIO 2021,Non-oncology,,,P3,Approval,0.5529999999999999,cumulative,conditional-product LOA (남은 단계 conditional transition probability의 곱),2562,LOA 계산에 사용한 각 단계 전환 건수의 합 (고유 프로그램 수 아님),2011-01-01~2020-11-30,p.12,Figure 6,yes,hold,"company-sponsored, FDA registration-enabling 개발 프로그램. 연구자 주도 연구와 다른 개발 중 약물과의 병용은 제외. 승인 기준은 FDA. Oncology를 제외한 전체 참고군.",중단에는 과학적 실패뿐 아니라 상업성·규제·포트폴리오 판단에 따른 중단이 포함된다. 임상 평가변수 달성률이 아니다. BUYO 기타와 다르다. 감염·중추신경·대사·심혈관 등이 모두 포함된다. 이미 LOA인 값에 후속 단계 전환율을 다시 곱하지 않는다.,,N,,,2035-12
BIO_A_0141,BIO 2021,Rare diseases (non-oncology),,전체,P1,P2,0.674,conditional,phase transition (해당 단계 advanced ÷ (advanced+suspended)),380,advanced + suspended transitions (해당 단계),2011-01-01~2020-11-30,p.14,Figure 8b,yes,limited,"company-sponsored, FDA registration-enabling 개발 프로그램. 연구자 주도 연구와 다른 개발 중 약물과의 병용은 제외. 승인 기준은 FDA. 미국 20만 명 미만 또는 EU 1/2,000 유병률 기준. 항암 적응증은 전부 제외한 분석.",중단에는 과학적 실패뿐 아니라 상업성·규제·포트폴리오 판단에 따른 중단이 포함된다. 임상 평가변수 달성률이 아니다. 비항암 제한이 필수다. 유전질환 전체나 희귀 항암질환에 적용할 수 없다. 국내 환자 수 2만 명 기준과 다른 기준이다.,,Y,non_oncology,rare_second_line,2035-12
BIO_A_0142,BIO 2021,Rare diseases (non-oncology),,전체,P2,P3,0.446,conditional,phase transition (해당 단계 advanced ÷ (advanced+suspended)),464,advanced + suspended transitions (해당 단계),2011-01-01~2020-11-30,p.14,Figure 8b,yes,limited,"company-sponsored, FDA registration-enabling 개발 프로그램. 연구자 주도 연구와 다른 개발 중 약물과의 병용은 제외. 승인 기준은 FDA. 미국 20만 명 미만 또는 EU 1/2,000 유병률 기준. 항암 적응증은 전부 제외한 분석.",중단에는 과학적 실패뿐 아니라 상업성·규제·포트폴리오 판단에 따른 중단이 포함된다. 임상 평가변수 달성률이 아니다. 비항암 제한이 필수다. 유전질환 전체나 희귀 항암질환에 적용할 수 없다. 국내 환자 수 2만 명 기준과 다른 기준이다.,,Y,non_oncology,rare_second_line,2035-12
BIO_A_0143,BIO 2021,Rare diseases (non-oncology),,전체,P3,NDA/BLA,0.604,conditional,phase transition (해당 단계 advanced ÷ (advanced+suspended)),240,advanced + suspended transitions (해당 단계),2011-01-01~2020-11-30,p.14,Figure 8b,yes,limited,"company-sponsored, FDA registration-enabling 개발 프로그램. 연구자 주도 연구와 다른 개발 중 약물과의 병용은 제외. 승인 기준은 FDA. 미국 20만 명 미만 또는 EU 1/2,000 유병률 기준. 항암 적응증은 전부 제외한 분석.",중단에는 과학적 실패뿐 아니라 상업성·규제·포트폴리오 판단에 따른 중단이 포함된다. 임상 평가변수 달성률이 아니다. 비항암 제한이 필수다. 유전질환 전체나 희귀 항암질환에 적용할 수 없다. 국내 환자 수 2만 명 기준과 다른 기준이다.,,Y,non_oncology,rare_second_line,2035-12
BIO_A_0144,BIO 2021,Rare diseases (non-oncology),,전체,NDA/BLA,Approval,0.9359999999999999,conditional,phase transition (해당 단계 advanced ÷ (advanced+suspended)),172,advanced + suspended transitions (해당 단계),2011-01-01~2020-11-30,p.14,Figure 8b,yes,limited,"company-sponsored, FDA registration-enabling 개발 프로그램. 연구자 주도 연구와 다른 개발 중 약물과의 병용은 제외. 승인 기준은 FDA. 미국 20만 명 미만 또는 EU 1/2,000 유병률 기준. 항암 적응증은 전부 제외한 분석.",중단에는 과학적 실패뿐 아니라 상업성·규제·포트폴리오 판단에 따른 중단이 포함된다. 임상 평가변수 달성률이 아니다. 비항암 제한이 필수다. 유전질환 전체나 희귀 항암질환에 적용할 수 없다. 국내 환자 수 2만 명 기준과 다른 기준이다. 이 값은 Figure 5b의 NDA/BLA→Approval LOA와 같은 값이다. 두 개의 독립 근거로 중복 집계하지 않는다.,,Y,non_oncology,rare_second_line,2035-12
BIO_A_0145,BIO 2021,Rare diseases (non-oncology),,전체,P1,Approval,0.17,cumulative,conditional-product LOA (남은 단계 conditional transition probability의 곱),1256,LOA 계산에 사용한 각 단계 전환 건수의 합 (고유 프로그램 수 아님),2011-01-01~2020-11-30,p.14,Figure 8b,yes,limited,"company-sponsored, FDA registration-enabling 개발 프로그램. 연구자 주도 연구와 다른 개발 중 약물과의 병용은 제외. 승인 기준은 FDA. 미국 20만 명 미만 또는 EU 1/2,000 유병률 기준. 항암 적응증은 전부 제외한 분석.",중단에는 과학적 실패뿐 아니라 상업성·규제·포트폴리오 판단에 따른 중단이 포함된다. 임상 평가변수 달성률이 아니다. 비항암 제한이 필수다. 유전질환 전체나 희귀 항암질환에 적용할 수 없다. 국내 환자 수 2만 명 기준과 다른 기준이다. 이미 LOA인 값에 후속 단계 전환율을 다시 곱하지 않는다.,,Y,non_oncology,rare_second_line,2035-12
BIO_A_0146,BIO 2021,Rare diseases (non-oncology),,전체,P2,Approval,0.252,cumulative,conditional-product LOA (남은 단계 conditional transition probability의 곱),876,LOA 계산에 사용한 각 단계 전환 건수의 합 (고유 프로그램 수 아님),2011-01-01~2020-11-30,p.14,Figure 8b,yes,limited,"company-sponsored, FDA registration-enabling 개발 프로그램. 연구자 주도 연구와 다른 개발 중 약물과의 병용은 제외. 승인 기준은 FDA. 미국 20만 명 미만 또는 EU 1/2,000 유병률 기준. 항암 적응증은 전부 제외한 분석.",중단에는 과학적 실패뿐 아니라 상업성·규제·포트폴리오 판단에 따른 중단이 포함된다. 임상 평가변수 달성률이 아니다. 비항암 제한이 필수다. 유전질환 전체나 희귀 항암질환에 적용할 수 없다. 국내 환자 수 2만 명 기준과 다른 기준이다. 이미 LOA인 값에 후속 단계 전환율을 다시 곱하지 않는다.,,Y,non_oncology,rare_second_line,2035-12
BIO_A_0147,BIO 2021,Rare diseases (non-oncology),,전체,P3,Approval,0.5660000000000001,cumulative,conditional-product LOA (남은 단계 conditional transition probability의 곱),412,LOA 계산에 사용한 각 단계 전환 건수의 합 (고유 프로그램 수 아님),2011-01-01~2020-11-30,p.14,Figure 8b,yes,limited,"company-sponsored, FDA registration-enabling 개발 프로그램. 연구자 주도 연구와 다른 개발 중 약물과의 병용은 제외. 승인 기준은 FDA. 미국 20만 명 미만 또는 EU 1/2,000 유병률 기준. 항암 적응증은 전부 제외한 분석.",중단에는 과학적 실패뿐 아니라 상업성·규제·포트폴리오 판단에 따른 중단이 포함된다. 임상 평가변수 달성률이 아니다. 비항암 제한이 필수다. 유전질환 전체나 희귀 항암질환에 적용할 수 없다. 국내 환자 수 2만 명 기준과 다른 기준이다. 이미 LOA인 값에 후속 단계 전환율을 다시 곱하지 않는다.,,Y,non_oncology,rare_second_line,2035-12
BIO_A_0148,BIO 2021,"Chronic, high prevalence diseases",,,P1,P2,0.46,conditional,phase transition (해당 단계 advanced ÷ (advanced+suspended)),745,advanced + suspended transitions (해당 단계),2011-01-01~2020-11-30,p.14,Figure 8b,yes,hold,"company-sponsored, FDA registration-enabling 개발 프로그램. 연구자 주도 연구와 다른 개발 중 약물과의 병용은 제외. 승인 기준은 FDA. CMS CCW 기준, 미국 환자 100만 명 초과. 항암 적응증 제외.",중단에는 과학적 실패뿐 아니라 상업성·규제·포트폴리오 판단에 따른 중단이 포함된다. 임상 평가변수 달성률이 아니다. 희귀질환 분석의 비교군이다. BUYO 질환군에 직접 대응하지 않는다.,,N,,,2035-12
BIO_A_0149,BIO 2021,"Chronic, high prevalence diseases",,,P2,P3,0.231,conditional,phase transition (해당 단계 advanced ÷ (advanced+suspended)),737,advanced + suspended transitions (해당 단계),2011-01-01~2020-11-30,p.14,Figure 8b,yes,hold,"company-sponsored, FDA registration-enabling 개발 프로그램. 연구자 주도 연구와 다른 개발 중 약물과의 병용은 제외. 승인 기준은 FDA. CMS CCW 기준, 미국 환자 100만 명 초과. 항암 적응증 제외.",중단에는 과학적 실패뿐 아니라 상업성·규제·포트폴리오 판단에 따른 중단이 포함된다. 임상 평가변수 달성률이 아니다. 희귀질환 분석의 비교군이다. BUYO 질환군에 직접 대응하지 않는다.,,N,,,2035-12
BIO_A_0150,BIO 2021,"Chronic, high prevalence diseases",,,P3,NDA/BLA,0.595,conditional,phase transition (해당 단계 advanced ÷ (advanced+suspended)),279,advanced + suspended transitions (해당 단계),2011-01-01~2020-11-30,p.14,Figure 8b,yes,hold,"company-sponsored, FDA registration-enabling 개발 프로그램. 연구자 주도 연구와 다른 개발 중 약물과의 병용은 제외. 승인 기준은 FDA. CMS CCW 기준, 미국 환자 100만 명 초과. 항암 적응증 제외.",중단에는 과학적 실패뿐 아니라 상업성·규제·포트폴리오 판단에 따른 중단이 포함된다. 임상 평가변수 달성률이 아니다. 희귀질환 분석의 비교군이다. BUYO 질환군에 직접 대응하지 않는다.,,N,,,2035-12
BIO_A_0151,BIO 2021,"Chronic, high prevalence diseases",,,NDA/BLA,Approval,0.9259999999999999,conditional,phase transition (해당 단계 advanced ÷ (advanced+suspended)),217,advanced + suspended transitions (해당 단계),2011-01-01~2020-11-30,p.14,Figure 8b,yes,hold,"company-sponsored, FDA registration-enabling 개발 프로그램. 연구자 주도 연구와 다른 개발 중 약물과의 병용은 제외. 승인 기준은 FDA. CMS CCW 기준, 미국 환자 100만 명 초과. 항암 적응증 제외.",중단에는 과학적 실패뿐 아니라 상업성·규제·포트폴리오 판단에 따른 중단이 포함된다. 임상 평가변수 달성률이 아니다. 희귀질환 분석의 비교군이다. BUYO 질환군에 직접 대응하지 않는다. 이 값은 Figure 5b의 NDA/BLA→Approval LOA와 같은 값이다. 두 개의 독립 근거로 중복 집계하지 않는다.,,N,,,2035-12
BIO_A_0152,BIO 2021,"Chronic, high prevalence diseases",,,P1,Approval,0.059,cumulative,conditional-product LOA (남은 단계 conditional transition probability의 곱),1978,LOA 계산에 사용한 각 단계 전환 건수의 합 (고유 프로그램 수 아님),2011-01-01~2020-11-30,p.14,Figure 8b,yes,hold,"company-sponsored, FDA registration-enabling 개발 프로그램. 연구자 주도 연구와 다른 개발 중 약물과의 병용은 제외. 승인 기준은 FDA. CMS CCW 기준, 미국 환자 100만 명 초과. 항암 적응증 제외.",중단에는 과학적 실패뿐 아니라 상업성·규제·포트폴리오 판단에 따른 중단이 포함된다. 임상 평가변수 달성률이 아니다. 희귀질환 분석의 비교군이다. BUYO 질환군에 직접 대응하지 않는다. 이미 LOA인 값에 후속 단계 전환율을 다시 곱하지 않는다.,,N,,,2035-12
BIO_A_0153,BIO 2021,"Chronic, high prevalence diseases",,,P2,Approval,0.127,cumulative,conditional-product LOA (남은 단계 conditional transition probability의 곱),1233,LOA 계산에 사용한 각 단계 전환 건수의 합 (고유 프로그램 수 아님),2011-01-01~2020-11-30,p.14,Figure 8b,yes,hold,"company-sponsored, FDA registration-enabling 개발 프로그램. 연구자 주도 연구와 다른 개발 중 약물과의 병용은 제외. 승인 기준은 FDA. CMS CCW 기준, 미국 환자 100만 명 초과. 항암 적응증 제외.",중단에는 과학적 실패뿐 아니라 상업성·규제·포트폴리오 판단에 따른 중단이 포함된다. 임상 평가변수 달성률이 아니다. 희귀질환 분석의 비교군이다. BUYO 질환군에 직접 대응하지 않는다. 이미 LOA인 값에 후속 단계 전환율을 다시 곱하지 않는다.,,N,,,2035-12
BIO_A_0154,BIO 2021,"Chronic, high prevalence diseases",,,P3,Approval,0.551,cumulative,conditional-product LOA (남은 단계 conditional transition probability의 곱),496,LOA 계산에 사용한 각 단계 전환 건수의 합 (고유 프로그램 수 아님),2011-01-01~2020-11-30,p.14,Figure 8b,yes,hold,"company-sponsored, FDA registration-enabling 개발 프로그램. 연구자 주도 연구와 다른 개발 중 약물과의 병용은 제외. 승인 기준은 FDA. CMS CCW 기준, 미국 환자 100만 명 초과. 항암 적응증 제외.",중단에는 과학적 실패뿐 아니라 상업성·규제·포트폴리오 판단에 따른 중단이 포함된다. 임상 평가변수 달성률이 아니다. 희귀질환 분석의 비교군이다. BUYO 질환군에 직접 대응하지 않는다. 이미 LOA인 값에 후속 단계 전환율을 다시 곱하지 않는다.,,N,,,2035-12
BIO_A_0155,BIO 2021,Small molecule,small_molecule,전체,P1,P2,0.526,conditional,phase transition (해당 단계 advanced ÷ (advanced+suspended)),2308,advanced + suspended transitions (해당 단계),2011-01-01~2020-11-30,p.17,Figure 10b,yes,direct,"company-sponsored, FDA registration-enabling 개발 프로그램. 연구자 주도 연구와 다른 개발 중 약물과의 병용은 제외. 승인 기준은 FDA. Figure 10b의 모달리티 분류. 질환군은 구분하지 않은 전체.",중단에는 과학적 실패뿐 아니라 상업성·규제·포트폴리오 판단에 따른 중단이 포함된다. 임상 평가변수 달성률이 아니다. 특정 질환의 성공률로 표현하지 않는다.,,N,,,2035-12
BIO_A_0156,BIO 2021,Small molecule,small_molecule,전체,P2,P3,0.28,conditional,phase transition (해당 단계 advanced ÷ (advanced+suspended)),2896,advanced + suspended transitions (해당 단계),2011-01-01~2020-11-30,p.17,Figure 10b,yes,direct,"company-sponsored, FDA registration-enabling 개발 프로그램. 연구자 주도 연구와 다른 개발 중 약물과의 병용은 제외. 승인 기준은 FDA. Figure 10b의 모달리티 분류. 질환군은 구분하지 않은 전체.",중단에는 과학적 실패뿐 아니라 상업성·규제·포트폴리오 판단에 따른 중단이 포함된다. 임상 평가변수 달성률이 아니다. 특정 질환의 성공률로 표현하지 않는다.,,N,,,2035-12
BIO_A_0157,BIO 2021,Small molecule,small_molecule,전체,P3,NDA/BLA,0.569,conditional,phase transition (해당 단계 advanced ÷ (advanced+suspended)),1118,advanced + suspended transitions (해당 단계),2011-01-01~2020-11-30,p.17,Figure 10b,yes,direct,"company-sponsored, FDA registration-enabling 개발 프로그램. 연구자 주도 연구와 다른 개발 중 약물과의 병용은 제외. 승인 기준은 FDA. Figure 10b의 모달리티 분류. 질환군은 구분하지 않은 전체.",중단에는 과학적 실패뿐 아니라 상업성·규제·포트폴리오 판단에 따른 중단이 포함된다. 임상 평가변수 달성률이 아니다. 특정 질환의 성공률로 표현하지 않는다.,,N,,,2035-12
BIO_A_0158,BIO 2021,Small molecule,small_molecule,전체,NDA/BLA,Approval,0.895,conditional,phase transition (해당 단계 advanced ÷ (advanced+suspended)),849,advanced + suspended transitions (해당 단계),2011-01-01~2020-11-30,p.17,Figure 10b,yes,direct,"company-sponsored, FDA registration-enabling 개발 프로그램. 연구자 주도 연구와 다른 개발 중 약물과의 병용은 제외. 승인 기준은 FDA. Figure 10b의 모달리티 분류. 질환군은 구분하지 않은 전체.",중단에는 과학적 실패뿐 아니라 상업성·규제·포트폴리오 판단에 따른 중단이 포함된다. 임상 평가변수 달성률이 아니다. 특정 질환의 성공률로 표현하지 않는다. 이 값은 Figure 5b의 NDA/BLA→Approval LOA와 같은 값이다. 두 개의 독립 근거로 중복 집계하지 않는다.,,N,,,2035-12
BIO_A_0159,BIO 2021,Small molecule,small_molecule,전체,P1,Approval,0.075,cumulative,conditional-product LOA (남은 단계 conditional transition probability의 곱),7171,LOA 계산에 사용한 각 단계 전환 건수의 합 (고유 프로그램 수 아님),2011-01-01~2020-11-30,p.17,Figure 10b,yes,direct,"company-sponsored, FDA registration-enabling 개발 프로그램. 연구자 주도 연구와 다른 개발 중 약물과의 병용은 제외. 승인 기준은 FDA. Figure 10b의 모달리티 분류. 질환군은 구분하지 않은 전체.",중단에는 과학적 실패뿐 아니라 상업성·규제·포트폴리오 판단에 따른 중단이 포함된다. 임상 평가변수 달성률이 아니다. 특정 질환의 성공률로 표현하지 않는다. 이미 LOA인 값에 후속 단계 전환율을 다시 곱하지 않는다.,,N,,,2035-12
BIO_A_0160,BIO 2021,Small molecule,small_molecule,전체,P2,Approval,0.143,cumulative,conditional-product LOA (남은 단계 conditional transition probability의 곱),4863,LOA 계산에 사용한 각 단계 전환 건수의 합 (고유 프로그램 수 아님),2011-01-01~2020-11-30,p.17,Figure 10b,yes,direct,"company-sponsored, FDA registration-enabling 개발 프로그램. 연구자 주도 연구와 다른 개발 중 약물과의 병용은 제외. 승인 기준은 FDA. Figure 10b의 모달리티 분류. 질환군은 구분하지 않은 전체.",중단에는 과학적 실패뿐 아니라 상업성·규제·포트폴리오 판단에 따른 중단이 포함된다. 임상 평가변수 달성률이 아니다. 특정 질환의 성공률로 표현하지 않는다. 이미 LOA인 값에 후속 단계 전환율을 다시 곱하지 않는다.,,N,,,2035-12
BIO_A_0161,BIO 2021,Small molecule,small_molecule,전체,P3,Approval,0.509,cumulative,conditional-product LOA (남은 단계 conditional transition probability의 곱),1967,LOA 계산에 사용한 각 단계 전환 건수의 합 (고유 프로그램 수 아님),2011-01-01~2020-11-30,p.17,Figure 10b,yes,direct,"company-sponsored, FDA registration-enabling 개발 프로그램. 연구자 주도 연구와 다른 개발 중 약물과의 병용은 제외. 승인 기준은 FDA. Figure 10b의 모달리티 분류. 질환군은 구분하지 않은 전체.",중단에는 과학적 실패뿐 아니라 상업성·규제·포트폴리오 판단에 따른 중단이 포함된다. 임상 평가변수 달성률이 아니다. 특정 질환의 성공률로 표현하지 않는다. 이미 LOA인 값에 후속 단계 전환율을 다시 곱하지 않는다.,,N,,,2035-12
BIO_A_0162,BIO 2021,Monoclonal antibody,antibody_mAb,전체,P1,P2,0.547,conditional,phase transition (해당 단계 advanced ÷ (advanced+suspended)),804,advanced + suspended transitions (해당 단계),2011-01-01~2020-11-30,p.17,Figure 10b,yes,direct,"company-sponsored, FDA registration-enabling 개발 프로그램. 연구자 주도 연구와 다른 개발 중 약물과의 병용은 제외. 승인 기준은 FDA. 원문 분류는 단클론항체. 이중항체·항체절편의 포함 규칙은 원문에 제시되지 않았다.",중단에는 과학적 실패뿐 아니라 상업성·규제·포트폴리오 판단에 따른 중단이 포함된다. 임상 평가변수 달성률이 아니다. BUYO antibody가 더 넓은 항체 범주를 뜻한다면 같은 모집단이 아니다. 원문 하위분류를 반드시 보존한다.,,N,,,2035-12
BIO_A_0163,BIO 2021,Monoclonal antibody,antibody_mAb,전체,P2,P3,0.341,conditional,phase transition (해당 단계 advanced ÷ (advanced+suspended)),740,advanced + suspended transitions (해당 단계),2011-01-01~2020-11-30,p.17,Figure 10b,yes,direct,"company-sponsored, FDA registration-enabling 개발 프로그램. 연구자 주도 연구와 다른 개발 중 약물과의 병용은 제외. 승인 기준은 FDA. 원문 분류는 단클론항체. 이중항체·항체절편의 포함 규칙은 원문에 제시되지 않았다.",중단에는 과학적 실패뿐 아니라 상업성·규제·포트폴리오 판단에 따른 중단이 포함된다. 임상 평가변수 달성률이 아니다. BUYO antibody가 더 넓은 항체 범주를 뜻한다면 같은 모집단이 아니다. 원문 하위분류를 반드시 보존한다.,,N,,,2035-12
BIO_A_0164,BIO 2021,Monoclonal antibody,antibody_mAb,전체,P3,NDA/BLA,0.6809999999999999,conditional,phase transition (해당 단계 advanced ÷ (advanced+suspended)),310,advanced + suspended transitions (해당 단계),2011-01-01~2020-11-30,p.17,Figure 10b,yes,direct,"company-sponsored, FDA registration-enabling 개발 프로그램. 연구자 주도 연구와 다른 개발 중 약물과의 병용은 제외. 승인 기준은 FDA. 원문 분류는 단클론항체. 이중항체·항체절편의 포함 규칙은 원문에 제시되지 않았다.",중단에는 과학적 실패뿐 아니라 상업성·규제·포트폴리오 판단에 따른 중단이 포함된다. 임상 평가변수 달성률이 아니다. BUYO antibody가 더 넓은 항체 범주를 뜻한다면 같은 모집단이 아니다. 원문 하위분류를 반드시 보존한다.,,N,,,2035-12
BIO_A_0165,BIO 2021,Monoclonal antibody,antibody_mAb,전체,NDA/BLA,Approval,0.9540000000000001,conditional,phase transition (해당 단계 advanced ÷ (advanced+suspended)),282,advanced + suspended transitions (해당 단계),2011-01-01~2020-11-30,p.17,Figure 10b,yes,direct,"company-sponsored, FDA registration-enabling 개발 프로그램. 연구자 주도 연구와 다른 개발 중 약물과의 병용은 제외. 승인 기준은 FDA. 원문 분류는 단클론항체. 이중항체·항체절편의 포함 규칙은 원문에 제시되지 않았다.",중단에는 과학적 실패뿐 아니라 상업성·규제·포트폴리오 판단에 따른 중단이 포함된다. 임상 평가변수 달성률이 아니다. BUYO antibody가 더 넓은 항체 범주를 뜻한다면 같은 모집단이 아니다. 원문 하위분류를 반드시 보존한다. 이 값은 Figure 5b의 NDA/BLA→Approval LOA와 같은 값이다. 두 개의 독립 근거로 중복 집계하지 않는다.,,N,,,2035-12
BIO_A_0166,BIO 2021,Monoclonal antibody,antibody_mAb,전체,P1,Approval,0.121,cumulative,conditional-product LOA (남은 단계 conditional transition probability의 곱),2136,LOA 계산에 사용한 각 단계 전환 건수의 합 (고유 프로그램 수 아님),2011-01-01~2020-11-30,p.17,Figure 10b,yes,direct,"company-sponsored, FDA registration-enabling 개발 프로그램. 연구자 주도 연구와 다른 개발 중 약물과의 병용은 제외. 승인 기준은 FDA. 원문 분류는 단클론항체. 이중항체·항체절편의 포함 규칙은 원문에 제시되지 않았다.",중단에는 과학적 실패뿐 아니라 상업성·규제·포트폴리오 판단에 따른 중단이 포함된다. 임상 평가변수 달성률이 아니다. BUYO antibody가 더 넓은 항체 범주를 뜻한다면 같은 모집단이 아니다. 원문 하위분류를 반드시 보존한다. 이미 LOA인 값에 후속 단계 전환율을 다시 곱하지 않는다.,,N,,,2035-12
BIO_A_0167,BIO 2021,Monoclonal antibody,antibody_mAb,전체,P2,Approval,0.221,cumulative,conditional-product LOA (남은 단계 conditional transition probability의 곱),1332,LOA 계산에 사용한 각 단계 전환 건수의 합 (고유 프로그램 수 아님),2011-01-01~2020-11-30,p.17,Figure 10b,yes,direct,"company-sponsored, FDA registration-enabling 개발 프로그램. 연구자 주도 연구와 다른 개발 중 약물과의 병용은 제외. 승인 기준은 FDA. 원문 분류는 단클론항체. 이중항체·항체절편의 포함 규칙은 원문에 제시되지 않았다.",중단에는 과학적 실패뿐 아니라 상업성·규제·포트폴리오 판단에 따른 중단이 포함된다. 임상 평가변수 달성률이 아니다. BUYO antibody가 더 넓은 항체 범주를 뜻한다면 같은 모집단이 아니다. 원문 하위분류를 반드시 보존한다. 이미 LOA인 값에 후속 단계 전환율을 다시 곱하지 않는다.,,N,,,2035-12
BIO_A_0168,BIO 2021,Monoclonal antibody,antibody_mAb,전체,P3,Approval,0.649,cumulative,conditional-product LOA (남은 단계 conditional transition probability의 곱),592,LOA 계산에 사용한 각 단계 전환 건수의 합 (고유 프로그램 수 아님),2011-01-01~2020-11-30,p.17,Figure 10b,yes,direct,"company-sponsored, FDA registration-enabling 개발 프로그램. 연구자 주도 연구와 다른 개발 중 약물과의 병용은 제외. 승인 기준은 FDA. 원문 분류는 단클론항체. 이중항체·항체절편의 포함 규칙은 원문에 제시되지 않았다.",중단에는 과학적 실패뿐 아니라 상업성·규제·포트폴리오 판단에 따른 중단이 포함된다. 임상 평가변수 달성률이 아니다. BUYO antibody가 더 넓은 항체 범주를 뜻한다면 같은 모집단이 아니다. 원문 하위분류를 반드시 보존한다. 이미 LOA인 값에 후속 단계 전환율을 다시 곱하지 않는다.,,N,,,2035-12
BIO_A_0169,BIO 2021,ADCs,ADC,전체,P1,P2,0.417,conditional,phase transition (해당 단계 advanced ÷ (advanced+suspended)),103,advanced + suspended transitions (해당 단계),2011-01-01~2020-11-30,p.17,Figure 10b,yes,direct,"company-sponsored, FDA registration-enabling 개발 프로그램. 연구자 주도 연구와 다른 개발 중 약물과의 병용은 제외. 승인 기준은 FDA. Figure 10b에서 항체와 별도로 제공된 모달리티.",중단에는 과학적 실패뿐 아니라 상업성·규제·포트폴리오 판단에 따른 중단이 포함된다. 임상 평가변수 달성률이 아니다. 후반 단계 n이 16·12로 작다. LOA에 이 소표본 단계가 포함된다.,,N,,,2035-12
BIO_A_0170,BIO 2021,ADCs,ADC,전체,P2,P3,0.415,conditional,phase transition (해당 단계 advanced ÷ (advanced+suspended)),53,advanced + suspended transitions (해당 단계),2011-01-01~2020-11-30,p.17,Figure 10b,yes,direct,"company-sponsored, FDA registration-enabling 개발 프로그램. 연구자 주도 연구와 다른 개발 중 약물과의 병용은 제외. 승인 기준은 FDA. Figure 10b에서 항체와 별도로 제공된 모달리티.",중단에는 과학적 실패뿐 아니라 상업성·규제·포트폴리오 판단에 따른 중단이 포함된다. 임상 평가변수 달성률이 아니다. 후반 단계 n이 16·12로 작다. LOA에 이 소표본 단계가 포함된다.,,N,,,2035-12
BIO_A_0171,BIO 2021,ADCs,ADC,전체,P3,NDA/BLA,0.625,conditional,phase transition (해당 단계 advanced ÷ (advanced+suspended)),16,advanced + suspended transitions (해당 단계),2011-01-01~2020-11-30,p.17,Figure 10b,yes,direct,"company-sponsored, FDA registration-enabling 개발 프로그램. 연구자 주도 연구와 다른 개발 중 약물과의 병용은 제외. 승인 기준은 FDA. Figure 10b에서 항체와 별도로 제공된 모달리티.",중단에는 과학적 실패뿐 아니라 상업성·규제·포트폴리오 판단에 따른 중단이 포함된다. 임상 평가변수 달성률이 아니다. 후반 단계 n이 16·12로 작다. LOA에 이 소표본 단계가 포함된다.,,N,,,2035-12
BIO_A_0172,BIO 2021,ADCs,ADC,전체,NDA/BLA,Approval,1.0,conditional,phase transition (해당 단계 advanced ÷ (advanced+suspended)),12,advanced + suspended transitions (해당 단계),2011-01-01~2020-11-30,p.17,Figure 10b,yes,direct,"company-sponsored, FDA registration-enabling 개발 프로그램. 연구자 주도 연구와 다른 개발 중 약물과의 병용은 제외. 승인 기준은 FDA. Figure 10b에서 항체와 별도로 제공된 모달리티.",중단에는 과학적 실패뿐 아니라 상업성·규제·포트폴리오 판단에 따른 중단이 포함된다. 임상 평가변수 달성률이 아니다. 후반 단계 n이 16·12로 작다. LOA에 이 소표본 단계가 포함된다. 이 값은 Figure 5b의 NDA/BLA→Approval LOA와 같은 값이다. 두 개의 독립 근거로 중복 집계하지 않는다.,n=12의 100.0%. 관측된 전환에 중단이 없었다는 뜻이며 충분한 표본을 뜻하지 않는다.,N,,,2035-12
BIO_A_0173,BIO 2021,ADCs,ADC,전체,P1,Approval,0.108,cumulative,conditional-product LOA (남은 단계 conditional transition probability의 곱),184,LOA 계산에 사용한 각 단계 전환 건수의 합 (고유 프로그램 수 아님),2011-01-01~2020-11-30,p.17,Figure 10b,yes,direct,"company-sponsored, FDA registration-enabling 개발 프로그램. 연구자 주도 연구와 다른 개발 중 약물과의 병용은 제외. 승인 기준은 FDA. Figure 10b에서 항체와 별도로 제공된 모달리티.",중단에는 과학적 실패뿐 아니라 상업성·규제·포트폴리오 판단에 따른 중단이 포함된다. 임상 평가변수 달성률이 아니다. 후반 단계 n이 16·12로 작다. LOA에 이 소표본 단계가 포함된다. 이미 LOA인 값에 후속 단계 전환율을 다시 곱하지 않는다.,,N,,,2035-12
BIO_A_0174,BIO 2021,ADCs,ADC,전체,P2,Approval,0.259,cumulative,conditional-product LOA (남은 단계 conditional transition probability의 곱),81,LOA 계산에 사용한 각 단계 전환 건수의 합 (고유 프로그램 수 아님),2011-01-01~2020-11-30,p.17,Figure 10b,yes,direct,"company-sponsored, FDA registration-enabling 개발 프로그램. 연구자 주도 연구와 다른 개발 중 약물과의 병용은 제외. 승인 기준은 FDA. Figure 10b에서 항체와 별도로 제공된 모달리티.",중단에는 과학적 실패뿐 아니라 상업성·규제·포트폴리오 판단에 따른 중단이 포함된다. 임상 평가변수 달성률이 아니다. 후반 단계 n이 16·12로 작다. LOA에 이 소표본 단계가 포함된다. 이미 LOA인 값에 후속 단계 전환율을 다시 곱하지 않는다.,,N,,,2035-12
BIO_A_0175,BIO 2021,ADCs,ADC,전체,P3,Approval,0.625,cumulative,conditional-product LOA (남은 단계 conditional transition probability의 곱),28,LOA 계산에 사용한 각 단계 전환 건수의 합 (고유 프로그램 수 아님),2011-01-01~2020-11-30,p.17,Figure 10b,yes,direct,"company-sponsored, FDA registration-enabling 개발 프로그램. 연구자 주도 연구와 다른 개발 중 약물과의 병용은 제외. 승인 기준은 FDA. Figure 10b에서 항체와 별도로 제공된 모달리티.",중단에는 과학적 실패뿐 아니라 상업성·규제·포트폴리오 판단에 따른 중단이 포함된다. 임상 평가변수 달성률이 아니다. 후반 단계 n이 16·12로 작다. LOA에 이 소표본 단계가 포함된다. 이미 LOA인 값에 후속 단계 전환율을 다시 곱하지 않는다.,,N,,,2035-12
BIO_A_0176,BIO 2021,Gene therapy,gene_therapy,전체,P1,P2,0.519,conditional,phase transition (해당 단계 advanced ÷ (advanced+suspended)),27,advanced + suspended transitions (해당 단계),2011-01-01~2020-11-30,p.17,Figure 10b,yes,direct,"company-sponsored, FDA registration-enabling 개발 프로그램. 연구자 주도 연구와 다른 개발 중 약물과의 병용은 제외. 승인 기준은 FDA. Figure 10b의 모달리티 분류.",중단에는 과학적 실패뿐 아니라 상업성·규제·포트폴리오 판단에 따른 중단이 포함된다. 임상 평가변수 달성률이 아니다. 승인 단계 n=2가 모든 LOA에 포함된다. n<10 검사만으로는 이 한계를 놓친다.,,N,,,2035-12
BIO_A_0177,BIO 2021,Gene therapy,gene_therapy,전체,P2,P3,0.386,conditional,phase transition (해당 단계 advanced ÷ (advanced+suspended)),57,advanced + suspended transitions (해당 단계),2011-01-01~2020-11-30,p.17,Figure 10b,yes,direct,"company-sponsored, FDA registration-enabling 개발 프로그램. 연구자 주도 연구와 다른 개발 중 약물과의 병용은 제외. 승인 기준은 FDA. Figure 10b의 모달리티 분류.",중단에는 과학적 실패뿐 아니라 상업성·규제·포트폴리오 판단에 따른 중단이 포함된다. 임상 평가변수 달성률이 아니다. 승인 단계 n=2가 모든 LOA에 포함된다. n<10 검사만으로는 이 한계를 놓친다.,,N,,,2035-12
BIO_A_0178,BIO 2021,Gene therapy,gene_therapy,전체,P3,NDA/BLA,0.5,conditional,phase transition (해당 단계 advanced ÷ (advanced+suspended)),10,advanced + suspended transitions (해당 단계),2011-01-01~2020-11-30,p.17,Figure 10b,yes,direct,"company-sponsored, FDA registration-enabling 개발 프로그램. 연구자 주도 연구와 다른 개발 중 약물과의 병용은 제외. 승인 기준은 FDA. Figure 10b의 모달리티 분류.",중단에는 과학적 실패뿐 아니라 상업성·규제·포트폴리오 판단에 따른 중단이 포함된다. 임상 평가변수 달성률이 아니다. 승인 단계 n=2가 모든 LOA에 포함된다. n<10 검사만으로는 이 한계를 놓친다.,,N,,,2035-12
BIO_A_0179,BIO 2021,Gene therapy,gene_therapy,전체,NDA/BLA,Approval,1.0,conditional,phase transition (해당 단계 advanced ÷ (advanced+suspended)),2,advanced + suspended transitions (해당 단계),2011-01-01~2020-11-30,p.17,Figure 10b,yes,direct,"company-sponsored, FDA registration-enabling 개발 프로그램. 연구자 주도 연구와 다른 개발 중 약물과의 병용은 제외. 승인 기준은 FDA. Figure 10b의 모달리티 분류.",중단에는 과학적 실패뿐 아니라 상업성·규제·포트폴리오 판단에 따른 중단이 포함된다. 임상 평가변수 달성률이 아니다. 승인 단계 n=2가 모든 LOA에 포함된다. n<10 검사만으로는 이 한계를 놓친다. 이 값은 Figure 5b의 NDA/BLA→Approval LOA와 같은 값이다. 두 개의 독립 근거로 중복 집계하지 않는다.,n=2의 100.0%. 소표본.,N,,,2035-12
BIO_A_0180,BIO 2021,Gene therapy,gene_therapy,전체,P1,Approval,0.1,cumulative,conditional-product LOA (남은 단계 conditional transition probability의 곱),96,LOA 계산에 사용한 각 단계 전환 건수의 합 (고유 프로그램 수 아님),2011-01-01~2020-11-30,p.17,Figure 10b,yes,direct,"company-sponsored, FDA registration-enabling 개발 프로그램. 연구자 주도 연구와 다른 개발 중 약물과의 병용은 제외. 승인 기준은 FDA. Figure 10b의 모달리티 분류.",중단에는 과학적 실패뿐 아니라 상업성·규제·포트폴리오 판단에 따른 중단이 포함된다. 임상 평가변수 달성률이 아니다. 승인 단계 n=2가 모든 LOA에 포함된다. n<10 검사만으로는 이 한계를 놓친다. 이미 LOA인 값에 후속 단계 전환율을 다시 곱하지 않는다.,구성 단계에 n=2가 포함된다.,N,,,2035-12
BIO_A_0181,BIO 2021,Gene therapy,gene_therapy,전체,P2,Approval,0.193,cumulative,conditional-product LOA (남은 단계 conditional transition probability의 곱),69,LOA 계산에 사용한 각 단계 전환 건수의 합 (고유 프로그램 수 아님),2011-01-01~2020-11-30,p.17,Figure 10b,yes,direct,"company-sponsored, FDA registration-enabling 개발 프로그램. 연구자 주도 연구와 다른 개발 중 약물과의 병용은 제외. 승인 기준은 FDA. Figure 10b의 모달리티 분류.",중단에는 과학적 실패뿐 아니라 상업성·규제·포트폴리오 판단에 따른 중단이 포함된다. 임상 평가변수 달성률이 아니다. 승인 단계 n=2가 모든 LOA에 포함된다. n<10 검사만으로는 이 한계를 놓친다. 이미 LOA인 값에 후속 단계 전환율을 다시 곱하지 않는다.,구성 단계에 n=2가 포함된다.,N,,,2035-12
BIO_A_0182,BIO 2021,Gene therapy,gene_therapy,전체,P3,Approval,0.5,cumulative,conditional-product LOA (남은 단계 conditional transition probability의 곱),12,LOA 계산에 사용한 각 단계 전환 건수의 합 (고유 프로그램 수 아님),2011-01-01~2020-11-30,p.17,Figure 10b,yes,direct,"company-sponsored, FDA registration-enabling 개발 프로그램. 연구자 주도 연구와 다른 개발 중 약물과의 병용은 제외. 승인 기준은 FDA. Figure 10b의 모달리티 분류.",중단에는 과학적 실패뿐 아니라 상업성·규제·포트폴리오 판단에 따른 중단이 포함된다. 임상 평가변수 달성률이 아니다. 승인 단계 n=2가 모든 LOA에 포함된다. n<10 검사만으로는 이 한계를 놓친다. 이미 LOA인 값에 후속 단계 전환율을 다시 곱하지 않는다.,구성 단계에 n=2가 포함된다.,N,,,2035-12
BIO_A_0183,BIO 2021,Peptide,peptide,전체,P1,P2,0.53,conditional,phase transition (해당 단계 advanced ÷ (advanced+suspended)),234,advanced + suspended transitions (해당 단계),2011-01-01~2020-11-30,p.17,Figure 10b,yes,direct,"company-sponsored, FDA registration-enabling 개발 프로그램. 연구자 주도 연구와 다른 개발 중 약물과의 병용은 제외. 승인 기준은 FDA. Figure 10b의 모달리티 분류.",중단에는 과학적 실패뿐 아니라 상업성·규제·포트폴리오 판단에 따른 중단이 포함된다. 임상 평가변수 달성률이 아니다. 특정 질환의 성공률로 표현하지 않는다.,,N,,,2035-12
BIO_A_0184,BIO 2021,Peptide,peptide,전체,P2,P3,0.284,conditional,phase transition (해당 단계 advanced ÷ (advanced+suspended)),218,advanced + suspended transitions (해당 단계),2011-01-01~2020-11-30,p.17,Figure 10b,yes,direct,"company-sponsored, FDA registration-enabling 개발 프로그램. 연구자 주도 연구와 다른 개발 중 약물과의 병용은 제외. 승인 기준은 FDA. Figure 10b의 모달리티 분류.",중단에는 과학적 실패뿐 아니라 상업성·규제·포트폴리오 판단에 따른 중단이 포함된다. 임상 평가변수 달성률이 아니다. 특정 질환의 성공률로 표현하지 않는다.,,N,,,2035-12
BIO_A_0185,BIO 2021,Peptide,peptide,전체,P3,NDA/BLA,0.6,conditional,phase transition (해당 단계 advanced ÷ (advanced+suspended)),100,advanced + suspended transitions (해당 단계),2011-01-01~2020-11-30,p.17,Figure 10b,yes,direct,"company-sponsored, FDA registration-enabling 개발 프로그램. 연구자 주도 연구와 다른 개발 중 약물과의 병용은 제외. 승인 기준은 FDA. Figure 10b의 모달리티 분류.",중단에는 과학적 실패뿐 아니라 상업성·규제·포트폴리오 판단에 따른 중단이 포함된다. 임상 평가변수 달성률이 아니다. 특정 질환의 성공률로 표현하지 않는다.,,N,,,2035-12
BIO_A_0186,BIO 2021,Peptide,peptide,전체,NDA/BLA,Approval,0.8809999999999999,conditional,phase transition (해당 단계 advanced ÷ (advanced+suspended)),67,advanced + suspended transitions (해당 단계),2011-01-01~2020-11-30,p.17,Figure 10b,yes,direct,"company-sponsored, FDA registration-enabling 개발 프로그램. 연구자 주도 연구와 다른 개발 중 약물과의 병용은 제외. 승인 기준은 FDA. Figure 10b의 모달리티 분류.",중단에는 과학적 실패뿐 아니라 상업성·규제·포트폴리오 판단에 따른 중단이 포함된다. 임상 평가변수 달성률이 아니다. 특정 질환의 성공률로 표현하지 않는다. 이 값은 Figure 5b의 NDA/BLA→Approval LOA와 같은 값이다. 두 개의 독립 근거로 중복 집계하지 않는다.,,N,,,2035-12
BIO_A_0187,BIO 2021,Peptide,peptide,전체,P1,Approval,0.08,cumulative,conditional-product LOA (남은 단계 conditional transition probability의 곱),619,LOA 계산에 사용한 각 단계 전환 건수의 합 (고유 프로그램 수 아님),2011-01-01~2020-11-30,p.17,Figure 10b,yes,direct,"company-sponsored, FDA registration-enabling 개발 프로그램. 연구자 주도 연구와 다른 개발 중 약물과의 병용은 제외. 승인 기준은 FDA. Figure 10b의 모달리티 분류.",중단에는 과학적 실패뿐 아니라 상업성·규제·포트폴리오 판단에 따른 중단이 포함된다. 임상 평가변수 달성률이 아니다. 특정 질환의 성공률로 표현하지 않는다. 이미 LOA인 값에 후속 단계 전환율을 다시 곱하지 않는다.,,N,,,2035-12
BIO_A_0188,BIO 2021,Peptide,peptide,전체,P2,Approval,0.15,cumulative,conditional-product LOA (남은 단계 conditional transition probability의 곱),385,LOA 계산에 사용한 각 단계 전환 건수의 합 (고유 프로그램 수 아님),2011-01-01~2020-11-30,p.17,Figure 10b,yes,direct,"company-sponsored, FDA registration-enabling 개발 프로그램. 연구자 주도 연구와 다른 개발 중 약물과의 병용은 제외. 승인 기준은 FDA. Figure 10b의 모달리티 분류.",중단에는 과학적 실패뿐 아니라 상업성·규제·포트폴리오 판단에 따른 중단이 포함된다. 임상 평가변수 달성률이 아니다. 특정 질환의 성공률로 표현하지 않는다. 이미 LOA인 값에 후속 단계 전환율을 다시 곱하지 않는다.,,N,,,2035-12
BIO_A_0189,BIO 2021,Peptide,peptide,전체,P3,Approval,0.528,cumulative,conditional-product LOA (남은 단계 conditional transition probability의 곱),167,LOA 계산에 사용한 각 단계 전환 건수의 합 (고유 프로그램 수 아님),2011-01-01~2020-11-30,p.17,Figure 10b,yes,direct,"company-sponsored, FDA registration-enabling 개발 프로그램. 연구자 주도 연구와 다른 개발 중 약물과의 병용은 제외. 승인 기준은 FDA. Figure 10b의 모달리티 분류.",중단에는 과학적 실패뿐 아니라 상업성·규제·포트폴리오 판단에 따른 중단이 포함된다. 임상 평가변수 달성률이 아니다. 특정 질환의 성공률로 표현하지 않는다. 이미 LOA인 값에 후속 단계 전환율을 다시 곱하지 않는다.,,N,,,2035-12
BIO_A_0190,BIO 2021,Vaccine,vaccine,전체,P1,P2,0.527,conditional,phase transition (해당 단계 advanced ÷ (advanced+suspended)),129,advanced + suspended transitions (해당 단계),2011-01-01~2020-11-30,p.17,Figure 10b,yes,direct,"company-sponsored, FDA registration-enabling 개발 프로그램. 연구자 주도 연구와 다른 개발 중 약물과의 병용은 제외. 승인 기준은 FDA. Figure 10b의 백신 분류. Figure 9의 백신과 n이 다르다.",중단에는 과학적 실패뿐 아니라 상업성·규제·포트폴리오 판단에 따른 중단이 포함된다. 임상 평가변수 달성률이 아니다. Figure 9(class/novelty 축) 값과 혼용하지 않는다. 각주에 세포성 백신 분류 차이가 명시되어 있다.,,N,,,2035-12
BIO_A_0191,BIO 2021,Vaccine,vaccine,전체,P2,P3,0.316,conditional,phase transition (해당 단계 advanced ÷ (advanced+suspended)),117,advanced + suspended transitions (해당 단계),2011-01-01~2020-11-30,p.17,Figure 10b,yes,direct,"company-sponsored, FDA registration-enabling 개발 프로그램. 연구자 주도 연구와 다른 개발 중 약물과의 병용은 제외. 승인 기준은 FDA. Figure 10b의 백신 분류. Figure 9의 백신과 n이 다르다.",중단에는 과학적 실패뿐 아니라 상업성·규제·포트폴리오 판단에 따른 중단이 포함된다. 임상 평가변수 달성률이 아니다. Figure 9(class/novelty 축) 값과 혼용하지 않는다. 각주에 세포성 백신 분류 차이가 명시되어 있다.,,N,,,2035-12
BIO_A_0192,BIO 2021,Vaccine,vaccine,전체,P3,NDA/BLA,0.581,conditional,phase transition (해당 단계 advanced ÷ (advanced+suspended)),43,advanced + suspended transitions (해당 단계),2011-01-01~2020-11-30,p.17,Figure 10b,yes,direct,"company-sponsored, FDA registration-enabling 개발 프로그램. 연구자 주도 연구와 다른 개발 중 약물과의 병용은 제외. 승인 기준은 FDA. Figure 10b의 백신 분류. Figure 9의 백신과 n이 다르다.",중단에는 과학적 실패뿐 아니라 상업성·규제·포트폴리오 판단에 따른 중단이 포함된다. 임상 평가변수 달성률이 아니다. Figure 9(class/novelty 축) 값과 혼용하지 않는다. 각주에 세포성 백신 분류 차이가 명시되어 있다.,,N,,,2035-12
BIO_A_0193,BIO 2021,Vaccine,vaccine,전체,NDA/BLA,Approval,1.0,conditional,phase transition (해당 단계 advanced ÷ (advanced+suspended)),27,advanced + suspended transitions (해당 단계),2011-01-01~2020-11-30,p.17,Figure 10b,yes,direct,"company-sponsored, FDA registration-enabling 개발 프로그램. 연구자 주도 연구와 다른 개발 중 약물과의 병용은 제외. 승인 기준은 FDA. Figure 10b의 백신 분류. Figure 9의 백신과 n이 다르다.",중단에는 과학적 실패뿐 아니라 상업성·규제·포트폴리오 판단에 따른 중단이 포함된다. 임상 평가변수 달성률이 아니다. Figure 9(class/novelty 축) 값과 혼용하지 않는다. 각주에 세포성 백신 분류 차이가 명시되어 있다. 이 값은 Figure 5b의 NDA/BLA→Approval LOA와 같은 값이다. 두 개의 독립 근거로 중복 집계하지 않는다.,Figure 9와 Figure 10b의 백신 n 차이는 세포성 백신 분류 차이라고 Figure 10b 각주에 명시.,N,,,2035-12
BIO_A_0194,BIO 2021,Vaccine,vaccine,전체,P1,Approval,0.09699999999999999,cumulative,conditional-product LOA (남은 단계 conditional transition probability의 곱),316,LOA 계산에 사용한 각 단계 전환 건수의 합 (고유 프로그램 수 아님),2011-01-01~2020-11-30,p.17,Figure 10b,yes,direct,"company-sponsored, FDA registration-enabling 개발 프로그램. 연구자 주도 연구와 다른 개발 중 약물과의 병용은 제외. 승인 기준은 FDA. Figure 10b의 백신 분류. Figure 9의 백신과 n이 다르다.",중단에는 과학적 실패뿐 아니라 상업성·규제·포트폴리오 판단에 따른 중단이 포함된다. 임상 평가변수 달성률이 아니다. Figure 9(class/novelty 축) 값과 혼용하지 않는다. 각주에 세포성 백신 분류 차이가 명시되어 있다. 이미 LOA인 값에 후속 단계 전환율을 다시 곱하지 않는다.,,N,,,2035-12
BIO_A_0195,BIO 2021,Vaccine,vaccine,전체,P2,Approval,0.184,cumulative,conditional-product LOA (남은 단계 conditional transition probability의 곱),187,LOA 계산에 사용한 각 단계 전환 건수의 합 (고유 프로그램 수 아님),2011-01-01~2020-11-30,p.17,Figure 10b,yes,direct,"company-sponsored, FDA registration-enabling 개발 프로그램. 연구자 주도 연구와 다른 개발 중 약물과의 병용은 제외. 승인 기준은 FDA. Figure 10b의 백신 분류. Figure 9의 백신과 n이 다르다.",중단에는 과학적 실패뿐 아니라 상업성·규제·포트폴리오 판단에 따른 중단이 포함된다. 임상 평가변수 달성률이 아니다. Figure 9(class/novelty 축) 값과 혼용하지 않는다. 각주에 세포성 백신 분류 차이가 명시되어 있다. 이미 LOA인 값에 후속 단계 전환율을 다시 곱하지 않는다.,,N,,,2035-12
BIO_A_0196,BIO 2021,Vaccine,vaccine,전체,P3,Approval,0.581,cumulative,conditional-product LOA (남은 단계 conditional transition probability의 곱),70,LOA 계산에 사용한 각 단계 전환 건수의 합 (고유 프로그램 수 아님),2011-01-01~2020-11-30,p.17,Figure 10b,yes,direct,"company-sponsored, FDA registration-enabling 개발 프로그램. 연구자 주도 연구와 다른 개발 중 약물과의 병용은 제외. 승인 기준은 FDA. Figure 10b의 백신 분류. Figure 9의 백신과 n이 다르다.",중단에는 과학적 실패뿐 아니라 상업성·규제·포트폴리오 판단에 따른 중단이 포함된다. 임상 평가변수 달성률이 아니다. Figure 9(class/novelty 축) 값과 혼용하지 않는다. 각주에 세포성 백신 분류 차이가 명시되어 있다. 이미 LOA인 값에 후속 단계 전환율을 다시 곱하지 않는다.,,N,,,2035-12
BIO_A_0197,BIO 2021,CAR-T,cell_CART,전체,P1,P2,0.442,conditional,phase transition (해당 단계 advanced ÷ (advanced+suspended)),43,advanced + suspended transitions (해당 단계),2011-01-01~2020-11-30,p.17,Figure 10b,yes,direct,"company-sponsored, FDA registration-enabling 개발 프로그램. 연구자 주도 연구와 다른 개발 중 약물과의 병용은 제외. 승인 기준은 FDA. 원문 분류는 CAR-T. 세포치료제 전체가 아니다.","중단에는 과학적 실패뿐 아니라 상업성·규제·포트폴리오 판단에 따른 중단이 포함된다. 임상 평가변수 달성률이 아니다. CAR-T 하위유형의 근거로만 사용한다. 세포치료제 전체의 대표값으로 쓰면 안 된다. P3 n=3, 승인 n=4로 매우 작다.",,N,,,2035-12
BIO_A_0198,BIO 2021,CAR-T,cell_CART,전체,P2,P3,0.588,conditional,phase transition (해당 단계 advanced ÷ (advanced+suspended)),17,advanced + suspended transitions (해당 단계),2011-01-01~2020-11-30,p.17,Figure 10b,yes,direct,"company-sponsored, FDA registration-enabling 개발 프로그램. 연구자 주도 연구와 다른 개발 중 약물과의 병용은 제외. 승인 기준은 FDA. 원문 분류는 CAR-T. 세포치료제 전체가 아니다.","중단에는 과학적 실패뿐 아니라 상업성·규제·포트폴리오 판단에 따른 중단이 포함된다. 임상 평가변수 달성률이 아니다. CAR-T 하위유형의 근거로만 사용한다. 세포치료제 전체의 대표값으로 쓰면 안 된다. P3 n=3, 승인 n=4로 매우 작다.",,N,,,2035-12
BIO_A_0199,BIO 2021,CAR-T,cell_CART,전체,P3,NDA/BLA,0.667,conditional,phase transition (해당 단계 advanced ÷ (advanced+suspended)),3,advanced + suspended transitions (해당 단계),2011-01-01~2020-11-30,p.17,Figure 10b,yes,direct,"company-sponsored, FDA registration-enabling 개발 프로그램. 연구자 주도 연구와 다른 개발 중 약물과의 병용은 제외. 승인 기준은 FDA. 원문 분류는 CAR-T. 세포치료제 전체가 아니다.","중단에는 과학적 실패뿐 아니라 상업성·규제·포트폴리오 판단에 따른 중단이 포함된다. 임상 평가변수 달성률이 아니다. CAR-T 하위유형의 근거로만 사용한다. 세포치료제 전체의 대표값으로 쓰면 안 된다. P3 n=3, 승인 n=4로 매우 작다.",n=3. 소표본.,N,,,2035-12
BIO_A_0200,BIO 2021,CAR-T,cell_CART,전체,NDA/BLA,Approval,1.0,conditional,phase transition (해당 단계 advanced ÷ (advanced+suspended)),4,advanced + suspended transitions (해당 단계),2011-01-01~2020-11-30,p.17,Figure 10b,yes,direct,"company-sponsored, FDA registration-enabling 개발 프로그램. 연구자 주도 연구와 다른 개발 중 약물과의 병용은 제외. 승인 기준은 FDA. 원문 분류는 CAR-T. 세포치료제 전체가 아니다.","중단에는 과학적 실패뿐 아니라 상업성·규제·포트폴리오 판단에 따른 중단이 포함된다. 임상 평가변수 달성률이 아니다. CAR-T 하위유형의 근거로만 사용한다. 세포치료제 전체의 대표값으로 쓰면 안 된다. P3 n=3, 승인 n=4로 매우 작다. 이 값은 Figure 5b의 NDA/BLA→Approval LOA와 같은 값이다. 두 개의 독립 근거로 중복 집계하지 않는다.",n=4의 100.0%. 소표본.,N,,,2035-12
BIO_A_0201,BIO 2021,CAR-T,cell_CART,전체,P1,Approval,0.173,cumulative,conditional-product LOA (남은 단계 conditional transition probability의 곱),67,LOA 계산에 사용한 각 단계 전환 건수의 합 (고유 프로그램 수 아님),2011-01-01~2020-11-30,p.17,Figure 10b,yes,direct,"company-sponsored, FDA registration-enabling 개발 프로그램. 연구자 주도 연구와 다른 개발 중 약물과의 병용은 제외. 승인 기준은 FDA. 원문 분류는 CAR-T. 세포치료제 전체가 아니다.","중단에는 과학적 실패뿐 아니라 상업성·규제·포트폴리오 판단에 따른 중단이 포함된다. 임상 평가변수 달성률이 아니다. CAR-T 하위유형의 근거로만 사용한다. 세포치료제 전체의 대표값으로 쓰면 안 된다. P3 n=3, 승인 n=4로 매우 작다. 이미 LOA인 값에 후속 단계 전환율을 다시 곱하지 않는다.",,N,,,2035-12
BIO_A_0202,BIO 2021,CAR-T,cell_CART,전체,P2,Approval,0.392,cumulative,conditional-product LOA (남은 단계 conditional transition probability의 곱),24,LOA 계산에 사용한 각 단계 전환 건수의 합 (고유 프로그램 수 아님),2011-01-01~2020-11-30,p.17,Figure 10b,yes,direct,"company-sponsored, FDA registration-enabling 개발 프로그램. 연구자 주도 연구와 다른 개발 중 약물과의 병용은 제외. 승인 기준은 FDA. 원문 분류는 CAR-T. 세포치료제 전체가 아니다.","중단에는 과학적 실패뿐 아니라 상업성·규제·포트폴리오 판단에 따른 중단이 포함된다. 임상 평가변수 달성률이 아니다. CAR-T 하위유형의 근거로만 사용한다. 세포치료제 전체의 대표값으로 쓰면 안 된다. P3 n=3, 승인 n=4로 매우 작다. 이미 LOA인 값에 후속 단계 전환율을 다시 곱하지 않는다.",,N,,,2035-12
BIO_A_0203,BIO 2021,CAR-T,cell_CART,전체,P3,Approval,0.667,cumulative,conditional-product LOA (남은 단계 conditional transition probability의 곱),7,LOA 계산에 사용한 각 단계 전환 건수의 합 (고유 프로그램 수 아님),2011-01-01~2020-11-30,p.17,Figure 10b,yes,direct,"company-sponsored, FDA registration-enabling 개발 프로그램. 연구자 주도 연구와 다른 개발 중 약물과의 병용은 제외. 승인 기준은 FDA. 원문 분류는 CAR-T. 세포치료제 전체가 아니다.","중단에는 과학적 실패뿐 아니라 상업성·규제·포트폴리오 판단에 따른 중단이 포함된다. 임상 평가변수 달성률이 아니다. CAR-T 하위유형의 근거로만 사용한다. 세포치료제 전체의 대표값으로 쓰면 안 된다. P3 n=3, 승인 n=4로 매우 작다. 이미 LOA인 값에 후속 단계 전환율을 다시 곱하지 않는다.",LOA n=7로 10 미만.,N,,,2035-12
BIO_A_0204,BIO 2021,Biosimilar,biosimilar,전체,P1,P2,0.8,conditional,phase transition (해당 단계 advanced ÷ (advanced+suspended)),60,advanced + suspended transitions (해당 단계),2011-01-01~2020-11-30,p.15,Figure 9,yes,direct,"company-sponsored, FDA registration-enabling 개발 프로그램. 연구자 주도 연구와 다른 개발 중 약물과의 병용은 제외. 승인 기준은 FDA. Figure 9(class/novelty 축)에서 제공. Figure 10b의 모달리티 표와 분류 축이 다르다.",중단에는 과학적 실패뿐 아니라 상업성·규제·포트폴리오 판단에 따른 중단이 포함된다. 임상 평가변수 달성률이 아니다. P2→P3의 n=4가 P1·P2 LOA에 모두 영향을 준다. 모달리티 표와 별도로 관리한다.,,N,,,2035-12
BIO_A_0205,BIO 2021,Biosimilar,biosimilar,전체,P2,P3,0.5,conditional,phase transition (해당 단계 advanced ÷ (advanced+suspended)),4,advanced + suspended transitions (해당 단계),2011-01-01~2020-11-30,p.15,Figure 9,yes,direct,"company-sponsored, FDA registration-enabling 개발 프로그램. 연구자 주도 연구와 다른 개발 중 약물과의 병용은 제외. 승인 기준은 FDA. Figure 9(class/novelty 축)에서 제공. Figure 10b의 모달리티 표와 분류 축이 다르다.",중단에는 과학적 실패뿐 아니라 상업성·규제·포트폴리오 판단에 따른 중단이 포함된다. 임상 평가변수 달성률이 아니다. P2→P3의 n=4가 P1·P2 LOA에 모두 영향을 준다. 모달리티 표와 별도로 관리한다.,n=4. 소표본.,N,,,2035-12
BIO_A_0206,BIO 2021,Biosimilar,biosimilar,전체,P3,NDA/BLA,0.8640000000000001,conditional,phase transition (해당 단계 advanced ÷ (advanced+suspended)),81,advanced + suspended transitions (해당 단계),2011-01-01~2020-11-30,p.15,Figure 9,yes,direct,"company-sponsored, FDA registration-enabling 개발 프로그램. 연구자 주도 연구와 다른 개발 중 약물과의 병용은 제외. 승인 기준은 FDA. Figure 9(class/novelty 축)에서 제공. Figure 10b의 모달리티 표와 분류 축이 다르다.",중단에는 과학적 실패뿐 아니라 상업성·규제·포트폴리오 판단에 따른 중단이 포함된다. 임상 평가변수 달성률이 아니다. P2→P3의 n=4가 P1·P2 LOA에 모두 영향을 준다. 모달리티 표와 별도로 관리한다.,,N,,,2035-12
BIO_A_0207,BIO 2021,Biosimilar,biosimilar,전체,NDA/BLA,Approval,0.932,conditional,phase transition (해당 단계 advanced ÷ (advanced+suspended)),132,advanced + suspended transitions (해당 단계),2011-01-01~2020-11-30,p.15,Figure 9,yes,direct,"company-sponsored, FDA registration-enabling 개발 프로그램. 연구자 주도 연구와 다른 개발 중 약물과의 병용은 제외. 승인 기준은 FDA. Figure 9(class/novelty 축)에서 제공. Figure 10b의 모달리티 표와 분류 축이 다르다.",중단에는 과학적 실패뿐 아니라 상업성·규제·포트폴리오 판단에 따른 중단이 포함된다. 임상 평가변수 달성률이 아니다. P2→P3의 n=4가 P1·P2 LOA에 모두 영향을 준다. 모달리티 표와 별도로 관리한다. 이 값은 Figure 5b의 NDA/BLA→Approval LOA와 같은 값이다. 두 개의 독립 근거로 중복 집계하지 않는다.,,N,,,2035-12
BIO_A_0208,BIO 2021,Biosimilar,biosimilar,전체,P1,Approval,0.322,cumulative,conditional-product LOA (남은 단계 conditional transition probability의 곱),277,LOA 계산에 사용한 각 단계 전환 건수의 합 (고유 프로그램 수 아님),2011-01-01~2020-11-30,p.15,Figure 9,yes,direct,"company-sponsored, FDA registration-enabling 개발 프로그램. 연구자 주도 연구와 다른 개발 중 약물과의 병용은 제외. 승인 기준은 FDA. Figure 9(class/novelty 축)에서 제공. Figure 10b의 모달리티 표와 분류 축이 다르다.",중단에는 과학적 실패뿐 아니라 상업성·규제·포트폴리오 판단에 따른 중단이 포함된다. 임상 평가변수 달성률이 아니다. P2→P3의 n=4가 P1·P2 LOA에 모두 영향을 준다. 모달리티 표와 별도로 관리한다. 이미 LOA인 값에 후속 단계 전환율을 다시 곱하지 않는다.,"본문 p.15는 32.3%, Figure 9 표는 32.2%(n=277). 표 값을 채택. 차이의 원인은 원문에서 확인되지 않는다.",N,,,2035-12
BIO_A_0209,BIO 2021,Biosimilar,biosimilar,전체,P2,Approval,0.403,cumulative,conditional-product LOA (남은 단계 conditional transition probability의 곱),217,LOA 계산에 사용한 각 단계 전환 건수의 합 (고유 프로그램 수 아님),2011-01-01~2020-11-30,p.15,Figure 9,yes,direct,"company-sponsored, FDA registration-enabling 개발 프로그램. 연구자 주도 연구와 다른 개발 중 약물과의 병용은 제외. 승인 기준은 FDA. Figure 9(class/novelty 축)에서 제공. Figure 10b의 모달리티 표와 분류 축이 다르다.",중단에는 과학적 실패뿐 아니라 상업성·규제·포트폴리오 판단에 따른 중단이 포함된다. 임상 평가변수 달성률이 아니다. P2→P3의 n=4가 P1·P2 LOA에 모두 영향을 준다. 모달리티 표와 별도로 관리한다. 이미 LOA인 값에 후속 단계 전환율을 다시 곱하지 않는다.,,N,,,2035-12
BIO_A_0210,BIO 2021,Biosimilar,biosimilar,전체,P3,Approval,0.805,cumulative,conditional-product LOA (남은 단계 conditional transition probability의 곱),213,LOA 계산에 사용한 각 단계 전환 건수의 합 (고유 프로그램 수 아님),2011-01-01~2020-11-30,p.15,Figure 9,yes,direct,"company-sponsored, FDA registration-enabling 개발 프로그램. 연구자 주도 연구와 다른 개발 중 약물과의 병용은 제외. 승인 기준은 FDA. Figure 9(class/novelty 축)에서 제공. Figure 10b의 모달리티 표와 분류 축이 다르다.",중단에는 과학적 실패뿐 아니라 상업성·규제·포트폴리오 판단에 따른 중단이 포함된다. 임상 평가변수 달성률이 아니다. P2→P3의 n=4가 P1·P2 LOA에 모두 영향을 준다. 모달리티 표와 별도로 관리한다. 이미 LOA인 값에 후속 단계 전환율을 다시 곱하지 않는다.,,N,,,2035-12
BIO_A_0211,BIO 2021,Protein,,전체,P1,P2,0.516,conditional,phase transition (해당 단계 advanced ÷ (advanced+suspended)),246,advanced + suspended transitions (해당 단계),2011-01-01~2020-11-30,p.17,Figure 10b,yes,hold,"company-sponsored, FDA registration-enabling 개발 프로그램. 연구자 주도 연구와 다른 개발 중 약물과의 병용은 제외. 승인 기준은 FDA. Figure 10b의 모달리티 분류.",중단에는 과학적 실패뿐 아니라 상업성·규제·포트폴리오 판단에 따른 중단이 포함된다. 임상 평가변수 달성률이 아니다. BUYO 9개 모달리티에 대응 항목이 없다. siRNA/RNAi·Antisense와 묶어 other로 만들지 않는다.,,N,,,2035-12
BIO_A_0212,BIO 2021,Protein,,전체,P2,P3,0.33,conditional,phase transition (해당 단계 advanced ÷ (advanced+suspended)),288,advanced + suspended transitions (해당 단계),2011-01-01~2020-11-30,p.17,Figure 10b,yes,hold,"company-sponsored, FDA registration-enabling 개발 프로그램. 연구자 주도 연구와 다른 개발 중 약물과의 병용은 제외. 승인 기준은 FDA. Figure 10b의 모달리티 분류.",중단에는 과학적 실패뿐 아니라 상업성·규제·포트폴리오 판단에 따른 중단이 포함된다. 임상 평가변수 달성률이 아니다. BUYO 9개 모달리티에 대응 항목이 없다. siRNA/RNAi·Antisense와 묶어 other로 만들지 않는다.,,N,,,2035-12
BIO_A_0213,BIO 2021,Protein,,전체,P3,NDA/BLA,0.617,conditional,phase transition (해당 단계 advanced ÷ (advanced+suspended)),149,advanced + suspended transitions (해당 단계),2011-01-01~2020-11-30,p.17,Figure 10b,yes,hold,"company-sponsored, FDA registration-enabling 개발 프로그램. 연구자 주도 연구와 다른 개발 중 약물과의 병용은 제외. 승인 기준은 FDA. Figure 10b의 모달리티 분류.",중단에는 과학적 실패뿐 아니라 상업성·규제·포트폴리오 판단에 따른 중단이 포함된다. 임상 평가변수 달성률이 아니다. BUYO 9개 모달리티에 대응 항목이 없다. siRNA/RNAi·Antisense와 묶어 other로 만들지 않는다.,,N,,,2035-12
BIO_A_0214,BIO 2021,Protein,,전체,NDA/BLA,Approval,0.897,conditional,phase transition (해당 단계 advanced ÷ (advanced+suspended)),117,advanced + suspended transitions (해당 단계),2011-01-01~2020-11-30,p.17,Figure 10b,yes,hold,"company-sponsored, FDA registration-enabling 개발 프로그램. 연구자 주도 연구와 다른 개발 중 약물과의 병용은 제외. 승인 기준은 FDA. Figure 10b의 모달리티 분류.",중단에는 과학적 실패뿐 아니라 상업성·규제·포트폴리오 판단에 따른 중단이 포함된다. 임상 평가변수 달성률이 아니다. BUYO 9개 모달리티에 대응 항목이 없다. siRNA/RNAi·Antisense와 묶어 other로 만들지 않는다. 이 값은 Figure 5b의 NDA/BLA→Approval LOA와 같은 값이다. 두 개의 독립 근거로 중복 집계하지 않는다.,,N,,,2035-12
BIO_A_0215,BIO 2021,Protein,,전체,P1,Approval,0.094,cumulative,conditional-product LOA (남은 단계 conditional transition probability의 곱),800,LOA 계산에 사용한 각 단계 전환 건수의 합 (고유 프로그램 수 아님),2011-01-01~2020-11-30,p.17,Figure 10b,yes,hold,"company-sponsored, FDA registration-enabling 개발 프로그램. 연구자 주도 연구와 다른 개발 중 약물과의 병용은 제외. 승인 기준은 FDA. Figure 10b의 모달리티 분류.",중단에는 과학적 실패뿐 아니라 상업성·규제·포트폴리오 판단에 따른 중단이 포함된다. 임상 평가변수 달성률이 아니다. BUYO 9개 모달리티에 대응 항목이 없다. siRNA/RNAi·Antisense와 묶어 other로 만들지 않는다. 이미 LOA인 값에 후속 단계 전환율을 다시 곱하지 않는다.,,N,,,2035-12
BIO_A_0216,BIO 2021,Protein,,전체,P2,Approval,0.183,cumulative,conditional-product LOA (남은 단계 conditional transition probability의 곱),554,LOA 계산에 사용한 각 단계 전환 건수의 합 (고유 프로그램 수 아님),2011-01-01~2020-11-30,p.17,Figure 10b,yes,hold,"company-sponsored, FDA registration-enabling 개발 프로그램. 연구자 주도 연구와 다른 개발 중 약물과의 병용은 제외. 승인 기준은 FDA. Figure 10b의 모달리티 분류.",중단에는 과학적 실패뿐 아니라 상업성·규제·포트폴리오 판단에 따른 중단이 포함된다. 임상 평가변수 달성률이 아니다. BUYO 9개 모달리티에 대응 항목이 없다. siRNA/RNAi·Antisense와 묶어 other로 만들지 않는다. 이미 LOA인 값에 후속 단계 전환율을 다시 곱하지 않는다.,,N,,,2035-12
BIO_A_0217,BIO 2021,Protein,,전체,P3,Approval,0.5539999999999999,cumulative,conditional-product LOA (남은 단계 conditional transition probability의 곱),266,LOA 계산에 사용한 각 단계 전환 건수의 합 (고유 프로그램 수 아님),2011-01-01~2020-11-30,p.17,Figure 10b,yes,hold,"company-sponsored, FDA registration-enabling 개발 프로그램. 연구자 주도 연구와 다른 개발 중 약물과의 병용은 제외. 승인 기준은 FDA. Figure 10b의 모달리티 분류.",중단에는 과학적 실패뿐 아니라 상업성·규제·포트폴리오 판단에 따른 중단이 포함된다. 임상 평가변수 달성률이 아니다. BUYO 9개 모달리티에 대응 항목이 없다. siRNA/RNAi·Antisense와 묶어 other로 만들지 않는다. 이미 LOA인 값에 후속 단계 전환율을 다시 곱하지 않는다.,,N,,,2035-12
BIO_A_0218,BIO 2021,siRNA/RNAi,,전체,P1,P2,0.7,conditional,phase transition (해당 단계 advanced ÷ (advanced+suspended)),40,advanced + suspended transitions (해당 단계),2011-01-01~2020-11-30,p.17,Figure 10b,yes,hold,"company-sponsored, FDA registration-enabling 개발 프로그램. 연구자 주도 연구와 다른 개발 중 약물과의 병용은 제외. 승인 기준은 FDA. Figure 10b의 모달리티 분류.",중단에는 과학적 실패뿐 아니라 상업성·규제·포트폴리오 판단에 따른 중단이 포함된다. 임상 평가변수 달성률이 아니다. BUYO 9개 모달리티에 대응 항목이 없다. Protein·Antisense와 묶어 other로 만들지 않는다. 후반 단계 n이 6·3으로 작다.,,N,,,2035-12
BIO_A_0219,BIO 2021,siRNA/RNAi,,전체,P2,P3,0.289,conditional,phase transition (해당 단계 advanced ÷ (advanced+suspended)),38,advanced + suspended transitions (해당 단계),2011-01-01~2020-11-30,p.17,Figure 10b,yes,hold,"company-sponsored, FDA registration-enabling 개발 프로그램. 연구자 주도 연구와 다른 개발 중 약물과의 병용은 제외. 승인 기준은 FDA. Figure 10b의 모달리티 분류.",중단에는 과학적 실패뿐 아니라 상업성·규제·포트폴리오 판단에 따른 중단이 포함된다. 임상 평가변수 달성률이 아니다. BUYO 9개 모달리티에 대응 항목이 없다. Protein·Antisense와 묶어 other로 만들지 않는다. 후반 단계 n이 6·3으로 작다.,,N,,,2035-12
BIO_A_0220,BIO 2021,siRNA/RNAi,,전체,P3,NDA/BLA,0.667,conditional,phase transition (해당 단계 advanced ÷ (advanced+suspended)),6,advanced + suspended transitions (해당 단계),2011-01-01~2020-11-30,p.17,Figure 10b,yes,hold,"company-sponsored, FDA registration-enabling 개발 프로그램. 연구자 주도 연구와 다른 개발 중 약물과의 병용은 제외. 승인 기준은 FDA. Figure 10b의 모달리티 분류.",중단에는 과학적 실패뿐 아니라 상업성·규제·포트폴리오 판단에 따른 중단이 포함된다. 임상 평가변수 달성률이 아니다. BUYO 9개 모달리티에 대응 항목이 없다. Protein·Antisense와 묶어 other로 만들지 않는다. 후반 단계 n이 6·3으로 작다.,n=6. 소표본.,N,,,2035-12
BIO_A_0221,BIO 2021,siRNA/RNAi,,전체,NDA/BLA,Approval,1.0,conditional,phase transition (해당 단계 advanced ÷ (advanced+suspended)),3,advanced + suspended transitions (해당 단계),2011-01-01~2020-11-30,p.17,Figure 10b,yes,hold,"company-sponsored, FDA registration-enabling 개발 프로그램. 연구자 주도 연구와 다른 개발 중 약물과의 병용은 제외. 승인 기준은 FDA. Figure 10b의 모달리티 분류.",중단에는 과학적 실패뿐 아니라 상업성·규제·포트폴리오 판단에 따른 중단이 포함된다. 임상 평가변수 달성률이 아니다. BUYO 9개 모달리티에 대응 항목이 없다. Protein·Antisense와 묶어 other로 만들지 않는다. 후반 단계 n이 6·3으로 작다. 이 값은 Figure 5b의 NDA/BLA→Approval LOA와 같은 값이다. 두 개의 독립 근거로 중복 집계하지 않는다.,n=3의 100.0%. 소표본.,N,,,2035-12
BIO_A_0222,BIO 2021,siRNA/RNAi,,전체,P1,Approval,0.135,cumulative,conditional-product LOA (남은 단계 conditional transition probability의 곱),87,LOA 계산에 사용한 각 단계 전환 건수의 합 (고유 프로그램 수 아님),2011-01-01~2020-11-30,p.17,Figure 10b,yes,hold,"company-sponsored, FDA registration-enabling 개발 프로그램. 연구자 주도 연구와 다른 개발 중 약물과의 병용은 제외. 승인 기준은 FDA. Figure 10b의 모달리티 분류.",중단에는 과학적 실패뿐 아니라 상업성·규제·포트폴리오 판단에 따른 중단이 포함된다. 임상 평가변수 달성률이 아니다. BUYO 9개 모달리티에 대응 항목이 없다. Protein·Antisense와 묶어 other로 만들지 않는다. 후반 단계 n이 6·3으로 작다. 이미 LOA인 값에 후속 단계 전환율을 다시 곱하지 않는다.,"본문 p.16은 n=70, Figure 10b 표는 n=87. 확률 13.5%는 동일. 표 값을 채택.",N,,,2035-12
BIO_A_0223,BIO 2021,siRNA/RNAi,,전체,P2,Approval,0.193,cumulative,conditional-product LOA (남은 단계 conditional transition probability의 곱),47,LOA 계산에 사용한 각 단계 전환 건수의 합 (고유 프로그램 수 아님),2011-01-01~2020-11-30,p.17,Figure 10b,yes,hold,"company-sponsored, FDA registration-enabling 개발 프로그램. 연구자 주도 연구와 다른 개발 중 약물과의 병용은 제외. 승인 기준은 FDA. Figure 10b의 모달리티 분류.",중단에는 과학적 실패뿐 아니라 상업성·규제·포트폴리오 판단에 따른 중단이 포함된다. 임상 평가변수 달성률이 아니다. BUYO 9개 모달리티에 대응 항목이 없다. Protein·Antisense와 묶어 other로 만들지 않는다. 후반 단계 n이 6·3으로 작다. 이미 LOA인 값에 후속 단계 전환율을 다시 곱하지 않는다.,,N,,,2035-12
BIO_A_0224,BIO 2021,siRNA/RNAi,,전체,P3,Approval,0.667,cumulative,conditional-product LOA (남은 단계 conditional transition probability의 곱),9,LOA 계산에 사용한 각 단계 전환 건수의 합 (고유 프로그램 수 아님),2011-01-01~2020-11-30,p.17,Figure 10b,yes,hold,"company-sponsored, FDA registration-enabling 개발 프로그램. 연구자 주도 연구와 다른 개발 중 약물과의 병용은 제외. 승인 기준은 FDA. Figure 10b의 모달리티 분류.",중단에는 과학적 실패뿐 아니라 상업성·규제·포트폴리오 판단에 따른 중단이 포함된다. 임상 평가변수 달성률이 아니다. BUYO 9개 모달리티에 대응 항목이 없다. Protein·Antisense와 묶어 other로 만들지 않는다. 후반 단계 n이 6·3으로 작다. 이미 LOA인 값에 후속 단계 전환율을 다시 곱하지 않는다.,LOA n=9로 10 미만.,N,,,2035-12
BIO_A_0225,BIO 2021,Antisense,,전체,P1,P2,0.609,conditional,phase transition (해당 단계 advanced ÷ (advanced+suspended)),69,advanced + suspended transitions (해당 단계),2011-01-01~2020-11-30,p.17,Figure 10b,yes,hold,"company-sponsored, FDA registration-enabling 개발 프로그램. 연구자 주도 연구와 다른 개발 중 약물과의 병용은 제외. 승인 기준은 FDA. Figure 10b의 모달리티 분류.",중단에는 과학적 실패뿐 아니라 상업성·규제·포트폴리오 판단에 따른 중단이 포함된다. 임상 평가변수 달성률이 아니다. BUYO 9개 모달리티에 대응 항목이 없다. Protein·siRNA/RNAi와 묶어 other로 만들지 않는다.,,N,,,2035-12
BIO_A_0226,BIO 2021,Antisense,,전체,P2,P3,0.2,conditional,phase transition (해당 단계 advanced ÷ (advanced+suspended)),70,advanced + suspended transitions (해당 단계),2011-01-01~2020-11-30,p.17,Figure 10b,yes,hold,"company-sponsored, FDA registration-enabling 개발 프로그램. 연구자 주도 연구와 다른 개발 중 약물과의 병용은 제외. 승인 기준은 FDA. Figure 10b의 모달리티 분류.",중단에는 과학적 실패뿐 아니라 상업성·규제·포트폴리오 판단에 따른 중단이 포함된다. 임상 평가변수 달성률이 아니다. BUYO 9개 모달리티에 대응 항목이 없다. Protein·siRNA/RNAi와 묶어 other로 만들지 않는다.,,N,,,2035-12
BIO_A_0227,BIO 2021,Antisense,,전체,P3,NDA/BLA,0.643,conditional,phase transition (해당 단계 advanced ÷ (advanced+suspended)),14,advanced + suspended transitions (해당 단계),2011-01-01~2020-11-30,p.17,Figure 10b,yes,hold,"company-sponsored, FDA registration-enabling 개발 프로그램. 연구자 주도 연구와 다른 개발 중 약물과의 병용은 제외. 승인 기준은 FDA. Figure 10b의 모달리티 분류.",중단에는 과학적 실패뿐 아니라 상업성·규제·포트폴리오 판단에 따른 중단이 포함된다. 임상 평가변수 달성률이 아니다. BUYO 9개 모달리티에 대응 항목이 없다. Protein·siRNA/RNAi와 묶어 other로 만들지 않는다.,,N,,,2035-12
BIO_A_0228,BIO 2021,Antisense,,전체,NDA/BLA,Approval,0.667,conditional,phase transition (해당 단계 advanced ÷ (advanced+suspended)),9,advanced + suspended transitions (해당 단계),2011-01-01~2020-11-30,p.17,Figure 10b,yes,hold,"company-sponsored, FDA registration-enabling 개발 프로그램. 연구자 주도 연구와 다른 개발 중 약물과의 병용은 제외. 승인 기준은 FDA. Figure 10b의 모달리티 분류.",중단에는 과학적 실패뿐 아니라 상업성·규제·포트폴리오 판단에 따른 중단이 포함된다. 임상 평가변수 달성률이 아니다. BUYO 9개 모달리티에 대응 항목이 없다. Protein·siRNA/RNAi와 묶어 other로 만들지 않는다. 이 값은 Figure 5b의 NDA/BLA→Approval LOA와 같은 값이다. 두 개의 독립 근거로 중복 집계하지 않는다.,n=9. 소표본이며 모든 LOA에 영향.,N,,,2035-12
BIO_A_0229,BIO 2021,Antisense,,전체,P1,Approval,0.052,cumulative,conditional-product LOA (남은 단계 conditional transition probability의 곱),162,LOA 계산에 사용한 각 단계 전환 건수의 합 (고유 프로그램 수 아님),2011-01-01~2020-11-30,p.17,Figure 10b,yes,hold,"company-sponsored, FDA registration-enabling 개발 프로그램. 연구자 주도 연구와 다른 개발 중 약물과의 병용은 제외. 승인 기준은 FDA. Figure 10b의 모달리티 분류.",중단에는 과학적 실패뿐 아니라 상업성·규제·포트폴리오 판단에 따른 중단이 포함된다. 임상 평가변수 달성률이 아니다. BUYO 9개 모달리티에 대응 항목이 없다. Protein·siRNA/RNAi와 묶어 other로 만들지 않는다. 이미 LOA인 값에 후속 단계 전환율을 다시 곱하지 않는다.,,N,,,2035-12
BIO_A_0230,BIO 2021,Antisense,,전체,P2,Approval,0.086,cumulative,conditional-product LOA (남은 단계 conditional transition probability의 곱),93,LOA 계산에 사용한 각 단계 전환 건수의 합 (고유 프로그램 수 아님),2011-01-01~2020-11-30,p.17,Figure 10b,yes,hold,"company-sponsored, FDA registration-enabling 개발 프로그램. 연구자 주도 연구와 다른 개발 중 약물과의 병용은 제외. 승인 기준은 FDA. Figure 10b의 모달리티 분류.",중단에는 과학적 실패뿐 아니라 상업성·규제·포트폴리오 판단에 따른 중단이 포함된다. 임상 평가변수 달성률이 아니다. BUYO 9개 모달리티에 대응 항목이 없다. Protein·siRNA/RNAi와 묶어 other로 만들지 않는다. 이미 LOA인 값에 후속 단계 전환율을 다시 곱하지 않는다.,,N,,,2035-12
BIO_A_0231,BIO 2021,Antisense,,전체,P3,Approval,0.429,cumulative,conditional-product LOA (남은 단계 conditional transition probability의 곱),23,LOA 계산에 사용한 각 단계 전환 건수의 합 (고유 프로그램 수 아님),2011-01-01~2020-11-30,p.17,Figure 10b,yes,hold,"company-sponsored, FDA registration-enabling 개발 프로그램. 연구자 주도 연구와 다른 개발 중 약물과의 병용은 제외. 승인 기준은 FDA. Figure 10b의 모달리티 분류.",중단에는 과학적 실패뿐 아니라 상업성·규제·포트폴리오 판단에 따른 중단이 포함된다. 임상 평가변수 달성률이 아니다. BUYO 9개 모달리티에 대응 항목이 없다. Protein·siRNA/RNAi와 묶어 other로 만들지 않는다. 이미 LOA인 값에 후속 단계 전환율을 다시 곱하지 않는다.,,N,,,2035-12
WONG_A_0001,Wong 2019,Overall,전체,전체,P1,P2,0.664,conditional,path-by-path conditional (식 3.2: n^(j+1) / (n^j + n_m^j - n_ip^j)),41040,reported total paths (해당 단계 Table 표기값). 누적확률의 실제 유효 분모와 동일하다고 확정할 수 없음,2000-01-01~2015-10-31,p.279,Table 2,yes,direct,"industry-sponsored, all indications. Trialtrove+Pharmaprojects 기반. Lead indications 표와 구분한 상단 표. 산업 후원 전체 적응증. 41,040개 개발 경로, 67,752건 단계 전환.",시험 성공률이 아니라 개발 경로의 단계 전환율이다. 누적확률은 표의 단계별 확률을 곱해 재현할 수 없다. 전체 참고값. Table 2 상단 All indications (industry).,,N,,,2030-12
WONG_A_0002,Wong 2019,Overall,전체,전체,P2,P3,0.486,conditional,path-by-path conditional (식 3.2: n^(j+1) / (n^j + n_m^j - n_ip^j)),21180,reported total paths (해당 단계 Table 표기값). 누적확률의 실제 유효 분모와 동일하다고 확정할 수 없음,2000-01-01~2015-10-31,p.279,Table 2,yes,direct,"industry-sponsored, all indications. Trialtrove+Pharmaprojects 기반. Lead indications 표와 구분한 상단 표. 산업 후원 전체 적응증. 41,040개 개발 경로, 67,752건 단계 전환.",시험 성공률이 아니라 개발 경로의 단계 전환율이다. 누적확률은 표의 단계별 확률을 곱해 재현할 수 없다. 전체 참고값. Table 2 상단 All indications (industry).,Corrigendum(20(2):366)에서 Table 1·2의 Phase 2→3 수치가 정정됨. 본문 §4.1(p.277)과 §4.3(p.280)에는 정정 전 값 58.3%가 남아 있다. 표의 정정값을 채택.,N,,,2030-12
WONG_A_0003,Wong 2019,Overall,전체,전체,P3,Approval,0.59,conditional,path-by-path conditional (식 3.2: n^(j+1) / (n^j + n_m^j - n_ip^j)),7532,reported total paths (해당 단계 Table 표기값). 누적확률의 실제 유효 분모와 동일하다고 확정할 수 없음,2000-01-01~2015-10-31,p.279,Table 2,yes,direct,"industry-sponsored, all indications. Trialtrove+Pharmaprojects 기반. Lead indications 표와 구분한 상단 표. 산업 후원 전체 적응증. 41,040개 개발 경로, 67,752건 단계 전환.",시험 성공률이 아니라 개발 경로의 단계 전환율이다. 누적확률은 표의 단계별 확률을 곱해 재현할 수 없다. 전체 참고값. Table 2 상단 All indications (industry).,,N,,,2030-12
WONG_A_0004,Wong 2019,Overall,전체,전체,P2,Approval,0.21,cumulative,path-by-path direct cumulative (식 3.3 계열: 승인에 도달한 개발 경로의 직접 비율. 단계별 conditional의 곱이 아님),21180,reported total paths (해당 단계 Table 표기값). 누적확률의 실제 유효 분모와 동일하다고 확정할 수 없음,2000-01-01~2015-10-31,p.279,Table 2,yes,direct,"industry-sponsored, all indications. Trialtrove+Pharmaprojects 기반. Lead indications 표와 구분한 상단 표. 산업 후원 전체 적응증. 41,040개 개발 경로, 67,752건 단계 전환.",시험 성공률이 아니라 개발 경로의 단계 전환율이다. 누적확률은 표의 단계별 확률을 곱해 재현할 수 없다. 전체 참고값. Table 2 상단 All indications (industry). 표의 단계별 확률을 다시 곱해 이 값을 재현할 수 없다.,,N,,,2030-12
WONG_A_0005,Wong 2019,Overall,전체,전체,P1,Approval,0.138,cumulative,path-by-path direct cumulative (식 3.3 계열: 승인에 도달한 개발 경로의 직접 비율. 단계별 conditional의 곱이 아님),41040,reported total paths (해당 단계 Table 표기값). 누적확률의 실제 유효 분모와 동일하다고 확정할 수 없음,2000-01-01~2015-10-31,p.279,Table 2,yes,direct,"industry-sponsored, all indications. Trialtrove+Pharmaprojects 기반. Lead indications 표와 구분한 상단 표. 산업 후원 전체 적응증. 41,040개 개발 경로, 67,752건 단계 전환.",시험 성공률이 아니라 개발 경로의 단계 전환율이다. 누적확률은 표의 단계별 확률을 곱해 재현할 수 없다. 전체 참고값. Table 2 상단 All indications (industry). 표의 단계별 확률을 다시 곱해 이 값을 재현할 수 없다.,,N,,,2030-12
WONG_A_0006,Wong 2019,Oncology,,항암,P1,P2,0.5760000000000001,conditional,path-by-path conditional (식 3.2: n^(j+1) / (n^j + n_m^j - n_ip^j)),17368,reported total paths (해당 단계 Table 표기값). 누적확률의 실제 유효 분모와 동일하다고 확정할 수 없음,2000-01-01~2015-10-31,p.279,Table 2,yes,limited,"industry-sponsored, all indications. Trialtrove+Pharmaprojects 기반. Lead indications 표와 구분한 상단 표. 희귀 항암을 포함한 원문 therapeutic group.",시험 성공률이 아니라 개발 경로의 단계 전환율이다. 누적확률은 표의 단계별 확률을 곱해 재현할 수 없다. 모달리티를 구분하지 않은 값이다. 세부 암종·표적의 값이 아니다. BUYO가 '희귀 항암 포함 Wong Oncology를 항암 기준으로 채택한다'는 규칙을 정하면 그룹 수준에서 direct로 올릴 수 있다.,,N,,,2030-12
WONG_A_0007,Wong 2019,Oncology,,항암,P2,P3,0.327,conditional,path-by-path conditional (식 3.2: n^(j+1) / (n^j + n_m^j - n_ip^j)),6533,reported total paths (해당 단계 Table 표기값). 누적확률의 실제 유효 분모와 동일하다고 확정할 수 없음,2000-01-01~2015-10-31,p.279,Table 2,yes,limited,"industry-sponsored, all indications. Trialtrove+Pharmaprojects 기반. Lead indications 표와 구분한 상단 표. 희귀 항암을 포함한 원문 therapeutic group.",시험 성공률이 아니라 개발 경로의 단계 전환율이다. 누적확률은 표의 단계별 확률을 곱해 재현할 수 없다. 모달리티를 구분하지 않은 값이다. 세부 암종·표적의 값이 아니다. BUYO가 '희귀 항암 포함 Wong Oncology를 항암 기준으로 채택한다'는 규칙을 정하면 그룹 수준에서 direct로 올릴 수 있다.,Corrigendum(20(2):366)에서 Table 1·2의 Phase 2→3 수치가 정정됨. 본문 §4.1(p.277)과 §4.3(p.280)에는 정정 전 값 58.3%가 남아 있다. 표의 정정값을 채택.,N,,,2030-12
WONG_A_0008,Wong 2019,Oncology,,항암,P3,Approval,0.355,conditional,path-by-path conditional (식 3.2: n^(j+1) / (n^j + n_m^j - n_ip^j)),1236,reported total paths (해당 단계 Table 표기값). 누적확률의 실제 유효 분모와 동일하다고 확정할 수 없음,2000-01-01~2015-10-31,p.279,Table 2,yes,limited,"industry-sponsored, all indications. Trialtrove+Pharmaprojects 기반. Lead indications 표와 구분한 상단 표. 희귀 항암을 포함한 원문 therapeutic group.",시험 성공률이 아니라 개발 경로의 단계 전환율이다. 누적확률은 표의 단계별 확률을 곱해 재현할 수 없다. 모달리티를 구분하지 않은 값이다. 세부 암종·표적의 값이 아니다. BUYO가 '희귀 항암 포함 Wong Oncology를 항암 기준으로 채택한다'는 규칙을 정하면 그룹 수준에서 direct로 올릴 수 있다.,,N,,,2030-12
WONG_A_0009,Wong 2019,Oncology,,항암,P2,Approval,0.067,cumulative,path-by-path direct cumulative (식 3.3 계열: 승인에 도달한 개발 경로의 직접 비율. 단계별 conditional의 곱이 아님),6533,reported total paths (해당 단계 Table 표기값). 누적확률의 실제 유효 분모와 동일하다고 확정할 수 없음,2000-01-01~2015-10-31,p.279,Table 2,yes,limited,"industry-sponsored, all indications. Trialtrove+Pharmaprojects 기반. Lead indications 표와 구분한 상단 표. 희귀 항암을 포함한 원문 therapeutic group.",시험 성공률이 아니라 개발 경로의 단계 전환율이다. 누적확률은 표의 단계별 확률을 곱해 재현할 수 없다. 모달리티를 구분하지 않은 값이다. 세부 암종·표적의 값이 아니다. BUYO가 '희귀 항암 포함 Wong Oncology를 항암 기준으로 채택한다'는 규칙을 정하면 그룹 수준에서 direct로 올릴 수 있다. 표의 단계별 확률을 다시 곱해 이 값을 재현할 수 없다.,,N,,,2030-12
WONG_A_0010,Wong 2019,Oncology,,항암,P1,Approval,0.034,cumulative,path-by-path direct cumulative (식 3.3 계열: 승인에 도달한 개발 경로의 직접 비율. 단계별 conditional의 곱이 아님),17368,reported total paths (해당 단계 Table 표기값). 누적확률의 실제 유효 분모와 동일하다고 확정할 수 없음,2000-01-01~2015-10-31,p.279,Table 2,yes,limited,"industry-sponsored, all indications. Trialtrove+Pharmaprojects 기반. Lead indications 표와 구분한 상단 표. 희귀 항암을 포함한 원문 therapeutic group.",시험 성공률이 아니라 개발 경로의 단계 전환율이다. 누적확률은 표의 단계별 확률을 곱해 재현할 수 없다. 모달리티를 구분하지 않은 값이다. 세부 암종·표적의 값이 아니다. BUYO가 '희귀 항암 포함 Wong Oncology를 항암 기준으로 채택한다'는 규칙을 정하면 그룹 수준에서 direct로 올릴 수 있다. 표의 단계별 확률을 다시 곱해 이 값을 재현할 수 없다.,,N,,,2030-12
WONG_A_0011,Wong 2019,CNS,,중추신경(신경)|중추신경(정신),P1,P2,0.732,conditional,path-by-path conditional (식 3.2: n^(j+1) / (n^j + n_m^j - n_ip^j)),4924,reported total paths (해당 단계 Table 표기값). 누적확률의 실제 유효 분모와 동일하다고 확정할 수 없음,2000-01-01~2015-10-31,p.279,Table 2,yes,limited,"industry-sponsored, all indications. Trialtrove+Pharmaprojects 기반. Lead indications 표와 구분한 상단 표. 원문 therapeutic group CNS. 포함 적응증 전체 구성은 원문에 제시되지 않았다.",시험 성공률이 아니라 개발 경로의 단계 전환율이다. 누적확률은 표의 단계별 확률을 곱해 재현할 수 없다. BUYO 중추신경 전체를 대표한다고 확정할 수 없다. 신경·정신 통합값으로 단정하지 않는다.,"신경·정신 통합 CNS 참고값, 상세 근거에만 표시",N,,detail_multi,2030-12
WONG_A_0012,Wong 2019,CNS,,중추신경(신경)|중추신경(정신),P2,P3,0.519,conditional,path-by-path conditional (식 3.2: n^(j+1) / (n^j + n_m^j - n_ip^j)),3037,reported total paths (해당 단계 Table 표기값). 누적확률의 실제 유효 분모와 동일하다고 확정할 수 없음,2000-01-01~2015-10-31,p.279,Table 2,yes,limited,"industry-sponsored, all indications. Trialtrove+Pharmaprojects 기반. Lead indications 표와 구분한 상단 표. 원문 therapeutic group CNS. 포함 적응증 전체 구성은 원문에 제시되지 않았다.",시험 성공률이 아니라 개발 경로의 단계 전환율이다. 누적확률은 표의 단계별 확률을 곱해 재현할 수 없다. BUYO 중추신경 전체를 대표한다고 확정할 수 없다. 신경·정신 통합값으로 단정하지 않는다.,"Corrigendum(20(2):366)에서 Table 1·2의 Phase 2→3 수치가 정정됨. 본문 §4.1(p.277)과 §4.3(p.280)에는 정정 전 값 58.3%가 남아 있다. 표의 정정값을 채택.; 신경·정신 통합 CNS 참고값, 상세 근거에만 표시",N,,detail_multi,2030-12
WONG_A_0013,Wong 2019,CNS,,중추신경(신경)|중추신경(정신),P3,Approval,0.511,conditional,path-by-path conditional (식 3.2: n^(j+1) / (n^j + n_m^j - n_ip^j)),1156,reported total paths (해당 단계 Table 표기값). 누적확률의 실제 유효 분모와 동일하다고 확정할 수 없음,2000-01-01~2015-10-31,p.279,Table 2,yes,limited,"industry-sponsored, all indications. Trialtrove+Pharmaprojects 기반. Lead indications 표와 구분한 상단 표. 원문 therapeutic group CNS. 포함 적응증 전체 구성은 원문에 제시되지 않았다.",시험 성공률이 아니라 개발 경로의 단계 전환율이다. 누적확률은 표의 단계별 확률을 곱해 재현할 수 없다. BUYO 중추신경 전체를 대표한다고 확정할 수 없다. 신경·정신 통합값으로 단정하지 않는다.,"신경·정신 통합 CNS 참고값, 상세 근거에만 표시",N,,detail_multi,2030-12
WONG_A_0014,Wong 2019,CNS,,중추신경(신경)|중추신경(정신),P2,Approval,0.195,cumulative,path-by-path direct cumulative (식 3.3 계열: 승인에 도달한 개발 경로의 직접 비율. 단계별 conditional의 곱이 아님),3037,reported total paths (해당 단계 Table 표기값). 누적확률의 실제 유효 분모와 동일하다고 확정할 수 없음,2000-01-01~2015-10-31,p.279,Table 2,yes,limited,"industry-sponsored, all indications. Trialtrove+Pharmaprojects 기반. Lead indications 표와 구분한 상단 표. 원문 therapeutic group CNS. 포함 적응증 전체 구성은 원문에 제시되지 않았다.",시험 성공률이 아니라 개발 경로의 단계 전환율이다. 누적확률은 표의 단계별 확률을 곱해 재현할 수 없다. BUYO 중추신경 전체를 대표한다고 확정할 수 없다. 신경·정신 통합값으로 단정하지 않는다. 표의 단계별 확률을 다시 곱해 이 값을 재현할 수 없다.,"신경·정신 통합 CNS 참고값, 상세 근거에만 표시",N,,detail_multi,2030-12
WONG_A_0015,Wong 2019,CNS,,중추신경(신경)|중추신경(정신),P1,Approval,0.15,cumulative,path-by-path direct cumulative (식 3.3 계열: 승인에 도달한 개발 경로의 직접 비율. 단계별 conditional의 곱이 아님),4924,reported total paths (해당 단계 Table 표기값). 누적확률의 실제 유효 분모와 동일하다고 확정할 수 없음,2000-01-01~2015-10-31,p.279,Table 2,yes,limited,"industry-sponsored, all indications. Trialtrove+Pharmaprojects 기반. Lead indications 표와 구분한 상단 표. 원문 therapeutic group CNS. 포함 적응증 전체 구성은 원문에 제시되지 않았다.",시험 성공률이 아니라 개발 경로의 단계 전환율이다. 누적확률은 표의 단계별 확률을 곱해 재현할 수 없다. BUYO 중추신경 전체를 대표한다고 확정할 수 없다. 신경·정신 통합값으로 단정하지 않는다. 표의 단계별 확률을 다시 곱해 이 값을 재현할 수 없다.,"신경·정신 통합 CNS 참고값, 상세 근거에만 표시",N,,detail_multi,2030-12
WONG_A_0016,Wong 2019,Infectious disease,,감염,P1,P2,0.701,conditional,path-by-path conditional (식 3.2: n^(j+1) / (n^j + n_m^j - n_ip^j)),3963,reported total paths (해당 단계 Table 표기값). 누적확률의 실제 유효 분모와 동일하다고 확정할 수 없음,2000-01-01~2015-10-31,p.279,Table 2,yes,limited,"industry-sponsored, all indications. Trialtrove+Pharmaprojects 기반. Lead indications 표와 구분한 상단 표. Vaccines (Infectious Disease) 행이 별도로 존재하나, 백신 제외 규칙은 원문에 명시되지 않았다.","시험 성공률이 아니라 개발 경로의 단계 전환율이다. 누적확률은 표의 단계별 확률을 곱해 재현할 수 없다. '백신이 완전히 제외된 감염 치료제'라고 확정할 수 없다. 백신 별도 보고, 배타성 미확인.",,N,,,2030-12
WONG_A_0017,Wong 2019,Infectious disease,,감염,P2,P3,0.583,conditional,path-by-path conditional (식 3.2: n^(j+1) / (n^j + n_m^j - n_ip^j)),2314,reported total paths (해당 단계 Table 표기값). 누적확률의 실제 유효 분모와 동일하다고 확정할 수 없음,2000-01-01~2015-10-31,p.279,Table 2,yes,limited,"industry-sponsored, all indications. Trialtrove+Pharmaprojects 기반. Lead indications 표와 구분한 상단 표. Vaccines (Infectious Disease) 행이 별도로 존재하나, 백신 제외 규칙은 원문에 명시되지 않았다.","시험 성공률이 아니라 개발 경로의 단계 전환율이다. 누적확률은 표의 단계별 확률을 곱해 재현할 수 없다. '백신이 완전히 제외된 감염 치료제'라고 확정할 수 없다. 백신 별도 보고, 배타성 미확인.",이 행의 58.3%는 Corrigendum 정정 대상이 아닌 유효값이다. 전체 P2→P3 정정 전 값(58.3%)과 혼동하지 말 것.,N,,,2030-12
WONG_A_0018,Wong 2019,Infectious disease,,감염,P3,Approval,0.753,conditional,path-by-path conditional (식 3.2: n^(j+1) / (n^j + n_m^j - n_ip^j)),1078,reported total paths (해당 단계 Table 표기값). 누적확률의 실제 유효 분모와 동일하다고 확정할 수 없음,2000-01-01~2015-10-31,p.279,Table 2,yes,limited,"industry-sponsored, all indications. Trialtrove+Pharmaprojects 기반. Lead indications 표와 구분한 상단 표. Vaccines (Infectious Disease) 행이 별도로 존재하나, 백신 제외 규칙은 원문에 명시되지 않았다.","시험 성공률이 아니라 개발 경로의 단계 전환율이다. 누적확률은 표의 단계별 확률을 곱해 재현할 수 없다. '백신이 완전히 제외된 감염 치료제'라고 확정할 수 없다. 백신 별도 보고, 배타성 미확인.",,N,,,2030-12
WONG_A_0019,Wong 2019,Infectious disease,,감염,P2,Approval,0.351,cumulative,path-by-path direct cumulative (식 3.3 계열: 승인에 도달한 개발 경로의 직접 비율. 단계별 conditional의 곱이 아님),2314,reported total paths (해당 단계 Table 표기값). 누적확률의 실제 유효 분모와 동일하다고 확정할 수 없음,2000-01-01~2015-10-31,p.279,Table 2,yes,limited,"industry-sponsored, all indications. Trialtrove+Pharmaprojects 기반. Lead indications 표와 구분한 상단 표. Vaccines (Infectious Disease) 행이 별도로 존재하나, 백신 제외 규칙은 원문에 명시되지 않았다.","시험 성공률이 아니라 개발 경로의 단계 전환율이다. 누적확률은 표의 단계별 확률을 곱해 재현할 수 없다. '백신이 완전히 제외된 감염 치료제'라고 확정할 수 없다. 백신 별도 보고, 배타성 미확인. 표의 단계별 확률을 다시 곱해 이 값을 재현할 수 없다.",,N,,,2030-12
WONG_A_0020,Wong 2019,Infectious disease,,감염,P1,Approval,0.252,cumulative,path-by-path direct cumulative (식 3.3 계열: 승인에 도달한 개발 경로의 직접 비율. 단계별 conditional의 곱이 아님),3963,reported total paths (해당 단계 Table 표기값). 누적확률의 실제 유효 분모와 동일하다고 확정할 수 없음,2000-01-01~2015-10-31,p.279,Table 2,yes,limited,"industry-sponsored, all indications. Trialtrove+Pharmaprojects 기반. Lead indications 표와 구분한 상단 표. Vaccines (Infectious Disease) 행이 별도로 존재하나, 백신 제외 규칙은 원문에 명시되지 않았다.","시험 성공률이 아니라 개발 경로의 단계 전환율이다. 누적확률은 표의 단계별 확률을 곱해 재현할 수 없다. '백신이 완전히 제외된 감염 치료제'라고 확정할 수 없다. 백신 별도 보고, 배타성 미확인. 표의 단계별 확률을 다시 곱해 이 값을 재현할 수 없다.",,N,,,2030-12
WONG_A_0021,Wong 2019,Metabolic/Endocrinology,,대사·내분비,P1,P2,0.762,conditional,path-by-path conditional (식 3.2: n^(j+1) / (n^j + n_m^j - n_ip^j)),3589,reported total paths (해당 단계 Table 표기값). 누적확률의 실제 유효 분모와 동일하다고 확정할 수 없음,2000-01-01~2015-10-31,p.279,Table 2,yes,limited,"industry-sponsored, all indications. Trialtrove+Pharmaprojects 기반. Lead indications 표와 구분한 상단 표. 내분비를 포함한 원문 therapeutic group. Cardiovascular와 별도 집계.",시험 성공률이 아니라 개발 경로의 단계 전환율이다. 누적확률은 표의 단계별 확률을 곱해 재현할 수 없다. BUYO 대사·심혈관의 일부에만 대응한다. Cardiovascular와 합친 통합값은 원문에 없다.,,N,,default,2030-12
WONG_A_0022,Wong 2019,Metabolic/Endocrinology,,대사·내분비,P2,P3,0.597,conditional,path-by-path conditional (식 3.2: n^(j+1) / (n^j + n_m^j - n_ip^j)),2357,reported total paths (해당 단계 Table 표기값). 누적확률의 실제 유효 분모와 동일하다고 확정할 수 없음,2000-01-01~2015-10-31,p.279,Table 2,yes,limited,"industry-sponsored, all indications. Trialtrove+Pharmaprojects 기반. Lead indications 표와 구분한 상단 표. 내분비를 포함한 원문 therapeutic group. Cardiovascular와 별도 집계.",시험 성공률이 아니라 개발 경로의 단계 전환율이다. 누적확률은 표의 단계별 확률을 곱해 재현할 수 없다. BUYO 대사·심혈관의 일부에만 대응한다. Cardiovascular와 합친 통합값은 원문에 없다.,Corrigendum(20(2):366)에서 Table 1·2의 Phase 2→3 수치가 정정됨. 본문 §4.1(p.277)과 §4.3(p.280)에는 정정 전 값 58.3%가 남아 있다. 표의 정정값을 채택.,N,,default,2030-12
WONG_A_0023,Wong 2019,Metabolic/Endocrinology,,대사·내분비,P3,Approval,0.516,conditional,path-by-path conditional (식 3.2: n^(j+1) / (n^j + n_m^j - n_ip^j)),1101,reported total paths (해당 단계 Table 표기값). 누적확률의 실제 유효 분모와 동일하다고 확정할 수 없음,2000-01-01~2015-10-31,p.279,Table 2,yes,limited,"industry-sponsored, all indications. Trialtrove+Pharmaprojects 기반. Lead indications 표와 구분한 상단 표. 내분비를 포함한 원문 therapeutic group. Cardiovascular와 별도 집계.",시험 성공률이 아니라 개발 경로의 단계 전환율이다. 누적확률은 표의 단계별 확률을 곱해 재현할 수 없다. BUYO 대사·심혈관의 일부에만 대응한다. Cardiovascular와 합친 통합값은 원문에 없다.,,N,,default,2030-12
WONG_A_0024,Wong 2019,Metabolic/Endocrinology,,대사·내분비,P2,Approval,0.241,cumulative,path-by-path direct cumulative (식 3.3 계열: 승인에 도달한 개발 경로의 직접 비율. 단계별 conditional의 곱이 아님),2357,reported total paths (해당 단계 Table 표기값). 누적확률의 실제 유효 분모와 동일하다고 확정할 수 없음,2000-01-01~2015-10-31,p.279,Table 2,yes,limited,"industry-sponsored, all indications. Trialtrove+Pharmaprojects 기반. Lead indications 표와 구분한 상단 표. 내분비를 포함한 원문 therapeutic group. Cardiovascular와 별도 집계.",시험 성공률이 아니라 개발 경로의 단계 전환율이다. 누적확률은 표의 단계별 확률을 곱해 재현할 수 없다. BUYO 대사·심혈관의 일부에만 대응한다. Cardiovascular와 합친 통합값은 원문에 없다. 표의 단계별 확률을 다시 곱해 이 값을 재현할 수 없다.,,N,,default,2030-12
WONG_A_0025,Wong 2019,Metabolic/Endocrinology,,대사·내분비,P1,Approval,0.196,cumulative,path-by-path direct cumulative (식 3.3 계열: 승인에 도달한 개발 경로의 직접 비율. 단계별 conditional의 곱이 아님),3589,reported total paths (해당 단계 Table 표기값). 누적확률의 실제 유효 분모와 동일하다고 확정할 수 없음,2000-01-01~2015-10-31,p.279,Table 2,yes,limited,"industry-sponsored, all indications. Trialtrove+Pharmaprojects 기반. Lead indications 표와 구분한 상단 표. 내분비를 포함한 원문 therapeutic group. Cardiovascular와 별도 집계.",시험 성공률이 아니라 개발 경로의 단계 전환율이다. 누적확률은 표의 단계별 확률을 곱해 재현할 수 없다. BUYO 대사·심혈관의 일부에만 대응한다. Cardiovascular와 합친 통합값은 원문에 없다. 표의 단계별 확률을 다시 곱해 이 값을 재현할 수 없다.,,N,,default,2030-12
WONG_A_0026,Wong 2019,Cardiovascular,,심혈관,P1,P2,0.733,conditional,path-by-path conditional (식 3.2: n^(j+1) / (n^j + n_m^j - n_ip^j)),2810,reported total paths (해당 단계 Table 표기값). 누적확률의 실제 유효 분모와 동일하다고 확정할 수 없음,2000-01-01~2015-10-31,p.279,Table 2,yes,limited,"industry-sponsored, all indications. Trialtrove+Pharmaprojects 기반. Lead indications 표와 구분한 상단 표. Metabolic/Endocrinology와 별도 집계된 원문 therapeutic group.",시험 성공률이 아니라 개발 경로의 단계 전환율이다. 누적확률은 표의 단계별 확률을 곱해 재현할 수 없다. BUYO 대사·심혈관의 일부에만 대응한다. Metabolic/Endocrinology와 합친 통합값은 원문에 없다.,,N,,detail,2030-12
WONG_A_0027,Wong 2019,Cardiovascular,,심혈관,P2,P3,0.657,conditional,path-by-path conditional (식 3.2: n^(j+1) / (n^j + n_m^j - n_ip^j)),1858,reported total paths (해당 단계 Table 표기값). 누적확률의 실제 유효 분모와 동일하다고 확정할 수 없음,2000-01-01~2015-10-31,p.279,Table 2,yes,limited,"industry-sponsored, all indications. Trialtrove+Pharmaprojects 기반. Lead indications 표와 구분한 상단 표. Metabolic/Endocrinology와 별도 집계된 원문 therapeutic group.",시험 성공률이 아니라 개발 경로의 단계 전환율이다. 누적확률은 표의 단계별 확률을 곱해 재현할 수 없다. BUYO 대사·심혈관의 일부에만 대응한다. Metabolic/Endocrinology와 합친 통합값은 원문에 없다.,Corrigendum(20(2):366)에서 Table 1·2의 Phase 2→3 수치가 정정됨. 본문 §4.1(p.277)과 §4.3(p.280)에는 정정 전 값 58.3%가 남아 있다. 표의 정정값을 채택.,N,,detail,2030-12
WONG_A_0028,Wong 2019,Cardiovascular,,심혈관,P3,Approval,0.622,conditional,path-by-path conditional (식 3.2: n^(j+1) / (n^j + n_m^j - n_ip^j)),964,reported total paths (해당 단계 Table 표기값). 누적확률의 실제 유효 분모와 동일하다고 확정할 수 없음,2000-01-01~2015-10-31,p.279,Table 2,yes,limited,"industry-sponsored, all indications. Trialtrove+Pharmaprojects 기반. Lead indications 표와 구분한 상단 표. Metabolic/Endocrinology와 별도 집계된 원문 therapeutic group.",시험 성공률이 아니라 개발 경로의 단계 전환율이다. 누적확률은 표의 단계별 확률을 곱해 재현할 수 없다. BUYO 대사·심혈관의 일부에만 대응한다. Metabolic/Endocrinology와 합친 통합값은 원문에 없다.,,N,,detail,2030-12
WONG_A_0029,Wong 2019,Cardiovascular,,심혈관,P2,Approval,0.323,cumulative,path-by-path direct cumulative (식 3.3 계열: 승인에 도달한 개발 경로의 직접 비율. 단계별 conditional의 곱이 아님),1858,reported total paths (해당 단계 Table 표기값). 누적확률의 실제 유효 분모와 동일하다고 확정할 수 없음,2000-01-01~2015-10-31,p.279,Table 2,yes,limited,"industry-sponsored, all indications. Trialtrove+Pharmaprojects 기반. Lead indications 표와 구분한 상단 표. Metabolic/Endocrinology와 별도 집계된 원문 therapeutic group.",시험 성공률이 아니라 개발 경로의 단계 전환율이다. 누적확률은 표의 단계별 확률을 곱해 재현할 수 없다. BUYO 대사·심혈관의 일부에만 대응한다. Metabolic/Endocrinology와 합친 통합값은 원문에 없다. 표의 단계별 확률을 다시 곱해 이 값을 재현할 수 없다.,,N,,detail,2030-12
WONG_A_0030,Wong 2019,Cardiovascular,,심혈관,P1,Approval,0.255,cumulative,path-by-path direct cumulative (식 3.3 계열: 승인에 도달한 개발 경로의 직접 비율. 단계별 conditional의 곱이 아님),2810,reported total paths (해당 단계 Table 표기값). 누적확률의 실제 유효 분모와 동일하다고 확정할 수 없음,2000-01-01~2015-10-31,p.279,Table 2,yes,limited,"industry-sponsored, all indications. Trialtrove+Pharmaprojects 기반. Lead indications 표와 구분한 상단 표. Metabolic/Endocrinology와 별도 집계된 원문 therapeutic group.",시험 성공률이 아니라 개발 경로의 단계 전환율이다. 누적확률은 표의 단계별 확률을 곱해 재현할 수 없다. BUYO 대사·심혈관의 일부에만 대응한다. Metabolic/Endocrinology와 합친 통합값은 원문에 없다. 표의 단계별 확률을 다시 곱해 이 값을 재현할 수 없다.,,N,,detail,2030-12
WONG_A_0031,Wong 2019,Autoimmune/Inflammation,,,P1,P2,0.698,conditional,path-by-path conditional (식 3.2: n^(j+1) / (n^j + n_m^j - n_ip^j)),5086,reported total paths (해당 단계 Table 표기값). 누적확률의 실제 유효 분모와 동일하다고 확정할 수 없음,2000-01-01~2015-10-31,p.279,Table 2,yes,hold,"industry-sponsored, all indications. Trialtrove+Pharmaprojects 기반. Lead indications 표와 구분한 상단 표. 원문 therapeutic group.",시험 성공률이 아니라 개발 경로의 단계 전환율이다. 누적확률은 표의 단계별 확률을 곱해 재현할 수 없다. BUYO 기타 전체의 대표값이 아니다.,,N,,,2030-12
WONG_A_0032,Wong 2019,Autoimmune/Inflammation,,,P2,P3,0.457,conditional,path-by-path conditional (식 3.2: n^(j+1) / (n^j + n_m^j - n_ip^j)),2910,reported total paths (해당 단계 Table 표기값). 누적확률의 실제 유효 분모와 동일하다고 확정할 수 없음,2000-01-01~2015-10-31,p.279,Table 2,yes,hold,"industry-sponsored, all indications. Trialtrove+Pharmaprojects 기반. Lead indications 표와 구분한 상단 표. 원문 therapeutic group.",시험 성공률이 아니라 개발 경로의 단계 전환율이다. 누적확률은 표의 단계별 확률을 곱해 재현할 수 없다. BUYO 기타 전체의 대표값이 아니다.,Corrigendum(20(2):366)에서 Table 1·2의 Phase 2→3 수치가 정정됨. 본문 §4.1(p.277)과 §4.3(p.280)에는 정정 전 값 58.3%가 남아 있다. 표의 정정값을 채택.,N,,,2030-12
WONG_A_0033,Wong 2019,Autoimmune/Inflammation,,,P3,Approval,0.637,conditional,path-by-path conditional (식 3.2: n^(j+1) / (n^j + n_m^j - n_ip^j)),969,reported total paths (해당 단계 Table 표기값). 누적확률의 실제 유효 분모와 동일하다고 확정할 수 없음,2000-01-01~2015-10-31,p.279,Table 2,yes,hold,"industry-sponsored, all indications. Trialtrove+Pharmaprojects 기반. Lead indications 표와 구분한 상단 표. 원문 therapeutic group.",시험 성공률이 아니라 개발 경로의 단계 전환율이다. 누적확률은 표의 단계별 확률을 곱해 재현할 수 없다. BUYO 기타 전체의 대표값이 아니다.,,N,,,2030-12
WONG_A_0034,Wong 2019,Autoimmune/Inflammation,,,P2,Approval,0.212,cumulative,path-by-path direct cumulative (식 3.3 계열: 승인에 도달한 개발 경로의 직접 비율. 단계별 conditional의 곱이 아님),2910,reported total paths (해당 단계 Table 표기값). 누적확률의 실제 유효 분모와 동일하다고 확정할 수 없음,2000-01-01~2015-10-31,p.279,Table 2,yes,hold,"industry-sponsored, all indications. Trialtrove+Pharmaprojects 기반. Lead indications 표와 구분한 상단 표. 원문 therapeutic group.",시험 성공률이 아니라 개발 경로의 단계 전환율이다. 누적확률은 표의 단계별 확률을 곱해 재현할 수 없다. BUYO 기타 전체의 대표값이 아니다. 표의 단계별 확률을 다시 곱해 이 값을 재현할 수 없다.,,N,,,2030-12
WONG_A_0035,Wong 2019,Autoimmune/Inflammation,,,P1,Approval,0.151,cumulative,path-by-path direct cumulative (식 3.3 계열: 승인에 도달한 개발 경로의 직접 비율. 단계별 conditional의 곱이 아님),5086,reported total paths (해당 단계 Table 표기값). 누적확률의 실제 유효 분모와 동일하다고 확정할 수 없음,2000-01-01~2015-10-31,p.279,Table 2,yes,hold,"industry-sponsored, all indications. Trialtrove+Pharmaprojects 기반. Lead indications 표와 구분한 상단 표. 원문 therapeutic group.",시험 성공률이 아니라 개발 경로의 단계 전환율이다. 누적확률은 표의 단계별 확률을 곱해 재현할 수 없다. BUYO 기타 전체의 대표값이 아니다. 표의 단계별 확률을 다시 곱해 이 값을 재현할 수 없다.,,N,,,2030-12
WONG_A_0036,Wong 2019,Genitourinary,,,P1,P2,0.687,conditional,path-by-path conditional (식 3.2: n^(j+1) / (n^j + n_m^j - n_ip^j)),757,reported total paths (해당 단계 Table 표기값). 누적확률의 실제 유효 분모와 동일하다고 확정할 수 없음,2000-01-01~2015-10-31,p.279,Table 2,yes,hold,"industry-sponsored, all indications. Trialtrove+Pharmaprojects 기반. Lead indications 표와 구분한 상단 표. 원문 therapeutic group.",시험 성공률이 아니라 개발 경로의 단계 전환율이다. 누적확률은 표의 단계별 확률을 곱해 재현할 수 없다. BUYO 기타 전체의 대표값이 아니다.,,N,,,2030-12
WONG_A_0037,Wong 2019,Genitourinary,,,P2,P3,0.5710000000000001,conditional,path-by-path conditional (식 3.2: n^(j+1) / (n^j + n_m^j - n_ip^j)),475,reported total paths (해당 단계 Table 표기값). 누적확률의 실제 유효 분모와 동일하다고 확정할 수 없음,2000-01-01~2015-10-31,p.279,Table 2,yes,hold,"industry-sponsored, all indications. Trialtrove+Pharmaprojects 기반. Lead indications 표와 구분한 상단 표. 원문 therapeutic group.",시험 성공률이 아니라 개발 경로의 단계 전환율이다. 누적확률은 표의 단계별 확률을 곱해 재현할 수 없다. BUYO 기타 전체의 대표값이 아니다.,Corrigendum(20(2):366)에서 Table 1·2의 Phase 2→3 수치가 정정됨. 본문 §4.1(p.277)과 §4.3(p.280)에는 정정 전 값 58.3%가 남아 있다. 표의 정정값을 채택.,N,,,2030-12
WONG_A_0038,Wong 2019,Genitourinary,,,P3,Approval,0.665,conditional,path-by-path conditional (식 3.2: n^(j+1) / (n^j + n_m^j - n_ip^j)),212,reported total paths (해당 단계 Table 표기값). 누적확률의 실제 유효 분모와 동일하다고 확정할 수 없음,2000-01-01~2015-10-31,p.279,Table 2,yes,hold,"industry-sponsored, all indications. Trialtrove+Pharmaprojects 기반. Lead indications 표와 구분한 상단 표. 원문 therapeutic group.",시험 성공률이 아니라 개발 경로의 단계 전환율이다. 누적확률은 표의 단계별 확률을 곱해 재현할 수 없다. BUYO 기타 전체의 대표값이 아니다.,,N,,,2030-12
WONG_A_0039,Wong 2019,Genitourinary,,,P2,Approval,0.297,cumulative,path-by-path direct cumulative (식 3.3 계열: 승인에 도달한 개발 경로의 직접 비율. 단계별 conditional의 곱이 아님),475,reported total paths (해당 단계 Table 표기값). 누적확률의 실제 유효 분모와 동일하다고 확정할 수 없음,2000-01-01~2015-10-31,p.279,Table 2,yes,hold,"industry-sponsored, all indications. Trialtrove+Pharmaprojects 기반. Lead indications 표와 구분한 상단 표. 원문 therapeutic group.",시험 성공률이 아니라 개발 경로의 단계 전환율이다. 누적확률은 표의 단계별 확률을 곱해 재현할 수 없다. BUYO 기타 전체의 대표값이 아니다. 표의 단계별 확률을 다시 곱해 이 값을 재현할 수 없다.,,N,,,2030-12
WONG_A_0040,Wong 2019,Genitourinary,,,P1,Approval,0.216,cumulative,path-by-path direct cumulative (식 3.3 계열: 승인에 도달한 개발 경로의 직접 비율. 단계별 conditional의 곱이 아님),757,reported total paths (해당 단계 Table 표기값). 누적확률의 실제 유효 분모와 동일하다고 확정할 수 없음,2000-01-01~2015-10-31,p.279,Table 2,yes,hold,"industry-sponsored, all indications. Trialtrove+Pharmaprojects 기반. Lead indications 표와 구분한 상단 표. 원문 therapeutic group.",시험 성공률이 아니라 개발 경로의 단계 전환율이다. 누적확률은 표의 단계별 확률을 곱해 재현할 수 없다. BUYO 기타 전체의 대표값이 아니다. 표의 단계별 확률을 다시 곱해 이 값을 재현할 수 없다.,,N,,,2030-12
WONG_A_0041,Wong 2019,Ophthalmology,,,P1,P2,0.871,conditional,path-by-path conditional (식 3.2: n^(j+1) / (n^j + n_m^j - n_ip^j)),674,reported total paths (해당 단계 Table 표기값). 누적확률의 실제 유효 분모와 동일하다고 확정할 수 없음,2000-01-01~2015-10-31,p.279,Table 2,yes,hold,"industry-sponsored, all indications. Trialtrove+Pharmaprojects 기반. Lead indications 표와 구분한 상단 표. 원문 therapeutic group.",시험 성공률이 아니라 개발 경로의 단계 전환율이다. 누적확률은 표의 단계별 확률을 곱해 재현할 수 없다. BUYO 기타 전체의 대표값이 아니다.,,N,,,2030-12
WONG_A_0042,Wong 2019,Ophthalmology,,,P2,P3,0.607,conditional,path-by-path conditional (식 3.2: n^(j+1) / (n^j + n_m^j - n_ip^j)),461,reported total paths (해당 단계 Table 표기값). 누적확률의 실제 유효 분모와 동일하다고 확정할 수 없음,2000-01-01~2015-10-31,p.279,Table 2,yes,hold,"industry-sponsored, all indications. Trialtrove+Pharmaprojects 기반. Lead indications 표와 구분한 상단 표. 원문 therapeutic group.",시험 성공률이 아니라 개발 경로의 단계 전환율이다. 누적확률은 표의 단계별 확률을 곱해 재현할 수 없다. BUYO 기타 전체의 대표값이 아니다.,Corrigendum(20(2):366)에서 Table 1·2의 Phase 2→3 수치가 정정됨. 본문 §4.1(p.277)과 §4.3(p.280)에는 정정 전 값 58.3%가 남아 있다. 표의 정정값을 채택.,N,,,2030-12
WONG_A_0043,Wong 2019,Ophthalmology,,,P3,Approval,0.7490000000000001,conditional,path-by-path conditional (식 3.2: n^(j+1) / (n^j + n_m^j - n_ip^j)),207,reported total paths (해당 단계 Table 표기값). 누적확률의 실제 유효 분모와 동일하다고 확정할 수 없음,2000-01-01~2015-10-31,p.279,Table 2,yes,hold,"industry-sponsored, all indications. Trialtrove+Pharmaprojects 기반. Lead indications 표와 구분한 상단 표. 원문 therapeutic group.",시험 성공률이 아니라 개발 경로의 단계 전환율이다. 누적확률은 표의 단계별 확률을 곱해 재현할 수 없다. BUYO 기타 전체의 대표값이 아니다.,,N,,,2030-12
WONG_A_0044,Wong 2019,Ophthalmology,,,P2,Approval,0.336,cumulative,path-by-path direct cumulative (식 3.3 계열: 승인에 도달한 개발 경로의 직접 비율. 단계별 conditional의 곱이 아님),461,reported total paths (해당 단계 Table 표기값). 누적확률의 실제 유효 분모와 동일하다고 확정할 수 없음,2000-01-01~2015-10-31,p.279,Table 2,yes,hold,"industry-sponsored, all indications. Trialtrove+Pharmaprojects 기반. Lead indications 표와 구분한 상단 표. 원문 therapeutic group.",시험 성공률이 아니라 개발 경로의 단계 전환율이다. 누적확률은 표의 단계별 확률을 곱해 재현할 수 없다. BUYO 기타 전체의 대표값이 아니다. 표의 단계별 확률을 다시 곱해 이 값을 재현할 수 없다.,,N,,,2030-12
WONG_A_0045,Wong 2019,Ophthalmology,,,P1,Approval,0.326,cumulative,path-by-path direct cumulative (식 3.3 계열: 승인에 도달한 개발 경로의 직접 비율. 단계별 conditional의 곱이 아님),674,reported total paths (해당 단계 Table 표기값). 누적확률의 실제 유효 분모와 동일하다고 확정할 수 없음,2000-01-01~2015-10-31,p.279,Table 2,yes,hold,"industry-sponsored, all indications. Trialtrove+Pharmaprojects 기반. Lead indications 표와 구분한 상단 표. 원문 therapeutic group.",시험 성공률이 아니라 개발 경로의 단계 전환율이다. 누적확률은 표의 단계별 확률을 곱해 재현할 수 없다. BUYO 기타 전체의 대표값이 아니다. 표의 단계별 확률을 다시 곱해 이 값을 재현할 수 없다.,,N,,,2030-12
WONG_A_0046,Wong 2019,Vaccines (Infectious Disease),vaccine,감염,P1,P2,0.768,conditional,path-by-path conditional (식 3.2: n^(j+1) / (n^j + n_m^j - n_ip^j)),1869,reported total paths (해당 단계 Table 표기값). 누적확률의 실제 유효 분모와 동일하다고 확정할 수 없음,2000-01-01~2015-10-31,p.279,Table 2,yes,limited,"industry-sponsored, all indications. Trialtrove+Pharmaprojects 기반. Lead indications 표와 구분한 상단 표. 원문은 therapeutic group으로 제시한 감염질환 백신. 모달리티 분류가 아니다.",시험 성공률이 아니라 개발 경로의 단계 전환율이다. 누적확률은 표의 단계별 확률을 곱해 재현할 수 없다. 일반 vaccine 모달리티 값으로 승격하지 않는다. 항암 백신이나 모든 백신 플랫폼에 적용할 수 없다. source_subgroup을 반드시 유지한다.,Wong의 Vaccines는 치료영역 분류이며 모달리티 분류가 아님. vaccine 모달리티 참고값으로만 연결,N,,,2030-12
WONG_A_0047,Wong 2019,Vaccines (Infectious Disease),vaccine,감염,P2,P3,0.5820000000000001,conditional,path-by-path conditional (식 3.2: n^(j+1) / (n^j + n_m^j - n_ip^j)),1235,reported total paths (해당 단계 Table 표기값). 누적확률의 실제 유효 분모와 동일하다고 확정할 수 없음,2000-01-01~2015-10-31,p.279,Table 2,yes,limited,"industry-sponsored, all indications. Trialtrove+Pharmaprojects 기반. Lead indications 표와 구분한 상단 표. 원문은 therapeutic group으로 제시한 감염질환 백신. 모달리티 분류가 아니다.",시험 성공률이 아니라 개발 경로의 단계 전환율이다. 누적확률은 표의 단계별 확률을 곱해 재현할 수 없다. 일반 vaccine 모달리티 값으로 승격하지 않는다. 항암 백신이나 모든 백신 플랫폼에 적용할 수 없다. source_subgroup을 반드시 유지한다.,Corrigendum(20(2):366)에서 Table 1·2의 Phase 2→3 수치가 정정됨. 본문 §4.1(p.277)과 §4.3(p.280)에는 정정 전 값 58.3%가 남아 있다. 표의 정정값을 채택.; Wong의 Vaccines는 치료영역 분류이며 모달리티 분류가 아님. vaccine 모달리티 참고값으로만 연결,N,,,2030-12
WONG_A_0048,Wong 2019,Vaccines (Infectious Disease),vaccine,감염,P3,Approval,0.8540000000000001,conditional,path-by-path conditional (식 3.2: n^(j+1) / (n^j + n_m^j - n_ip^j)),609,reported total paths (해당 단계 Table 표기값). 누적확률의 실제 유효 분모와 동일하다고 확정할 수 없음,2000-01-01~2015-10-31,p.279,Table 2,yes,limited,"industry-sponsored, all indications. Trialtrove+Pharmaprojects 기반. Lead indications 표와 구분한 상단 표. 원문은 therapeutic group으로 제시한 감염질환 백신. 모달리티 분류가 아니다.",시험 성공률이 아니라 개발 경로의 단계 전환율이다. 누적확률은 표의 단계별 확률을 곱해 재현할 수 없다. 일반 vaccine 모달리티 값으로 승격하지 않는다. 항암 백신이나 모든 백신 플랫폼에 적용할 수 없다. source_subgroup을 반드시 유지한다.,Wong의 Vaccines는 치료영역 분류이며 모달리티 분류가 아님. vaccine 모달리티 참고값으로만 연결,N,,,2030-12
WONG_A_0049,Wong 2019,Vaccines (Infectious Disease),vaccine,감염,P2,Approval,0.421,cumulative,path-by-path direct cumulative (식 3.3 계열: 승인에 도달한 개발 경로의 직접 비율. 단계별 conditional의 곱이 아님),1235,reported total paths (해당 단계 Table 표기값). 누적확률의 실제 유효 분모와 동일하다고 확정할 수 없음,2000-01-01~2015-10-31,p.279,Table 2,yes,limited,"industry-sponsored, all indications. Trialtrove+Pharmaprojects 기반. Lead indications 표와 구분한 상단 표. 원문은 therapeutic group으로 제시한 감염질환 백신. 모달리티 분류가 아니다.",시험 성공률이 아니라 개발 경로의 단계 전환율이다. 누적확률은 표의 단계별 확률을 곱해 재현할 수 없다. 일반 vaccine 모달리티 값으로 승격하지 않는다. 항암 백신이나 모든 백신 플랫폼에 적용할 수 없다. source_subgroup을 반드시 유지한다. 표의 단계별 확률을 다시 곱해 이 값을 재현할 수 없다.,Wong의 Vaccines는 치료영역 분류이며 모달리티 분류가 아님. vaccine 모달리티 참고값으로만 연결,N,,,2030-12
WONG_A_0050,Wong 2019,Vaccines (Infectious Disease),vaccine,감염,P1,Approval,0.334,cumulative,path-by-path direct cumulative (식 3.3 계열: 승인에 도달한 개발 경로의 직접 비율. 단계별 conditional의 곱이 아님),1869,reported total paths (해당 단계 Table 표기값). 누적확률의 실제 유효 분모와 동일하다고 확정할 수 없음,2000-01-01~2015-10-31,p.279,Table 2,yes,limited,"industry-sponsored, all indications. Trialtrove+Pharmaprojects 기반. Lead indications 표와 구분한 상단 표. 원문은 therapeutic group으로 제시한 감염질환 백신. 모달리티 분류가 아니다.",시험 성공률이 아니라 개발 경로의 단계 전환율이다. 누적확률은 표의 단계별 확률을 곱해 재현할 수 없다. 일반 vaccine 모달리티 값으로 승격하지 않는다. 항암 백신이나 모든 백신 플랫폼에 적용할 수 없다. source_subgroup을 반드시 유지한다. 표의 단계별 확률을 다시 곱해 이 값을 재현할 수 없다.,Wong의 Vaccines는 치료영역 분류이며 모달리티 분류가 아님. vaccine 모달리티 참고값으로만 연결,N,,,2030-12
WONG_A_0051,Wong 2019,All without oncology,,,P1,P2,0.73,conditional,path-by-path conditional (식 3.2: n^(j+1) / (n^j + n_m^j - n_ip^j)),23672,reported total paths (해당 단계 Table 표기값). 누적확률의 실제 유효 분모와 동일하다고 확정할 수 없음,2000-01-01~2015-10-31,p.279,Table 2,yes,hold,"industry-sponsored, all indications. Trialtrove+Pharmaprojects 기반. Lead indications 표와 구분한 상단 표. Oncology를 제외한 전체 참고군.",시험 성공률이 아니라 개발 경로의 단계 전환율이다. 누적확률은 표의 단계별 확률을 곱해 재현할 수 없다. BUYO 기타와 다르다. CNS·감염·대사·심혈관 등이 모두 포함된다.,,N,,,2030-12
WONG_A_0052,Wong 2019,All without oncology,,,P2,P3,0.557,conditional,path-by-path conditional (식 3.2: n^(j+1) / (n^j + n_m^j - n_ip^j)),14647,reported total paths (해당 단계 Table 표기값). 누적확률의 실제 유효 분모와 동일하다고 확정할 수 없음,2000-01-01~2015-10-31,p.279,Table 2,yes,hold,"industry-sponsored, all indications. Trialtrove+Pharmaprojects 기반. Lead indications 표와 구분한 상단 표. Oncology를 제외한 전체 참고군.",시험 성공률이 아니라 개발 경로의 단계 전환율이다. 누적확률은 표의 단계별 확률을 곱해 재현할 수 없다. BUYO 기타와 다르다. CNS·감염·대사·심혈관 등이 모두 포함된다.,Corrigendum(20(2):366)에서 Table 1·2의 Phase 2→3 수치가 정정됨. 본문 §4.1(p.277)과 §4.3(p.280)에는 정정 전 값 58.3%가 남아 있다. 표의 정정값을 채택.,N,,,2030-12
WONG_A_0053,Wong 2019,All without oncology,,,P3,Approval,0.636,conditional,path-by-path conditional (식 3.2: n^(j+1) / (n^j + n_m^j - n_ip^j)),6296,reported total paths (해당 단계 Table 표기값). 누적확률의 실제 유효 분모와 동일하다고 확정할 수 없음,2000-01-01~2015-10-31,p.279,Table 2,yes,hold,"industry-sponsored, all indications. Trialtrove+Pharmaprojects 기반. Lead indications 표와 구분한 상단 표. Oncology를 제외한 전체 참고군.",시험 성공률이 아니라 개발 경로의 단계 전환율이다. 누적확률은 표의 단계별 확률을 곱해 재현할 수 없다. BUYO 기타와 다르다. CNS·감염·대사·심혈관 등이 모두 포함된다.,,N,,,2030-12
WONG_A_0054,Wong 2019,All without oncology,,,P2,Approval,0.273,cumulative,path-by-path direct cumulative (식 3.3 계열: 승인에 도달한 개발 경로의 직접 비율. 단계별 conditional의 곱이 아님),14647,reported total paths (해당 단계 Table 표기값). 누적확률의 실제 유효 분모와 동일하다고 확정할 수 없음,2000-01-01~2015-10-31,p.279,Table 2,yes,hold,"industry-sponsored, all indications. Trialtrove+Pharmaprojects 기반. Lead indications 표와 구분한 상단 표. Oncology를 제외한 전체 참고군.",시험 성공률이 아니라 개발 경로의 단계 전환율이다. 누적확률은 표의 단계별 확률을 곱해 재현할 수 없다. BUYO 기타와 다르다. CNS·감염·대사·심혈관 등이 모두 포함된다. 표의 단계별 확률을 다시 곱해 이 값을 재현할 수 없다.,,N,,,2030-12
WONG_A_0055,Wong 2019,All without oncology,,,P1,Approval,0.209,cumulative,path-by-path direct cumulative (식 3.3 계열: 승인에 도달한 개발 경로의 직접 비율. 단계별 conditional의 곱이 아님),23672,reported total paths (해당 단계 Table 표기값). 누적확률의 실제 유효 분모와 동일하다고 확정할 수 없음,2000-01-01~2015-10-31,p.279,Table 2,yes,hold,"industry-sponsored, all indications. Trialtrove+Pharmaprojects 기반. Lead indications 표와 구분한 상단 표. Oncology를 제외한 전체 참고군.",시험 성공률이 아니라 개발 경로의 단계 전환율이다. 누적확률은 표의 단계별 확률을 곱해 재현할 수 없다. BUYO 기타와 다르다. CNS·감염·대사·심혈관 등이 모두 포함된다. 표의 단계별 확률을 다시 곱해 이 값을 재현할 수 없다.,,N,,,2030-12
WONG_A_0056,Wong 2019,Orphan drugs—Overall,,전체,P1,P2,0.759,conditional,path-by-path conditional (식 3.2: n^(j+1) / (n^j + n_m^j - n_ip^j)),2084,reported total paths (해당 단계 Table 표기값). 누적확률의 실제 유효 분모와 동일하다고 확정할 수 없음,2000-01-01~2015-10-31,p.282,Table 4,yes,limited,"industry-sponsored, all indications. Trialtrove+Pharmaprojects 기반. Lead indications 표와 구분한 상단 표. OrphaNet + NIH GARD 기준의 희귀질환. 항암을 포함한다. P1 경로 2,084개 중 oncology가 1,245개.",시험 성공률이 아니라 개발 경로의 단계 전환율이다. 누적확률은 표의 단계별 확률을 곱해 재현할 수 없다. 유전질환 전체의 성공확률이 아니다. FDA orphan designation 여부와 동일시하지 않는다. 항암을 가로지르는 분류이므로 BUYO 6개 질환군과 겹칠 수 있다.,,Y,incl_oncology,rare_second_line,2030-12
WONG_A_0057,Wong 2019,Orphan drugs—Overall,,전체,P2,P3,0.488,conditional,path-by-path conditional (식 3.2: n^(j+1) / (n^j + n_m^j - n_ip^j)),1015,reported total paths (해당 단계 Table 표기값). 누적확률의 실제 유효 분모와 동일하다고 확정할 수 없음,2000-01-01~2015-10-31,p.282,Table 4,yes,limited,"industry-sponsored, all indications. Trialtrove+Pharmaprojects 기반. Lead indications 표와 구분한 상단 표. OrphaNet + NIH GARD 기준의 희귀질환. 항암을 포함한다. P1 경로 2,084개 중 oncology가 1,245개.",시험 성공률이 아니라 개발 경로의 단계 전환율이다. 누적확률은 표의 단계별 확률을 곱해 재현할 수 없다. 유전질환 전체의 성공확률이 아니다. FDA orphan designation 여부와 동일시하지 않는다. 항암을 가로지르는 분류이므로 BUYO 6개 질환군과 겹칠 수 있다.,,Y,incl_oncology,rare_second_line,2030-12
WONG_A_0058,Wong 2019,Orphan drugs—Overall,,전체,P3,Approval,0.467,conditional,path-by-path conditional (식 3.2: n^(j+1) / (n^j + n_m^j - n_ip^j)),276,reported total paths (해당 단계 Table 표기값). 누적확률의 실제 유효 분모와 동일하다고 확정할 수 없음,2000-01-01~2015-10-31,p.282,Table 4,yes,limited,"industry-sponsored, all indications. Trialtrove+Pharmaprojects 기반. Lead indications 표와 구분한 상단 표. OrphaNet + NIH GARD 기준의 희귀질환. 항암을 포함한다. P1 경로 2,084개 중 oncology가 1,245개.",시험 성공률이 아니라 개발 경로의 단계 전환율이다. 누적확률은 표의 단계별 확률을 곱해 재현할 수 없다. 유전질환 전체의 성공확률이 아니다. FDA orphan designation 여부와 동일시하지 않는다. 항암을 가로지르는 분류이므로 BUYO 6개 질환군과 겹칠 수 있다.,,Y,incl_oncology,rare_second_line,2030-12
WONG_A_0059,Wong 2019,Orphan drugs—Overall,,전체,P2,Approval,0.127,cumulative,path-by-path direct cumulative (식 3.3 계열: 승인에 도달한 개발 경로의 직접 비율. 단계별 conditional의 곱이 아님),1015,reported total paths (해당 단계 Table 표기값). 누적확률의 실제 유효 분모와 동일하다고 확정할 수 없음,2000-01-01~2015-10-31,p.282,Table 4,yes,limited,"industry-sponsored, all indications. Trialtrove+Pharmaprojects 기반. Lead indications 표와 구분한 상단 표. OrphaNet + NIH GARD 기준의 희귀질환. 항암을 포함한다. P1 경로 2,084개 중 oncology가 1,245개.",시험 성공률이 아니라 개발 경로의 단계 전환율이다. 누적확률은 표의 단계별 확률을 곱해 재현할 수 없다. 유전질환 전체의 성공확률이 아니다. FDA orphan designation 여부와 동일시하지 않는다. 항암을 가로지르는 분류이므로 BUYO 6개 질환군과 겹칠 수 있다. 표의 단계별 확률을 다시 곱해 이 값을 재현할 수 없다.,,Y,incl_oncology,rare_second_line,2030-12
WONG_A_0060,Wong 2019,Orphan drugs—Overall,,전체,P1,Approval,0.062,cumulative,path-by-path direct cumulative (식 3.3 계열: 승인에 도달한 개발 경로의 직접 비율. 단계별 conditional의 곱이 아님),2084,reported total paths (해당 단계 Table 표기값). 누적확률의 실제 유효 분모와 동일하다고 확정할 수 없음,2000-01-01~2015-10-31,p.282,Table 4,yes,limited,"industry-sponsored, all indications. Trialtrove+Pharmaprojects 기반. Lead indications 표와 구분한 상단 표. OrphaNet + NIH GARD 기준의 희귀질환. 항암을 포함한다. P1 경로 2,084개 중 oncology가 1,245개.",시험 성공률이 아니라 개발 경로의 단계 전환율이다. 누적확률은 표의 단계별 확률을 곱해 재현할 수 없다. 유전질환 전체의 성공확률이 아니다. FDA orphan designation 여부와 동일시하지 않는다. 항암을 가로지르는 분류이므로 BUYO 6개 질환군과 겹칠 수 있다. 표의 단계별 확률을 다시 곱해 이 값을 재현할 수 없다.,,Y,incl_oncology,rare_second_line,2030-12
WONG_A_0061,Wong 2019,Orphan drugs—All except oncology,,전체,P1,P2,0.815,conditional,path-by-path conditional (식 3.2: n^(j+1) / (n^j + n_m^j - n_ip^j)),839,reported total paths (해당 단계 Table 표기값). 누적확률의 실제 유효 분모와 동일하다고 확정할 수 없음,2000-01-01~2015-10-31,p.282,Table 4,yes,limited,"industry-sponsored, all indications. Trialtrove+Pharmaprojects 기반. Lead indications 표와 구분한 상단 표. 위 Orphan에서 항암 적응증을 제외한 하위집단.",시험 성공률이 아니라 개발 경로의 단계 전환율이다. 누적확률은 표의 단계별 확률을 곱해 재현할 수 없다. 비항암이라는 조건을 저장·검색할 수 있을 때만 참고값으로 사용한다. 조건을 구분할 수 없는 화면에서는 hold로 운영한다.,,Y,non_oncology,rare_second_line_detail,2030-12
WONG_A_0062,Wong 2019,Orphan drugs—All except oncology,,전체,P2,P3,0.5920000000000001,conditional,path-by-path conditional (식 3.2: n^(j+1) / (n^j + n_m^j - n_ip^j)),480,reported total paths (해당 단계 Table 표기값). 누적확률의 실제 유효 분모와 동일하다고 확정할 수 없음,2000-01-01~2015-10-31,p.282,Table 4,yes,limited,"industry-sponsored, all indications. Trialtrove+Pharmaprojects 기반. Lead indications 표와 구분한 상단 표. 위 Orphan에서 항암 적응증을 제외한 하위집단.",시험 성공률이 아니라 개발 경로의 단계 전환율이다. 누적확률은 표의 단계별 확률을 곱해 재현할 수 없다. 비항암이라는 조건을 저장·검색할 수 있을 때만 참고값으로 사용한다. 조건을 구분할 수 없는 화면에서는 hold로 운영한다.,,Y,non_oncology,rare_second_line_detail,2030-12
WONG_A_0063,Wong 2019,Orphan drugs—All except oncology,,전체,P3,Approval,0.6629999999999999,conditional,path-by-path conditional (식 3.2: n^(j+1) / (n^j + n_m^j - n_ip^j)),172,reported total paths (해당 단계 Table 표기값). 누적확률의 실제 유효 분모와 동일하다고 확정할 수 없음,2000-01-01~2015-10-31,p.282,Table 4,yes,limited,"industry-sponsored, all indications. Trialtrove+Pharmaprojects 기반. Lead indications 표와 구분한 상단 표. 위 Orphan에서 항암 적응증을 제외한 하위집단.",시험 성공률이 아니라 개발 경로의 단계 전환율이다. 누적확률은 표의 단계별 확률을 곱해 재현할 수 없다. 비항암이라는 조건을 저장·검색할 수 있을 때만 참고값으로 사용한다. 조건을 구분할 수 없는 화면에서는 hold로 운영한다.,,Y,non_oncology,rare_second_line_detail,2030-12
WONG_A_0064,Wong 2019,Orphan drugs—All except oncology,,전체,P2,Approval,0.238,cumulative,path-by-path direct cumulative (식 3.3 계열: 승인에 도달한 개발 경로의 직접 비율. 단계별 conditional의 곱이 아님),480,reported total paths (해당 단계 Table 표기값). 누적확률의 실제 유효 분모와 동일하다고 확정할 수 없음,2000-01-01~2015-10-31,p.282,Table 4,yes,limited,"industry-sponsored, all indications. Trialtrove+Pharmaprojects 기반. Lead indications 표와 구분한 상단 표. 위 Orphan에서 항암 적응증을 제외한 하위집단.",시험 성공률이 아니라 개발 경로의 단계 전환율이다. 누적확률은 표의 단계별 확률을 곱해 재현할 수 없다. 비항암이라는 조건을 저장·검색할 수 있을 때만 참고값으로 사용한다. 조건을 구분할 수 없는 화면에서는 hold로 운영한다. 표의 단계별 확률을 다시 곱해 이 값을 재현할 수 없다.,,Y,non_oncology,rare_second_line_detail,2030-12
WONG_A_0065,Wong 2019,Orphan drugs—All except oncology,,전체,P1,Approval,0.136,cumulative,path-by-path direct cumulative (식 3.3 계열: 승인에 도달한 개발 경로의 직접 비율. 단계별 conditional의 곱이 아님),839,reported total paths (해당 단계 Table 표기값). 누적확률의 실제 유효 분모와 동일하다고 확정할 수 없음,2000-01-01~2015-10-31,p.282,Table 4,yes,limited,"industry-sponsored, all indications. Trialtrove+Pharmaprojects 기반. Lead indications 표와 구분한 상단 표. 위 Orphan에서 항암 적응증을 제외한 하위집단.",시험 성공률이 아니라 개발 경로의 단계 전환율이다. 누적확률은 표의 단계별 확률을 곱해 재현할 수 없다. 비항암이라는 조건을 저장·검색할 수 있을 때만 참고값으로 사용한다. 조건을 구분할 수 없는 화면에서는 hold로 운영한다. 표의 단계별 확률을 다시 곱해 이 값을 재현할 수 없다.,,Y,non_oncology,rare_second_line_detail,2030-12
